model_id,variant,evaluable,control_ACVS,control_IPNS,control_PCL,control_IAT,control_IAH,ACV_mM,IPNS_0.5x_flux_ratio,IPNS_0.5x_ACV_ratio,IPNS_2x_flux_ratio,IPNS_2x_ACV_ratio
0,baseline,1,0.8884913612883897,0.09677984992340913,0.004905585937405151,0.05265540001657366,-2.849711960186883e-05,0.028440295027614332,0.9035713291164177,2.2291785702225955,1.0480694377281536,0.4713574483642851
1,baseline,1,0.8781666861962698,0.10903566246902709,0.003131106362093453,0.04841680542770143,-7.85809555279799e-05,0.038341446755253215,0.8903911363316294,2.293546716737718,1.0537177615129623,0.46393388593019674
2,baseline,1,0.7759677840599167,0.14126931931999714,0.007017872068419245,0.14910178659839762,-5.9317217016677206e-05,0.038381046922856044,0.8598939473517914,2.3419518468683664,1.069394805308866,0.4561426290825242
3,baseline,1,0.5884757322442797,0.40038202931964245,0.002125414716186724,0.032715534560728204,-1.7069881924554984e-05,0.11734782974607569,0.6988363633558539,2.2649215323504643,1.23035712955786,0.44889832118158574
4,baseline,1,0.3289742143796591,0.6618166680196694,0.004756332663234026,0.026457725609862648,-1.728605049104366e-05,0.2978417641298886,0.5945757295274885,2.1849555558232416,1.4652716438648705,0.4462969740243534
5,baseline,1,0.4003683524173721,0.5570773548591432,0.0037087136979201464,0.08392138468142302,-0.0003052160835869018,0.24677475894039932,0.6324473945595646,2.1600519949784003,1.3566589558673512,0.4584625505200051
6,baseline,1,0.6433545189179722,0.33346669773817533,0.0016866124119122696,0.0416498570726037,-2.525064565078002e-05,0.13055022308353373,0.725147157649977,2.4244356725724434,1.1762311002120598,0.43047920643546383
7,baseline,1,0.2920020983204307,0.7009926740043472,0.0006027985907271906,0.03795720883917174,-4.977769968965501e-05,0.45565908545436395,0.571091288501649,2.579460283284625,1.449370222081952,0.3470549008727344
8,baseline,1,0.3106523137650544,0.4957156626720102,0.023843997016576916,0.24409242030461553,-0.0003854205754342093,0.3212484970418287,0.6242636518710658,2.6333369670519087,1.215640184081618,0.35757673341504764
9,baseline,1,0.49757897685990826,0.48594139459157587,0.0016238203503649079,0.040686801479939305,-3.5451728281864865e-05,0.2181902958212547,0.6400852976177593,2.7140104832097887,1.2586429399294745,0.3695928764743892
10,baseline,1,0.7779338736100828,0.06623614208284685,0.07500933820857406,0.16179888901977565,-0.00020577276740181555,0.03480716345881696,0.9301140088546132,2.2542389703728087,1.031976042106887,0.4696465907438493
11,baseline,1,0.33876173076934574,0.5283234441709894,0.03523647768255,0.17677877266500108,-4.8171033425607805e-05,0.3500468579955024,0.6174781428782202,2.713223114489935,1.2601265428957567,0.345593193874067
12,baseline,1,0.30666985585804374,0.6899317151299084,0.0015008910404205205,0.010078893962441667,-5.003252354444078e-05,0.44598345139264745,0.5811740601193418,2.3173877763325064,1.4764313301774674,0.40932839337697563
13,baseline,1,0.8525730065432778,0.14284249281321634,0.001457109396715639,0.029316536507839566,-5.63175451731171e-06,0.028832704107395846,0.8720677532876393,2.0630656794770803,1.0755836943867227,0.4906746492728046
14,baseline,1,0.5055024849176306,0.3329733495675515,0.0701641638946082,0.19298389364352272,-0.0005127609108963701,0.18475503986649433,0.7194684591911096,2.4287550869074805,1.1675262768304513,0.4239505562919063
15,baseline,1,0.824658513978327,0.1723708800733233,0.0015251509718355984,0.01176599415595077,-2.8899943908064797e-05,0.08119758066205128,0.8247406343681745,2.5913027626227443,1.0822877710087893,0.43052619215254556
16,baseline,1,0.9285862482342935,0.0705618623392234,0.00019618687973824752,0.0071717764729640416,-6.00714566580279e-06,0.032445049506142104,0.925323077029931,2.312694194720605,1.034052385342966,0.4643493840124982
17,baseline,1,0.5793190118031902,0.4185841111575406,0.0002163984266540113,0.010148551979114101,-1.8617248865155058e-05,0.12253355211150663,0.7005982207890599,2.072708092848315,1.2584795592133629,0.4842842521194755
18,baseline,1,0.8842758203694664,0.10491967754189797,0.0029802850411974084,0.05133173134014904,-0.00010544035527202014,0.026728767318502586,0.8957749992060169,2.246236026720686,1.0521218935957433,0.46914949107409176
19,baseline,1,0.8584308381946281,0.13826584164161493,0.0004161046669101005,0.018423687675872606,-1.0630052181195285e-06,0.050372006681156954,0.8683148913466543,2.2282049549655425,1.070068992056533,0.46961890343085944
20,baseline,1,0.6553681000733969,0.3055749347988236,0.01080802787156339,0.12134126869876537,-0.0011905778322560514,0.06727813106651265,0.7563085871353583,2.152276244419039,1.1716962445119745,0.4725544075107583
21,baseline,1,0.3498926940188389,0.6472166550499677,0.0003621520972745438,0.028246415050829192,-0.0002477345528941205,0.36695427081807386,0.6007937298155165,2.1589326862959055,1.454764806560311,0.45461062534047164
22,baseline,1,0.6392437545748999,0.33128322327590204,0.005018775005985419,0.05580367310964369,-4.345202004203506e-05,0.12569108838634008,0.7008276017204073,2.9950361528301364,1.1540757612699726,0.36875058806910266
23,baseline,1,0.42678868173486967,0.5711211135316765,0.0002954504930640229,0.01084341482956661,-1.3018498824873304e-05,0.24509169828763228,0.6233025622958004,2.2940949992027138,1.3635210155361306,0.4289106061325921
24,baseline,1,0.5592837120726989,0.42702791439585397,0.0010311255465186922,0.033140274913479414,-2.5408798033654565e-05,0.2643107332748472,0.6599161293447571,2.8510308663156674,1.213611357220677,0.3647338483252638
25,baseline,1,0.6208279872145662,0.3690458735219645,0.0005399069596937223,0.045834340830378115,-7.684596284613926e-06,0.09041971273673301,0.7226744818275587,2.127633544391785,1.2172474937647875,0.47484456524374646
26,baseline,1,0.5357374212339613,0.42709193988440597,0.007224594144580416,0.11837714733679305,-0.0003983195191553715,0.15113339124537092,0.6846968955456032,2.281254429832621,1.247641291974257,0.4431063140252988
27,baseline,1,0.6916485750507276,0.30636318913677524,0.0005440548216971958,0.021589450327687155,-1.999399312446901e-05,0.1216821108522538,0.7446564433552904,2.36318808174738,1.1633040461178128,0.44187792015641514
28,baseline,1,0.4997765534977932,0.48978572705524887,0.001659469049687208,0.03734537696156176,-2.992930216330418e-05,0.30678327798016897,0.6408735048985986,2.656927562224268,1.265979794834406,0.37728431832233034
29,baseline,1,0.26049633679265066,0.1417826590535791,0.03244071529972658,0.678713358543558,-1.8179376162022107e-05,0.11517633571460076,0.8247570305520423,2.4415378884781638,1.0574454577762855,0.42703364675756256
30,baseline,1,0.8698637520605674,0.1279591360056458,0.0008181119459327118,0.011102665571066105,-1.0954506092251044e-05,0.032511824493483825,0.8745172964824875,2.283303709901024,1.0637443408990654,0.46400261276234545
31,baseline,1,0.5811900444849131,0.3814329451113175,0.02137595144977807,0.05020350361561425,-0.00016560708324465847,0.16531292526154348,0.6927607351090004,2.5639889530415987,1.1987541399817478,0.405502972688621
32,baseline,1,0.5401608609681371,0.4550072409038349,0.0013083777033712654,0.019935321252347902,-3.889947311021886e-05,0.14617525269431333,0.685717354806974,2.025384774447012,1.291863679390237,0.4940836173378425
33,baseline,1,0.1892128193316223,0.8039338293747385,0.002260328241864072,0.02243956161734188,-1.9936617927904483e-05,0.8720900507253014,0.5468808398124374,2.3546711720788793,1.6084283986061187,0.3795939978046949
34,baseline,1,0.1413409391017655,0.8466993788108651,0.006196743341889821,0.03208649079583358,-4.462969061022831e-06,0.9967524912892147,0.535105902468263,2.391761155996571,1.662868566458749,0.3571898842272802
35,baseline,1,0.4778819607953114,0.2605819391126595,0.005906380332340856,0.3433042832281358,-2.771922688890746e-05,0.07562449883877055,0.7624499398318245,2.233817856240073,1.1219775848806477,0.45749528914879317
36,baseline,1,0.40420961764715707,0.5930003243425293,0.0008979276210420335,0.010991174955075582,-2.3479228173466412e-05,0.24300501819880366,0.6281015213941795,1.9910592796262034,1.422447333724951,0.5025466292739952
37,baseline,1,0.6283799573540247,0.2987339104130171,0.01799944846141841,0.11892573626995284,-3.4297616305334383e-05,0.07665873159895253,0.7594662246633996,2.133538336002028,1.1656391040618044,0.47555016583204446
38,baseline,1,0.12231080768642111,0.8772063543170627,0.00018223051388665106,0.006917444806637403,-9.960489110684912e-07,0.9083782091078018,0.5319021346759402,2.0537992545834345,1.7733741231489104,0.4777636811385502
39,baseline,1,0.5169170172494073,0.4721254341736419,0.004262093999672306,0.0352772066848003,-4.87389670473874e-05,0.15002451999347016,0.6762387527940782,2.049758834906414,1.303447303378977,0.48822876900608725
40,baseline,1,0.28003572469752963,0.7182086405696635,0.0003416384149206819,0.017002308924790557,-2.097494478379186e-05,0.5901934671612112,0.5649150052593302,2.632393672810445,1.459255272792908,0.33282163852178215
41,baseline,1,0.27222294776336003,0.7239446992090743,0.0028039711349852154,0.018697489005807713,-2.636632921301287e-06,0.3736488722880459,0.5733340148559847,2.21790075696707,1.5310496568303031,0.4318841554762613
42,baseline,1,0.7469321100865,0.22811747055421927,0.005081610843278983,0.05109750728369165,-2.328485377728676e-05,0.08364807057616513,0.7776400947062354,2.7030624196427517,1.1086126847470175,0.4129429096713713
43,baseline,1,0.5604060041746648,0.4367475638336782,0.001332412698569507,0.023641892557830408,-6.366987857358995e-05,0.1335721319869628,0.6774205970812494,2.3450677784028957,1.2512390448075048,0.432685162823603
44,baseline,1,0.7797020892933014,0.19746159703305413,0.0020325042963794606,0.06017543290739628,-0.00016132828613322017,0.06427853223356114,0.8028303945975621,2.642925746999552,1.0941080497849425,0.42250534488364516
45,baseline,1,0.2658393297911525,0.6939981157892205,0.009439387883355608,0.06298512920104095,-8.494843239400932e-05,0.39529933338040313,0.5794277630358977,2.249070088591426,1.4590495359832862,0.42347513554803445
46,baseline,1,0.6883725822817629,0.30049687144272075,0.0024607857542473786,0.024922548827190128,-7.482063694812969e-06,0.08624790594612272,0.7620590323740627,2.109330959754087,1.1707537654751583,0.4802371975466783
47,baseline,1,0.2972284922643075,0.7011835363342828,0.0007819351334556051,0.010312496345504798,-2.1922398028025742e-05,0.34679401181304165,0.5837934962333861,2.116288163166125,1.5209369704810265,0.4635456911985119
48,baseline,1,0.4700573839323775,0.5261107605519225,0.0006137767506682081,0.01456657736590346,-1.58587285954122e-05,0.2566489572040975,0.6263741223352289,2.663852398207039,1.2913199513607878,0.37015555919178084
49,baseline,1,0.25480593418241076,0.6081601696398553,0.012352408364737055,0.19539123886393303,-6.211154540871956e-05,0.33157560533092645,0.6003208002468363,2.229773007752724,1.3211571609850672,0.4308127601802101
50,baseline,1,0.24268813448123785,0.7550348626789745,0.00020837554874620146,0.011146208204705648,-2.1605635628498445e-06,0.6173811903133042,0.5587424907597718,2.4381478259406606,1.5314164533553603,0.3676979826968738
51,baseline,1,0.7356851366692356,0.1970981762812436,0.0033593088014658083,0.12887230804755015,-2.158554492831943e-05,0.08821257269647344,0.7949238291680605,2.809617734984221,1.0905124182093349,0.40726932998355814
52,baseline,1,0.5508378757083962,0.4442127968241646,0.0013232650429881453,0.03099961868099487,-0.00012694831018070324,0.16115219924128246,0.6846479404769261,2.1362615870262514,1.2731830704368616,0.4703870224700761
53,baseline,1,0.4382230836185772,0.5596618227680926,0.000275603506630666,0.012278860304408477,-7.722163332665022e-06,0.21603095548956416,0.640784206643164,2.006868750449431,1.3875806045764802,0.49814362064179385
54,baseline,1,0.8822486083307314,0.0876391299492666,0.0024956357929207186,0.06600167048037724,-7.203658100222083e-05,0.03941027800761386,0.9102699468192386,2.2728717765615136,1.0429081971224428,0.4671509379507233
55,baseline,1,0.6414307166902872,0.355720473665774,0.0008754625026597354,0.01995297440473203,-9.858981675423866e-05,0.09041109158593595,0.7315832323845523,2.0989812077100676,1.2096983107337747,0.48063691195798297
56,baseline,1,0.2638560567182252,0.1716949024612771,0.013530865716306283,0.6361435310788794,-0.0005510150624256961,0.08867147171432017,0.795517126925889,2.147388066082538,1.0659283784329612,0.47037064369812537
57,baseline,1,0.9487481052833013,0.04305604501802892,0.00041741093590063754,0.029096030952585145,-2.43415107977787e-05,0.01601796111356925,0.9557939333829427,2.1553432447285017,1.0211978130720756,0.48136357272122593
58,baseline,1,0.4457395771926298,0.4955026052359481,0.0029596676266331083,0.09985425103081653,-0.00012603506944676974,0.15107406012677585,0.6511963759980727,2.277439091877134,1.2886582153097819,0.4367538273049107
59,baseline,1,0.48329939970119457,0.4631272682384055,0.005556522632354016,0.1261323639457697,-5.886478962760989e-05,0.13445097383381197,0.6708919926565097,2.201904678994213,1.2784092132182812,0.454832969397295
60,baseline,1,0.2990820593622109,0.6982372216623816,0.0009093853762976312,0.02189199510887481,-8.028766528769586e-06,0.3874129753751907,0.5850523506278902,2.1079979699547216,1.5188265947520485,0.4661413747231266
61,baseline,1,0.9803018992662933,0.017204976399205547,0.0011920042234520314,0.016147379248720048,-6.199584999406695e-06,0.01036336522033234,0.9815677635934407,2.186390140750957,1.0083153001079765,0.4789768654665361
62,baseline,1,0.5672696886027544,0.4140958761769233,0.0008870409290148564,0.05313314829802119,-9.38993147766129e-06,0.17460236732606801,0.6804242281522407,2.502083983635687,1.2246026755042165,0.410438106158909
63,baseline,1,0.5653543098152601,0.4273818125077202,0.0006541752810455483,0.033182601367256745,-0.00023457373940111777,0.16820778272477901,0.6627688904978396,2.7782951476356854,1.218116098831465,0.37351650577331075
64,baseline,1,0.2309092000690707,0.7591017582616681,0.0021745924853046284,0.03175771502135246,-2.7559837329417816e-05,0.4283117751591137,0.5663380796876557,2.06255372113418,1.5980529404966073,0.47806643452036607
65,baseline,1,0.9063507889174791,0.0789709028505478,0.0004999063293410161,0.04864014040193329,-7.419585803905859e-06,0.03228719331576458,0.9130667551258917,2.453873658287307,1.0372461874282266,0.45126048970603594
66,baseline,1,0.7406137557265905,0.24315577641563096,0.005555938520900781,0.046991505535959745,-1.2291864536761216e-05,0.08768376766841866,0.7579175623963166,2.9218025316401754,1.111996224288411,0.3925314635995953
67,baseline,1,0.5270192177246825,0.45810768665238644,0.0007189247208105492,0.032093564622609205,-1.6001990505510511e-06,0.18171174598610323,0.6644867138702435,2.403306979327318,1.2611755243434923,0.4202223272912086
68,baseline,1,0.8034540700173227,0.18538654368063726,0.003358263885771533,0.02853729969860342,-2.9901963929636256e-05,0.08890826189606982,0.8194318252791707,2.4822766791388085,1.0908163654076537,0.4390862416220534
69,baseline,1,0.725164325560119,0.2741062483722199,0.0003158204931774895,0.005542221510393769,-9.844157760495772e-06,0.08211092366278887,0.775033533672306,2.1661050646713296,1.1512876531605867,0.4720651233837938
70,baseline,1,0.6159703628157907,0.03829549267715083,0.04721108346354894,0.3844917786535701,-0.0001635939796768306,0.028872048509599645,0.9528511150980838,2.4857232841262613,1.0172454486440314,0.4505609116390017
71,baseline,1,0.31773980243961825,0.6701479372278741,0.006288435597200857,0.02802191871175824,-6.697520193039514e-06,0.43151378725702133,0.5718397094046378,2.942057492901638,1.3731153491478818,0.29168295166460045
72,baseline,1,0.34665032854904576,0.5596126427918521,0.011162795609843745,0.1648785755972592,-5.8089920606048187e-05,0.20265992133307953,0.6248798579553126,2.2459366802926723,1.3358076959133176,0.43525686289319704
73,baseline,1,0.07789139411837848,0.02958639386183344,0.17822140171618028,0.7715675437814692,-0.000199623910029807,0.14857492661625776,0.9496707867334264,2.7054898275020833,1.0114198643994001,0.4068405797893343
74,baseline,1,0.7381007162467618,0.2584512312815144,0.0001572029696432372,0.018323152987614444,-7.37584958163022e-06,0.1147208269799143,0.740515355719716,3.0966174235645223,1.1161725973840615,0.37706935577194667
75,baseline,1,0.14798365720155696,0.14520242677718892,0.30655631658138444,0.45832531979451396,-2.349246957702271e-05,0.2896688981603509,0.7311246212152186,3.0982978357637676,1.039753228413456,0.32397072707756586
76,baseline,1,0.14859462911524265,0.8442173872157198,0.001658778036448878,0.030639492487267182,-1.0017262677592942e-05,0.7710451418261481,0.5394213357850968,2.1491418609864414,1.7042671579336144,0.44228868496012935
77,baseline,1,0.8477556025283304,0.14245952843509718,0.004046311235111994,0.021211470948318777,-4.340132250167086e-06,0.061335980820455126,0.8579127770729106,2.3882039765084917,1.069842087746894,0.45214073683639855
78,baseline,1,0.6083174198190524,0.38942237907800104,0.0004310980790867746,0.020445570369864472,-6.393729857052519e-06,0.14543545480033793,0.6904088940509922,2.5498878773656135,1.2065752880165355,0.40815109050699344
79,baseline,1,0.6600343551085465,0.3300335419757986,0.002262680778689055,0.031167466041122843,-2.5543814653164327e-05,0.0826434009006537,0.7496166578098467,2.033418124728388,1.1953408748419823,0.49344094466142113
80,baseline,1,0.2629306308185913,0.7226180029458118,0.007403288233493959,0.029328411477441276,-6.166525677377605e-06,0.40319049199726686,0.569629176019897,2.360071190727934,1.502887250831248,0.3922081690223419
81,baseline,1,0.3275461159554453,0.6548366383548366,0.00702748034366713,0.025292684207225198,-3.125935523172514e-06,0.4842862407107241,0.5830441916186341,2.6217528529733345,1.3923931895742376,0.3480941334846326
82,baseline,1,0.4411419650144239,0.5447988563831813,0.004319109541717317,0.0340913793942528,-7.865725669013656e-06,0.186946984425039,0.632103106670137,2.319101479153714,1.3365837455519758,0.4258139614446154
83,baseline,1,0.8004968239784788,0.19802057823767932,0.0008085315538712838,0.00800137305175464,-6.74320019313874e-06,0.06038843736926221,0.8068419539010437,2.5495218375059827,1.0962829346957734,0.4314849319587968
84,baseline,1,0.8323079907260449,0.0938760163360973,0.005276646811313014,0.17625227128004112,-7.68793006120101e-06,0.04101826943729181,0.8976424400231715,2.4770663791628316,1.0442488202375804,0.4475149930382325
85,baseline,1,0.7118323210073422,0.2173790276903649,0.0034421134359913187,0.17485398326646692,-1.6204187252958466e-05,0.07185257915231405,0.7941922062510837,2.505762135214501,1.1068447829839079,0.43200962593133835
86,baseline,1,0.7586014581317997,0.24016374232750656,8.093420300648445e-05,0.010582449734202378,-1.2084765601182093e-05,0.06932119834550922,0.7873849295503237,2.340732336911637,1.1245422802105773,0.45007950039631917
87,baseline,1,0.6243599668666024,0.3530544079121201,0.006302268550147062,0.055508602917132735,-2.021543669185626e-05,0.1010031947922464,0.7330962584962554,2.089528515346401,1.2076796583740634,0.48228972175123597
88,baseline,1,0.8740151888816237,0.12439056489029052,0.0006445378336427024,0.006584313223562231,-1.0156844754702745e-05,0.04901628392433303,0.8731930879768356,2.391775444257946,1.0604942987213446,0.453256996731293
89,baseline,1,0.40256867838155097,0.2729342462178185,0.007475952322277025,0.4347028500001572,-0.00045718831052502857,0.1268731508235862,0.7475908928029453,2.3143190583861903,1.1253340371040368,0.4407935541459219
90,baseline,1,0.7424122604982752,0.2202842707024501,0.005279149364309658,0.1252709302559858,-8.76641489174841e-06,0.07672322654120028,0.7784506994109496,2.8174515616786397,1.102452702857773,0.4039298778100382
91,baseline,1,0.6633847752346262,0.32088052439427056,0.00421581249592685,0.032945527449736264,-0.00012132207691167489,0.14356365588461723,0.713440685803587,2.8373524815624744,1.154154024981245,0.3861056676318567
92,baseline,1,0.678706460828349,0.30034810550577984,0.012990093905932226,0.048960164220618434,-6.961826348495534e-06,0.1360685338541178,0.7404237055870997,2.512327547000157,1.1536659607302138,0.4232426424921426
93,baseline,1,0.4749878887586998,0.2048525110670666,0.02315866681517,0.3614284429170177,-0.0004141658135901195,0.07502317463199348,0.7853207709769991,2.358774931750938,1.0840404967837873,0.4429442471471626
94,baseline,1,0.3564094722371205,0.5335360264380048,0.023877048730916287,0.19061997062723685,-6.826116406040234e-05,0.25566276266852833,0.635080963893775,2.247960822898966,1.3168774631250324,0.4364479091038056
95,baseline,1,0.4138304119098026,0.5849817327181732,0.0001022749410639188,0.01686226144412032,-9.497224371993013e-05,0.29799104226561535,0.5941331689413525,3.061280789076232,1.2999247723909433,0.30375935655145114
96,baseline,1,0.623250073598682,0.15316134115142283,0.02134729183887666,0.31707206249481673,-6.929600459510989e-05,0.05906491367574054,0.8379239838935362,2.5277636641421957,1.0708431514670913,0.43367324663147566
97,baseline,1,0.7643207986575609,0.21036862091128639,0.004343085831783276,0.08299912129709486,-3.8741078976361286e-05,0.09454798931866007,0.8018988745672981,2.4608333322669416,1.1045636478781646,0.4385435925856448
98,baseline,1,0.5232928447486137,0.4536244284141826,0.0070116545075827935,0.04210076373219154,-3.342933059610668e-05,0.1724762723846777,0.6749802157587821,2.2199151393631036,1.2711514301667934,0.4528924627078857
99,baseline,1,0.4686216357300158,0.517689568518863,0.0035011078256841515,0.0395288482936733,-0.00024899353816793386,0.2310615827369608,0.6222431922105368,2.8824540495509816,1.2683469743981837,0.34126365486246646
100,baseline,1,0.06117457593706057,0.8839584757962685,0.0023547926433185114,0.15933144277603473,-1.1107906222563918e-05,2.053475827145666,0.5273905455507796,2.123056189012308,1.7427536544885762,0.4450167936588314
101,baseline,1,0.6497304310340749,0.34686226120077307,0.00044571748145398436,0.018894954829736525,-8.506151834133468e-06,0.08920339312050996,0.726731926471702,2.26930925623676,1.1936374965798806,0.45220011596481513
102,baseline,1,0.44828248894603673,0.5420493615753609,0.0010355296150482455,0.035344756407969614,-3.218889314604934e-05,0.1958854086551015,0.6450302088682005,2.0634655734534744,1.3633890527783625,0.4835982062032972
103,baseline,1,0.09881575686881601,0.894189623568145,0.00036856182888173863,0.023692435393885745,-1.013786816295757e-05,1.8291565851927567,0.5254530503266683,2.1929715659118876,1.777202332450275,0.4197726141636104
104,baseline,1,0.5046182304403112,0.40045591428780475,0.004823040238221984,0.1722104287270849,-0.0007835079250501058,0.11964839042923239,0.6981308510841356,2.2050834504862022,1.2264750270873512,0.4571061301408205
105,baseline,1,0.7900902992423793,0.15543102696821348,0.0036502528696887755,0.10103108778027388,-1.190993983897037e-05,0.06643258845775495,0.8295495146693495,2.7928619835302695,1.0708234000560137,0.4155195025706873
106,baseline,1,0.46912896450642655,0.2534185327165348,0.042063663679982204,0.37954596637599225,-3.0089104392554523e-05,0.0951903155847292,0.7821842410663518,2.059828080708785,1.1312778901066418,0.4881480032571198
107,baseline,1,0.34154867397139227,0.1378980367930702,0.054806888693275005,0.5847855255913045,-3.395487602795778e-05,0.12566201017127832,0.8203808485817968,2.823723503986371,1.0541287012569498,0.39391399649610576
108,baseline,1,0.757187741792089,0.1906880109825552,0.015032017922173393,0.1326505509238013,-0.0006089313251127429,0.08072782720784913,0.8024968498096444,2.7666145137938396,1.0884646794012531,0.4122113802922437
109,baseline,1,0.4173179101213135,0.5239231060765415,0.01249631123773763,0.09448248876855196,-2.4774890207784153e-05,0.3830009436581681,0.6216875813622327,2.7706752555589937,1.2722520226916028,0.3488857874453193
110,baseline,1,0.9006588960137366,0.09248526720552602,0.0019743917154628992,0.027323372247676017,-0.00011724989423464926,0.044448625869785506,0.8940895072023812,2.637005414525172,1.0425377315420046,0.4359535804703498
111,baseline,1,0.46680299464720776,0.17988036229149673,0.10749783986062315,0.2986367014525648,-3.337324675502279e-05,0.10994648014462462,0.7664522029446191,3.074283169056578,1.0625841263879823,0.374948179605388
112,baseline,1,0.40220500999002545,0.562224751611363,0.019635339067995652,0.05414640001319871,-0.0001406597034051723,0.2701017626995084,0.62814939128819,2.2271395280801936,1.3569590200591193,0.44264490790564903
113,baseline,1,0.7490357235703069,0.20733304605997008,0.02225380944566467,0.057124227115141736,-0.00016158750164024942,0.11845687893603919,0.7799043666858276,2.9895291991885378,1.0929126067894703,0.3928385283515689
114,baseline,1,0.8043960709656497,0.18271716882076497,0.00097857660962492,0.05692945825896234,-4.1781557053589405e-05,0.08389931853209023,0.7954720481834171,3.098249779774875,1.0804929248478625,0.3914469948611605
115,baseline,1,0.6768106847385581,0.26666709399374805,0.017327008318287686,0.11555149121667885,-7.528587908218716e-06,0.10078825102852824,0.7553301224609591,2.620951129171944,1.1305194693189176,0.41424952979648433
116,baseline,1,0.7443062487754313,0.22634496961633474,0.006524569993129794,0.057691032413418664,-1.1454482763301053e-05,0.07556257493126564,0.7835092632066009,2.600667299930092,1.1097967141072467,0.42255944372784604
117,baseline,1,0.17803835740320367,0.8191600501290525,0.0010379406044298573,0.015664960339279603,-4.250717537695031e-05,0.6970516628315316,0.5432391272526347,2.3330272367352434,1.6350476388394972,0.3837868401487874
118,baseline,1,0.1593589865174671,0.20215976823282322,0.19815674012923976,0.5131471668174293,-4.297975785911061e-05,0.3236500417176967,0.7147607247016594,2.553380611482034,1.0603415582824538,0.3818353556506763
119,baseline,1,0.25125893641718716,0.7443889590451389,0.0006601932609301477,0.02233735476834279,-1.3924171615059805e-05,0.5835507744536638,0.5652007082162556,2.289919556213197,1.5435525267704124,0.4088869594549284
120,baseline,1,0.8277278665138581,0.0946106263696128,0.03433982277013299,0.09921653421464918,-1.220005733887751e-05,0.05144754610655097,0.9000341590927398,2.3716554973726796,1.0453633459257279,0.45676604883012945
121,baseline,1,0.8164067628428326,0.1809468572954124,0.0010171586961684354,0.01411045937679731,-5.0946400991066676e-05,0.045119111081369644,0.8363614749890276,2.201976499487795,1.0942260552405607,0.47090034164678896
122,baseline,1,0.6783297718081474,0.3141562071732406,0.0005523721579644698,0.026171522001416318,-2.4100431832523068e-05,0.09412816715522077,0.751758189991123,2.1510434463099677,1.1779298872100445,0.4728151638699117
123,baseline,1,0.8007947233154091,0.18934183823114556,0.004265884799859226,0.03337925674785459,-2.5870942868550367e-05,0.04402523198390986,0.8378165368911118,2.054203169713764,1.1029119194805843,0.49137105784661245
124,baseline,1,0.532972707562049,0.4550923070069517,0.001347621931924001,0.04501405086773833,-1.0251082563044059e-05,0.18012837339216334,0.6646421299979406,2.4380462717878824,1.2573970710863125,0.4151450230855787
125,baseline,1,0.48810968406031896,0.5064377005559073,0.0013730163605678825,0.016990734832189568,-6.054055448434235e-05,0.17146629682997627,0.6552586484980931,2.1617172604415793,1.3213753426913664,0.4621119511235168
126,baseline,1,0.2656979517731347,0.2938451237978299,0.041475089726089216,0.4941151885121712,-6.071171906530617e-05,0.18948560470424816,0.7007582734862525,2.463996413600051,1.1075497152504221,0.40234124344576166
127,baseline,1,0.23937001699816457,0.7363266521524056,0.007225996374333832,0.06369799382289494,-3.5931841071224177e-06,0.7708940738379554,0.5634141815114788,2.4556908897395644,1.5025403121383718,0.36375446947896506
128,baseline,1,0.296778412589591,0.3792528716965754,0.11073857264047769,0.3007609244011312,-8.819301380405005e-05,0.21482403028463248,0.6703413343426871,2.387033639539983,1.150317089909024,0.41145176253229254
129,baseline,1,0.5097405730705564,0.47984191709261803,0.0006337430706048342,0.036352541879957026,-1.0408065270840901e-05,0.1571117986493663,0.6720547021044563,2.0620569039729855,1.3087087710973575,0.48525839463957016
130,baseline,1,0.4929513728735595,0.5004230097786415,0.0008843206804514835,0.03055011138401044,-2.7247579547289094e-06,0.18820891633265158,0.6498538982046149,2.332249430207501,1.3002309731458495,0.42838574829018716
131,baseline,1,0.13283562763090845,0.8665812500389707,7.560527215429441e-05,0.00836027999307892,-1.286348132219728e-05,0.8169137712479214,0.530835896183899,2.343576826323025,1.706621511818276,0.3705342508211725
132,baseline,1,0.5963540277642602,0.4006268198018648,0.0019931829024672537,0.013252424626120776,-6.85337158395137e-06,0.11480167136699651,0.6992946222836316,2.2571345788923423,1.2313928470895226,0.4504364196245147
133,baseline,1,0.40133031572902417,0.5970334919572783,0.0005363322025071088,0.00725453835547966,-1.0321514644159697e-05,0.34640871508307863,0.6098372035073766,2.397541118510403,1.374676423527031,0.40440292666806815
134,baseline,1,0.11874089688725997,0.33932639456769303,0.1542090566454895,0.5039717120548288,-6.869372656857856e-05,0.4359774610617096,0.6627551382410711,2.4310349024593476,1.1212567377825098,0.3728254020021638
135,baseline,1,0.3863580329586371,0.6007812824541813,0.0028883134228912767,0.05325319076227724,-2.0110652212385776e-05,0.2086384004277151,0.6159375877378547,2.1975640787557484,1.4019758957365651,0.44759868705620226
136,baseline,1,0.47671245102093646,0.48916434432071976,0.017183231659006704,0.04369894938141305,-3.394493131955191e-05,0.33601064518821894,0.634550875815242,2.8089352359050013,1.2511529756806186,0.3546423235700228
137,baseline,1,0.7458218184696919,0.2488197901308273,0.001669535313484949,0.020404049798734468,-3.2376216018549744e-05,0.08848791430781094,0.7839660426634705,2.2961954825823034,1.1309563684292903,0.45500320749160894
138,baseline,1,0.27034925997994,0.7277979038683213,0.00040564282312000673,0.012932954660547578,-1.5998532717052912e-06,0.3908122442684463,0.5743302164726958,2.141499295753145,1.5484255392780524,0.4543237682051592
139,baseline,1,0.24336653183854765,0.5377226803013727,0.05106142720780101,0.2684442721692806,-5.29991540515788e-05,0.363178495024733,0.6119205440631758,2.5129872080305913,1.249394002310587,0.36489156824550145
140,baseline,1,0.21012808614187092,0.12751615643739683,0.14526544568681204,0.6382481592487386,-6.393024010795436e-05,0.11266996484881654,0.8410150006857632,2.3620286975701297,1.0524675529761642,0.4357356168969625
141,baseline,1,0.8976859419787846,0.07471302192669156,0.0022100270063565926,0.0877346766540514,-0.00027137724303479574,0.04368275833733348,0.9127276643689093,2.617730065448311,1.0342379651765174,0.4391244414163636
142,baseline,1,0.6676720155261807,0.3310987786310976,0.00011952254521056896,0.010468701842376412,-6.360068905366929e-06,0.13558907191668781,0.7292527693577449,2.38602311443535,1.1777170951401572,0.43661476313983155
143,baseline,1,0.6379226324750198,0.3155985480299366,0.006292667234829486,0.08737413200319435,-8.380628728542771e-06,0.12049696255688287,0.7325642873911062,2.4689999414955976,1.1629101549154932,0.4257931018064322
144,baseline,1,0.7027290863827411,0.2805563573450625,0.0010696476516179614,0.08274757509558668,-5.10733573941044e-06,0.07612947682347211,0.7665131383168965,2.2455800065601332,1.1519799617637778,0.45971879208491023
145,baseline,1,0.794862615831353,0.16830867185001094,0.001228601867269635,0.09466921403700769,-0.0007142451618535403,0.03796575785484217,0.853623140580302,2.0384783769219776,1.0906777793241633,0.49395771217891893
146,baseline,1,0.17104003575376836,0.8226345210032004,0.0011510874905444552,0.02719726763699079,-3.1194524890035306e-05,0.7658015424579908,0.5413974061388328,2.3900033018010465,1.6289830021229659,0.3649635791767983
147,baseline,1,0.3201387691976775,0.6723226420275213,0.0023517309829701903,0.02847397415858374,-4.323706061903946e-06,0.30074338574266846,0.58436276186876,2.40045746683838,1.4455103288443107,0.3917027923386867
148,baseline,1,0.6054343392360213,0.296322268906824,0.009514573853723157,0.18386441588483596,-1.839211624993127e-05,0.1098581188818714,0.7349733614418092,2.6337334531894836,1.1446502658896855,0.40660739820588154
149,baseline,1,0.6125146680941229,0.38352066937087753,0.0013834119236214104,0.01829820138493207,-1.90487784221735e-05,0.11379333142340828,0.7198440622451564,2.0475425812041617,1.2335738219020986,0.490064882693197
150,baseline,1,0.8081827423654125,0.19127443968985014,8.837785066598238e-05,0.005428185701196129,-5.3804138750823306e-06,0.06404628532993059,0.8027396044139259,2.7550488003654965,1.0892911874448599,0.41454086479914765
151,baseline,1,0.9053906407961085,0.08267485285495078,0.005129663503599429,0.0360018901110911,-7.224320731601592e-06,0.02572783795844443,0.915878768390119,2.2436435540705,1.0406721883061247,0.47048833484110475
152,baseline,1,0.9194156579804215,0.0786199118313894,0.0004857436775698905,0.013050672790742695,-1.0781770102141984e-05,0.04715977648461166,0.9127141442161357,2.478582075201122,1.0369278788266445,0.4493671887038312
153,baseline,1,0.6039650440388911,0.16211256309251668,0.024656167456315783,0.33121784555936046,-8.525240502855619e-05,0.08013399427538327,0.8324130782385286,2.4748579203005083,1.0757958788830642,0.43748869218408154
154,baseline,1,0.7304143741701082,0.252252173370527,0.0007099823289667185,0.07890398057159907,-0.0004863427174100053,0.13029755100961304,0.733613459347542,3.388033110617201,1.1079321821434291,0.3582740958488814
155,baseline,1,0.20517007659705477,0.42131632625579557,0.16338384484672847,0.27576962581698866,-6.66627863856272e-06,0.287942549631548,0.6346861971579938,2.2217692438568766,1.1299219426435616,0.43612881395094366
156,baseline,1,0.7926133285710457,0.20465364949036782,0.0008952979932926157,0.016609749599368912,-1.9355597334539843e-05,0.04654507339677072,0.8255324004981349,2.0826555139180556,1.1113114289491623,0.4868039964260347
157,baseline,1,0.18278382690435843,0.7853701319383434,0.00276974260472705,0.07259438917456604,-3.0995540238771494e-05,0.5758072596077992,0.5526733429187423,2.2645252747306097,1.5822133275220671,0.40719065104138635
158,baseline,1,0.9509826839116474,0.031596795671523195,0.0006888653625025557,0.050308361133080466,-0.00013897060255391337,0.016756835185439946,0.9650667234505829,2.3016456020730875,1.0150235932739164,0.4675254860093733
159,baseline,1,0.5786717053383136,0.4155524075158412,0.001825603317218889,0.01907338056245788,-2.4940090561625448e-06,0.1088068611835664,0.6902010008067333,2.2894221521924765,1.2397413855120993,0.44375824455542884
160,baseline,1,0.32975393850403206,0.65968385880538,0.00101441291259503,0.036707416287208784,-3.2975979834857573e-06,0.3802890412739783,0.5817544011516781,2.642717675565386,1.4006319387914061,0.344173624632462
161,baseline,1,0.6023660022278138,0.39292285471126437,0.0017293679853418145,0.020279682005826104,-7.053561726075716e-05,0.14775317902446622,0.6943676434869729,2.42936212478303,1.21537955109819,0.4241207342280255
162,baseline,1,0.5809405483925811,0.4169815776912187,0.000588712584953378,0.009104689411739789,-1.9590824649250133e-06,0.19773794169454692,0.6753270829734715,2.589355421232365,1.222058888201652,0.3990812265812909
163,baseline,1,0.6771518645116739,0.3144136498513665,0.00080783029560932,0.019981212246820937,-2.1960978376293647e-05,0.11599697309870215,0.7130735978140489,2.9347983308923684,1.147960041255434,0.37878743083179245
164,baseline,1,0.9166953157643276,0.07316826658482418,0.0033262352988958194,0.04084902221955258,-3.474037876210477e-05,0.031783039181510875,0.9221810656326878,2.334584480871867,1.0351951815740046,0.4621127540313701
165,baseline,1,0.1014740193874593,0.031606138072703675,0.16789008063240946,0.7552384077446519,-6.955500188787638e-05,0.060030960902806685,0.9552224465760937,2.1538445328908487,1.013389141821316,0.47529506180441194
166,baseline,1,0.8460064724866454,0.1332632314047602,0.007764453631486497,0.033426992097936134,-4.889671797375006e-05,0.05841535842359617,0.8574157913986653,2.5893720715434347,1.06259974389334,0.43479976194389897
167,baseline,1,0.09853591894655758,0.12395205289197626,0.1469419165951928,0.6972069760670145,-1.4629486408558818e-05,0.30117972529570286,0.7806772075577979,2.3491161726940035,1.0399588822918948,0.419321470853753
168,baseline,1,0.7024043127262286,0.2930441631241335,0.00047353585566683385,0.025592812266341053,-1.0440117065810986e-05,0.07949350544550567,0.7512595821897344,2.388326820076315,1.1541656320700997,0.4396980455556695
169,baseline,1,0.8202580356642566,0.17598846891686937,0.0005026707462253219,0.022387312843797705,-8.078242491146987e-06,0.05919775882531879,0.837842591783552,2.247241394777867,1.090425209884451,0.46549318654704663
170,baseline,1,0.8548693776212781,0.12928317198680117,0.0007213315278723991,0.06815412128302543,-2.9703512185246635e-05,0.03538172795396292,0.8691171108933888,2.3876017903381443,1.0630349368830954,0.45314772835069494
171,baseline,1,0.6848982757206789,0.2903961921823144,0.0020422982252245744,0.0701784321666344,-0.0001058674821300797,0.08243867893935858,0.7438133154758263,2.563892216428873,1.1460819071572395,0.4184348098016103
172,baseline,1,0.49604413630761157,0.4948930721314098,0.0025967716523134267,0.04368244929373242,-1.878949724547424e-05,0.13733522690288033,0.6620855936854205,2.1257981593433892,1.3152865586365128,0.47043527865619533
173,baseline,1,0.09242686881877026,0.057326142561589924,0.1882729029399051,0.7458610147711539,-5.2837460113947366e-05,0.1451512401186147,0.9178087998185039,2.4650135094060244,1.0231804676081784,0.42045306633661134
174,baseline,1,0.8035984823291445,0.19098549344941945,0.0021939664795836656,0.025206282784643295,-5.8181649866301544e-05,0.05478827878819609,0.8200138436136887,2.3822870702254586,1.0958374325919347,0.4490160251271955
175,baseline,1,0.16387365756793185,0.8341928803111032,0.00040607117233320894,0.01900003512581287,-5.776957540699239e-06,0.9703284601269089,0.5375781226304235,2.4494163950982233,1.6351925611356752,0.34528946178392106
176,baseline,1,0.5377594743815476,0.10323180758472619,0.05051655305366414,0.4244346773448619,-0.0005441044050181039,0.03642826667113612,0.8901544861970182,2.2421085542110926,1.0485507532420637,0.46690707770352735
177,baseline,1,0.48787987297759805,0.49465791037246065,0.0005116032815124254,0.07031087636583667,-6.951742373759874e-05,0.21206175359922336,0.6508021827711208,2.364334314937732,1.2924977281080718,0.4225688697538387
178,baseline,1,0.697012842734479,0.2835638707902636,0.0012261268112684974,0.05254160373469409,-2.3814842597757046e-05,0.12885606747593836,0.7173862313948143,3.2867902316278195,1.1239342827166598,0.3572852476444287
179,baseline,1,0.1433881458524942,0.8504163524681907,0.0005935803817173769,0.04308068463904154,-0.0001302772091155778,0.9746264278927028,0.5370636540409915,2.197618206435687,1.7068619696436786,0.4238858543112157
180,baseline,1,0.45968966976964143,0.516509421210683,0.004291402232180427,0.06852647909583469,-5.079240023029769e-05,0.18971681380217767,0.6582401602685785,2.007616826427564,1.34507215048392,0.4980277554421103
181,baseline,1,0.42855605724987794,0.48292428922576136,0.01046977855473649,0.1665918056789712,-1.9005959354832783e-05,0.23318012255244477,0.661125419956388,2.1727610754297215,1.2892043279844996,0.45855197449616025
182,baseline,1,0.36017419554230795,0.36817567188296113,0.10033102908768705,0.26626058790168194,-1.404622383156558e-05,0.13298605616618275,0.694454972936361,2.229942330045422,1.1693035308975577,0.448040821005927
183,baseline,1,0.6601079705890331,0.33857292256215227,0.0005047774146955402,0.007370293019828767,-4.598636048963627e-06,0.13308933374729928,0.7285964693852631,2.319345517124769,1.1856435252488582,0.4453506162501322
184,baseline,1,0.494551971393879,0.49198450973555297,0.000740350144320605,0.05538072742981516,-6.253560094682756e-05,0.2585919255864611,0.6352862447579376,2.789321698244499,1.2582002480935577,0.35877931790265744
185,baseline,1,0.6573177732778678,0.3339862948860343,0.003841423671658349,0.02782510860253766,-6.5226053909708974e-06,0.15566916384136323,0.698646914817606,3.027131397332025,1.1554371999091546,0.3668523069235666
186,baseline,1,0.7895916355346293,0.20070163059273793,0.005184877251975698,0.019516725987429723,-1.894945190829505e-05,0.09777652401704699,0.7956707105093903,2.7508634164021384,1.093992967696206,0.41327053955044873
187,baseline,1,0.6724025347289903,0.22802069686360865,0.004637782870355409,0.18949225092127092,-1.9944988007519406e-05,0.073096376796808,0.7957828470223451,2.297327263163101,1.117041404248597,0.45465017436327054
188,baseline,1,0.5501043958979742,0.4087561372133774,0.0025890942964568765,0.07800782828850811,-1.1677188431801994e-05,0.17706950521433926,0.6811893578556552,2.5159957736294465,1.2177513792187185,0.40789382717159184
189,baseline,1,0.8309566431218154,0.12932596537180532,0.001546728642287696,0.11579417717116229,-9.401111974903944e-05,0.0790155026565319,0.8609605350839419,2.5903117930281203,1.0606447826378826,0.43487812797532166
190,baseline,1,0.607151867951748,0.38581525412705,0.0007830094071006015,0.037525040079453544,-5.9416040266626345e-05,0.206195097434842,0.6824339638045379,2.7733594618620554,1.1934865904426772,0.3816903365182838
191,baseline,1,0.5816605052070135,0.39327876404131834,0.0068805171388106635,0.051141380665649584,-2.4671051415970815e-06,0.17747503994324068,0.6807026461380377,2.716587829275433,1.1994763147444982,0.385571561773334
192,baseline,1,0.514101526018055,0.48464263621044545,0.0005168206993807471,0.014305798497844012,-6.988516101110934e-06,0.14465352771699078,0.6563321316810256,2.3378383303838177,1.28760018407968,0.4292565742134444
193,baseline,1,0.8291432305995142,0.1583134985920091,0.004243938684255653,0.03688867912392431,-5.4741142135343497e-05,0.08945638532279282,0.8242466917735843,2.8813459509109354,1.0715720682031702,0.4098787557223889
194,baseline,1,0.318103679229817,0.6726770119194009,0.0031750090655868098,0.05139025803922277,-5.4015222719598674e-05,0.44919232857958413,0.5866048412467118,2.3236534566348546,1.4572177368165007,0.40960343613914163
195,baseline,1,0.3599520799431591,0.5642790526972888,0.011662099106824059,0.13275771725308347,-8.527554817490163e-06,0.303192243918707,0.6279986917448296,2.1465086143794476,1.353594216807118,0.460177670703386
196,baseline,1,0.4672330432099486,0.34750543501186476,0.04680938623773934,0.2484510591667406,-7.358671717118816e-05,0.21509659379171536,0.7013205307595215,2.609620257654473,1.1655156449602198,0.39510416324926834
197,baseline,1,0.5673099547803805,0.424112143532912,0.0003454835172078586,0.029124730471994185,-1.295664487909805e-05,0.15813002723197053,0.6724870598270285,2.57793496193148,1.2271489168753773,0.39913342823762393
198,baseline,1,0.763828564351677,0.2179993471772033,0.006429144118539439,0.051311461010607455,-1.9581133626720824e-05,0.06824510018694324,0.80284096769055,2.3327876273913715,1.1119215318305034,0.45239419309392986
199,baseline,1,0.785562733906188,0.19268301737593904,0.009094913012477723,0.0318257323379964,-9.005846120051291e-06,0.05529652945043874,0.8212325638196319,2.3229842425620046,1.0977763532836438,0.45530413785182045
200,baseline,1,0.7193613456460669,0.26531489475048775,0.00460883802193777,0.06590255103523632,-3.580980584112502e-05,0.11297387802125655,0.7410310290111071,2.978465596295022,1.1218612532238412,0.3840455031583966
201,baseline,1,0.42606869594640157,0.5460656628131082,0.003084359844253673,0.054740243624044546,-1.1576016949916213e-05,0.231139873688836,0.6363908273425414,2.1870155871299053,1.347397637472724,0.4533742369903027
202,baseline,1,0.7266528727117464,0.09162151000035934,0.03351831855997353,0.25202950066309343,-0.0006016192433897221,0.03379435780049083,0.9029513208691606,2.3329441752614106,1.0437959823317438,0.45986061349970964
203,baseline,1,0.7129253144413681,0.2830234569371006,0.001821398816485049,0.016204164017219552,-4.080565046805336e-05,0.11380630941177412,0.7296748873024193,2.9823904019735488,1.1307428795388106,0.38096882052138636
204,baseline,1,0.7475360032012224,0.23823533473054967,0.00433601019984113,0.04117050088432932,-3.545228483648159e-06,0.07531245345857382,0.7746966774089205,2.6210700499539317,1.1159533295500732,0.41953415677280625
205,baseline,1,0.4798532211123451,0.5164036430548472,0.0023131457250756622,0.013750226190135249,-1.8774773250585057e-06,0.2325394350666201,0.6438933901452351,2.3170513932800945,1.3145220945958922,0.42976334115711995
206,baseline,1,0.8693246556625545,0.12935401364493027,0.0004088029554438291,0.011140680328948166,-2.7958733778884246e-06,0.022469438020810764,0.8796586586191398,2.1334196918084993,1.0667598634655768,0.48149092893250006
207,baseline,1,0.5701895348378211,0.4272771275205199,0.0008953883965029304,0.015861352142805204,-6.488923300645965e-05,0.17176262277766938,0.6868504141170994,2.2463084094361205,1.2515229741676699,0.45045620205751646
208,baseline,1,0.8468231584577156,0.14773165991602913,0.000332087510039892,0.019645893886771328,-4.945643800179789e-06,0.05522862290152624,0.8490865128937033,2.493702587659098,1.0711204664667289,0.4417389749058583
209,baseline,1,0.8375474711617795,0.10286356319348139,0.0015915155031223274,0.1477642747127899,-3.3925738900522695e-05,0.05786894467282862,0.8868788870772452,2.543956355254496,1.048106557703852,0.4412668519945206
210,baseline,1,0.6690548923110473,0.32414293251458337,0.004012760623571059,0.03232021930662956,-4.509989321910631e-06,0.1442632558365017,0.6992850995399202,3.1495035149357733,1.146969551460401,0.3590285643106176
211,baseline,1,0.33471682219009063,0.6596422115062198,0.0009276718134506769,0.027355119477041636,-3.370484500437171e-05,0.3687311093155855,0.5842499588683844,2.5489586524268875,1.4131771618246187,0.36279027228889354
212,baseline,1,0.7271812447980095,0.2714961628018245,0.0004429394777758545,0.010889845130459253,-6.572426299527067e-06,0.0800840352804289,0.7778719352624404,2.1449376662483344,1.150511847685632,0.4754339930497331
213,baseline,1,0.44681687322262686,0.4998125589019955,0.008148711437316894,0.08581111822976244,-6.440672890852469e-05,0.2369078288403606,0.640943103271311,2.4860878144227665,1.2762530177558677,0.3981748069408185
214,baseline,1,0.9285088282726791,0.06557713432821435,0.0014953201567468235,0.030405474263203364,-4.571794973000411e-06,0.01415431167469114,0.9364292640220833,2.0753847666002145,1.0332520482857082,0.49013505946209257
215,baseline,1,0.5982906582135397,0.3977583228613733,0.001079102257228985,0.013244622896794194,-2.5218778652370786e-06,0.16668523262030932,0.6698479150479396,2.943997443207348,1.19287871210821,0.36174107463290417
216,baseline,1,0.9209190994396451,0.04539186550050087,0.005885333729679116,0.10265498936307692,-0.00010637973042519725,0.012760683564049701,0.9533203952105499,2.1643054407571762,1.022321810314236,0.4802908645596095
217,baseline,1,0.33306744173688496,0.6329397442164141,0.003154967798293532,0.09765967974889309,-9.363852136563589e-05,0.29463783197870197,0.6042150134053338,2.1793452470558003,1.4321283581747095,0.4487599600729622
218,baseline,1,0.8948775481686042,0.07387529211308413,0.0012695271925234018,0.10502595020267241,-6.814396684756491e-05,0.03099740654683957,0.9253964819603419,2.1969925281086864,1.0365497789733995,0.47575460246548956
219,baseline,1,0.3013315363731145,0.6821862575111809,0.0007940616400979304,0.056346528811493046,-5.5917982479035675e-05,0.35343197880273025,0.5812321697999627,2.3987457756771966,1.4548705560407467,0.3893887898244708
220,baseline,1,0.22231151027959198,0.762664566880688,0.0007135868018177924,0.040588866718198995,-3.59899776584852e-05,0.3664507430064355,0.5628076231145737,2.1451177461369446,1.5854265110275438,0.4499822374564239
221,baseline,1,0.8747832004366561,0.09943271931668306,0.002096601971386393,0.0617673980078391,-1.1565523569474461e-05,0.030906886380794217,0.9041489415957651,2.1447409016980785,1.0503735287494864,0.48086439648984125
222,baseline,1,0.46106060746321975,0.5271402867451028,0.0047559830007183985,0.02664051217854379,-7.328170647845929e-05,0.18484339565086358,0.6435311418398117,2.221017653201577,1.3320926956424068,0.4478407647321146
223,baseline,1,0.16760542331487593,0.8303132106024218,6.937746185331881e-05,0.013682489252229117,-1.7185233614273748e-05,1.052940880871058,0.5408803837636958,2.2962576761518942,1.6583563849539158,0.3934890989586591
224,baseline,1,0.7901556456578585,0.08411122018352292,0.04819048963276259,0.16149686153939538,-0.00012060607000787896,0.059638873410493544,0.9054281900240234,2.5088473849549375,1.039069688885635,0.4453637818898588
225,baseline,1,0.9066471504804587,0.0782897917446952,0.0007358894555458924,0.04144744214397763,-4.217004805224832e-05,0.04565870653834287,0.9084963657053327,2.6361582860394654,1.0358277439661965,0.43754727825174483
226,baseline,1,0.697957912038463,0.1339693343290014,0.04733476308316853,0.19450966788614094,-5.40600202037098e-05,0.06959428908716893,0.8441253820341138,2.814042777619301,1.0590395692926897,0.4144738857097979
227,baseline,1,0.8124506374030219,0.17422764299187982,0.0005644879007761146,0.055134333285480244,-2.703936716940972e-05,0.056379786108394045,0.8353591254584027,2.326093815769436,1.0878091949440307,0.4563313590156366
228,baseline,1,0.10329726161264396,0.8226140006435234,0.0013620712651669403,0.1440094704090248,-4.703126186203937e-05,1.4353961632477938,0.5404600313031468,2.194357169066819,1.5810642163082347,0.42086986200705995
229,baseline,1,0.6747124302095212,0.17447051787983578,0.007104367051851225,0.23171870034683104,-5.461218455597095e-05,0.039731897194640334,0.8413720010529515,2.12275761618789,1.0899389806197746,0.48084625028261224
230,baseline,1,0.6447624523072157,0.3537376156519175,0.00034524797037106835,0.020106697121894522,-5.601455763913162e-05,0.13599502330185628,0.7194145143503355,2.336473864774899,1.1946679281854162,0.4415941082725757
231,baseline,1,0.33289532907273656,0.6531485422272135,0.000530646030315362,0.05522277371218082,-1.3093031846430322e-05,0.3688530356687373,0.5989032318865916,2.1474091949580276,1.4613874906182034,0.45689123990902836
232,baseline,1,0.334296959340336,0.6352788457625456,0.0015864135847143599,0.07001000623128949,-2.114896030551029e-05,0.34330185082187964,0.6030201976877246,2.1796527629376032,1.431539126413544,0.44867846772860853
233,baseline,1,0.5313607998270486,0.420637969513095,0.0010183305816994425,0.10148992181019954,-0.0007964576996493729,0.2719813033690538,0.6629996065738746,2.829351218248789,1.2087478077954885,0.36541914072930093
234,baseline,1,0.6920249185687509,0.2912648622158196,0.00044695453983037035,0.05068230840348058,-9.264508464194015e-05,0.15736130483918906,0.7283223248969233,2.8956005092383164,1.1369371698673427,0.3860518873249739
235,baseline,1,0.18356421808602935,0.8135723741088884,0.0006845696713550277,0.010885025726857477,-4.763058691835411e-06,0.7374481240517758,0.5407235236819796,2.5868639126696156,1.5788206184245568,0.31429234909704995
236,baseline,1,0.8199447680138313,0.17824545294860691,0.0004385598481335069,0.011308729822762938,-1.4370832840726178e-05,0.04912901491066137,0.8391774789510161,2.185888748249962,1.0930654745799138,0.4730925139336614
237,baseline,1,0.8363303430814916,0.1542095740226802,0.0009345039682356108,0.03589540609678583,-5.776016849044038e-06,0.07659771854090816,0.8253457171176753,2.9447269748219482,1.0689925750864113,0.4064204018995107
238,baseline,1,0.8920076338753504,0.0922247092980871,0.0014044429338721013,0.05784020283844544,-0.00023806813978221754,0.02811667919861466,0.9079622917720802,2.219787885439229,1.045802703043899,0.47257506360316853
239,baseline,1,0.4692733333969962,0.5085555243935894,0.0037562004702595647,0.06597786533468619,-0.00011821241353337219,0.19093831414608067,0.6541450151937876,2.157978607861787,1.3223263620855987,0.46235837948189973
240,baseline,1,0.7311046039134306,0.26750834824048064,0.0004592825665394356,0.009025553154370328,-1.4587219121877416e-05,0.07614702134559824,0.7726034593236096,2.284084103006444,1.1426057089939752,0.4554340258002143
241,baseline,1,0.7156360739630209,0.2806322704504286,0.00012766201703622574,0.020257005749740254,-1.4823547000305164e-05,0.09262872613346028,0.7579507614631802,2.405401326475103,1.1461343498426657,0.43870424629946414
242,baseline,1,0.6134612748621944,0.37614634520364437,0.003155758079648029,0.03439905536198214,-4.209494792895936e-06,0.11450924359016587,0.7085885425636707,2.3151179932671866,1.2105544873341703,0.4426691096637217
243,baseline,1,0.9661368497728358,0.03295285220653826,7.189544894326302e-05,0.008949367523981504,-5.874285320732699e-06,0.015973445142906106,0.965070433557563,2.2040893935480366,1.0159826778744552,0.4766525631019011
244,baseline,1,0.955791543855106,0.04051467116458299,0.0007553266281553094,0.02847334295237368,-1.4489501764714474e-05,0.0155646827935372,0.9566391834482115,2.2487836559046435,1.0195394597866982,0.4719654384950957
245,baseline,1,0.061185941406834365,0.058518041233509656,0.21973035496062873,0.7068919783646846,-9.281838090591182e-06,0.27359835166977203,0.8636869384907114,2.5908376940037336,1.0194545563114858,0.3878163523389102
246,baseline,1,0.575300773814163,0.38984826665934835,0.011865660969781687,0.05357355283660637,-0.00016562056156972925,0.10251778511856911,0.7118691433555644,2.1004431367615743,1.2310414599193191,0.4790453591442844
247,baseline,1,0.10462734174418542,0.033203840798496156,0.06787240198878088,0.8489017601406804,-3.139102985900017e-05,0.1289828913001781,0.930545239634861,3.0705896642880792,1.0118897213633398,0.3825725983384671
248,baseline,1,0.752056325824789,0.23860058830575293,0.0006284709016622144,0.03551674898810421,-1.4619097167002063e-05,0.0856063077309567,0.7908063447533489,2.2945616993139564,1.1249586090428814,0.45582995238693896
249,baseline,1,0.4410411357422401,0.5490801352475947,0.0022190279459031333,0.02923260544829213,-3.713150437304822e-06,0.2618743860958861,0.6093031187859231,2.939411448133419,1.2850695455521586,0.3269777482979122
250,baseline,1,0.8974781284961334,0.1017603570240939,0.00038635143651189326,0.006103313816941304,-8.417589595024483e-06,0.02179597134911585,0.9042522468718368,2.090670575248571,1.0523480967572,0.4876053038039312
251,baseline,1,0.6727366043859266,0.290126957689542,0.0029439403962505913,0.08934178112742124,-0.00039531533259138665,0.08918986628714083,0.7658512658306497,2.1421035254540155,1.1618109618728092,0.47484968916317
252,baseline,1,0.7045501041010892,0.2902333821840336,0.00040435246584055474,0.02032869489078158,-3.867384566875794e-06,0.1076973352674303,0.7307101516322532,2.855072143254752,1.1376804489329453,0.3904055809326611
253,baseline,1,0.4824794420187584,0.47413290092655763,0.004132793106814424,0.0798274074453994,-0.00020809263015203095,0.18062435659457776,0.6715649624234165,2.0807666923601507,1.2951845016923864,0.48070738776584326
254,baseline,1,0.21869716838089795,0.7747705239429421,0.00025585401839652,0.027046643952935708,-2.5098959759756904e-05,0.48484386740619934,0.557667159260837,2.2270064745909157,1.592278818993503,0.4232758522646589
255,baseline,1,0.37250914798582646,0.5542715304714472,0.004950787337504407,0.15103814437654903,-0.00041848455340404514,0.2103466983182991,0.6337419368548813,2.1290751734433933,1.3535770245659566,0.46526483950841474
256,baseline,1,0.257321689354338,0.7233128685624951,0.0025386886547227854,0.03845473766500071,-1.0782495632646733e-05,0.5200666825278727,0.57074404254766,2.2880773807563854,1.5075704740531577,0.410806533377371
257,baseline,1,0.20230065955953833,0.5426706798158347,0.07857181718672253,0.31203010242791696,-0.0001926798803284194,0.47686030014581027,0.6159308117981562,2.297570174160023,1.2714633339869097,0.4094812958878082
258,baseline,1,0.19797414112124082,0.07901607187289071,0.18607772954271373,0.639075461824085,-0.00014958877746212802,0.12927096353052975,0.8880688870890813,2.5237412277638245,1.031701483638839,0.4244081930380898
259,baseline,1,0.147045139358872,0.8513219123780431,0.00011312726581575748,0.00970129303321826,-5.375446072792278e-07,0.737782591026314,0.5351817138958901,2.308218066366441,1.688422692627447,0.38560200677322887
260,baseline,1,0.4208912790215154,0.5750478790127064,0.00032817646518997016,0.03444168304381259,-5.079222059627219e-05,0.21102291583174684,0.6331149261196088,2.036049620917884,1.3986864771737,0.49017149991753434
261,baseline,1,0.9129789508960404,0.060842417314151034,0.006156274724488567,0.06445769965803083,-1.9394536617791965e-05,0.03326448237397223,0.9348692997161532,2.310058726489438,1.02923730149107,0.4650669679993571
262,baseline,1,0.5048565977660584,0.48777042471182624,0.0018841159505487445,0.02307945156956649,-6.071206356739587e-05,0.2339009089645368,0.6386854693089883,2.7367174524509745,1.2590781571783556,0.367086744376776
263,baseline,1,0.8687144286145672,0.10761175780930543,0.0010713522387429842,0.0825575208875064,-7.260941881053238e-05,0.03157716205776069,0.8883263027670063,2.383510252901562,1.052012464865831,0.45510681203885384
264,baseline,1,0.3135666546115904,0.6730971440125821,0.0009156801131516907,0.054235905287975984,-5.5989998625834825e-05,0.5570733649385824,0.5763943919708299,2.7034034009194,1.4052324694496616,0.32926164011351866
265,baseline,1,0.384986331429985,0.5687938683301624,0.003644588591087776,0.08771602717031554,-1.9429947058336596e-05,0.2517619957311949,0.6113299670680264,2.6038773424964807,1.3203384197927552,0.36639255342081006
266,baseline,1,0.47170893683996373,0.4740419677220378,0.006879133732216222,0.11135695885208778,-9.939505391811481e-05,0.19424898243840638,0.653719782911366,2.4653797769988475,1.2644817726207516,0.4054479206486914
267,baseline,1,0.6413372778761056,0.3506137002224967,0.002027795399011649,0.03685387854222853,-9.525067224061883e-06,0.18068426737209103,0.6974148732602024,2.8408435936640677,1.1706368620310876,0.3808896337006094
268,baseline,1,0.12656111994111086,0.8579537280394084,0.004912326252795744,0.03664122065675903,-0.00015355777748892913,0.9546540494081467,0.5346524083669604,2.1853006087359415,1.709638441334593,0.4265122273199576
269,baseline,1,0.34181441550196595,0.5838406890654285,0.02313579746588491,0.10166023535570516,-8.393564099224342e-06,0.4046612667703515,0.6025358103887316,2.6502609960969203,1.3131080631351026,0.35117009997396786
270,baseline,1,0.3461917020712486,0.5689467465637348,0.009638738884558698,0.146207215198735,-0.00018668875295507645,0.2872687264888637,0.6191798951563526,2.309084579152828,1.3372646423216545,0.42023280467629165
271,baseline,1,0.349041475881662,0.3552189837569159,0.025319365039534636,0.37963666759249404,-0.00018476860005895533,0.20211835683204743,0.6824615650955618,2.681525396494955,1.1502517968894823,0.37210363507589406
272,baseline,1,0.47747203222009016,0.5023172695167828,0.011124979212556795,0.02478646232241246,-1.2382813143955025e-05,0.2932839664932964,0.6396285430149243,2.5368996454325314,1.281040981322901,0.3922075445131229
273,baseline,1,0.934753348941392,0.056692945504037716,0.004412419074689509,0.03169121321181165,-4.3461412747737094e-05,0.02534895660434166,0.939890396048186,2.2734266365422116,1.0274021010124643,0.46880777115084665
274,baseline,1,0.8640273643882116,0.12613527049457948,0.0036863450196948696,0.03525477665034206,-2.3932225994933637e-05,0.02438417624997198,0.886117589782639,2.0425161560086895,1.0665150124256222,0.4937770760063844
275,baseline,1,0.8572212272464159,0.060697851104930235,0.03640682038642804,0.13512404970421715,-0.00019807258536748797,0.03136978565481026,0.9350749190996802,2.300919195100361,1.0291657998844443,0.46571536001814506
276,baseline,1,0.09239591259118261,0.8524857380280875,0.005269023585583231,0.10519603945539073,-0.00013346730035364412,1.5893952468117432,0.5337866882018163,2.1489059989352923,1.6292465858271294,0.4373248644599415
277,baseline,1,0.5160395224943924,0.08205394758410874,0.06988260123790321,0.4777770461651053,-0.0002092988808489535,0.03755865678426976,0.913451526555688,2.185737680827077,1.0392393446980137,0.4747270590646856
278,baseline,1,0.15280159364231913,0.46717519643143457,0.059206984035152586,0.4752862163150028,-0.0005225510272368883,0.5338130163267131,0.6294798857272763,2.5383995721885704,1.2006748835455647,0.3441841117242482
279,baseline,1,0.59129017272705,0.40587171110910075,0.0010548883664143246,0.01918208581538185,-1.2550608476717937e-05,0.1293209341532057,0.6835330641063073,2.5246194448412433,1.2185279436793919,0.40927312302791385
280,baseline,1,0.09638820341095262,0.9012235431559685,0.000487803028017505,0.022412979373359277,-5.485672619466386e-05,1.2976333321824438,0.523778388939692,2.1962697314206583,1.7924862303212872,0.4180515618767497
281,baseline,1,0.8858554066347486,0.10869678570387177,0.0012145664201473328,0.025669105310438638,-8.603257458613752e-06,0.045673374338684514,0.8866259099055174,2.4044194934098297,1.052377199048901,0.4532380549449261
282,baseline,1,0.8038864645001836,0.19404009264532227,0.0002279439335751578,0.012500354393587841,-1.476502205715958e-06,0.04478414058050242,0.8268982053011216,2.199349966705953,1.1017820405739136,0.4706762182600314
283,baseline,1,0.12821847599972086,0.7807696454110044,0.014783437432241059,0.19866244753626378,-0.0004069916215207939,0.7244259347623291,0.5522332483400944,2.263256805726533,1.5576320561293415,0.3999179562566937
284,baseline,1,0.7455710885753776,0.25379157151882614,0.00019569560787894278,0.006185730200276248,-6.175001228144711e-06,0.0907395787254975,0.7755464059759495,2.395093122162914,1.1307936859269798,0.4424281832158012
285,baseline,1,0.310574959596789,0.2929653024120365,0.07844607666056726,0.44688010497325714,-1.4777506954999067e-05,0.23523586019804035,0.7212788901512043,2.4380956397709794,1.125287420460327,0.4120336966915432
286,baseline,1,0.7684807948019007,0.20069243914564522,0.015693250771838498,0.07568174127093426,-0.00017201197017325563,0.06577535608954635,0.8172836889368442,2.2891085814523575,1.1031591431687637,0.45867080714267755
287,baseline,1,0.8845242777897742,0.11028465137932714,0.0010005187718366423,0.026174016186664817,-2.9735630482553724e-05,0.031579801884044224,0.887785867563819,2.334364744110418,1.0539189506117825,0.45979153575118653
288,baseline,1,0.4604583147815274,0.20387533712367914,0.09374461843248505,0.3277248081363302,-7.988488472427249e-05,0.11859389582227797,0.7702872817959118,2.7610473990160673,1.081457803082247,0.3966542870862087
289,baseline,1,0.731967507746398,0.13327446803863502,0.019535555190012082,0.25336262288630973,-0.0005910317603647479,0.04189310576464943,0.8653286547276909,2.3676557426551597,1.0647634598947195,0.4534580249731473
290,baseline,1,0.9417240030128285,0.04961475869531504,0.003386451294108976,0.036132147166556876,-4.005099715774158e-05,0.015721246446450843,0.9480797345174159,2.219372437487408,1.0241688245074305,0.4744486521181885
291,baseline,1,0.6066211935990977,0.39014495853443987,0.0014281294207421867,0.019940216637145666,-6.563913334256503e-05,0.1071439153214402,0.7191642824558149,2.00242880941412,1.2421053870240757,0.4994754726096352
292,baseline,1,0.24695534391250418,0.6183342108153309,0.002272921310362124,0.2267879189795331,-0.0004878474907694858,0.538598609341935,0.5993023927010545,2.2413130161291277,1.3588651972819294,0.42658150087607005
293,baseline,1,0.49205155458158395,0.4959862268675203,0.0019304668432656212,0.029222827482838967,-2.5434910359467335e-05,0.16981852009574958,0.6480501910882392,2.410186812791573,1.2892408729523193,0.4146604479552495
294,baseline,1,0.6699172135592286,0.2876580312859668,0.008105733940315196,0.09951627260398747,-0.0006343292534004758,0.08029191705224896,0.7705074464812394,2.086409005217114,1.162726992553742,0.4842609908395764
295,baseline,1,0.08737660604012211,0.8845207522911683,0.0023218606767064815,0.08753884785420386,-0.0001664821103368669,1.3338483048609706,0.5259813999153705,2.3608384347300566,1.7265766207646116,0.3531204843197353
296,baseline,1,0.883663343411749,0.11500505638125619,0.0008469506739399609,0.011248564798649007,-2.528098065294824e-05,0.03431249988140713,0.8817553911742594,2.3835343285876536,1.055796598065241,0.4547428121708965
297,baseline,1,0.7579530256602884,0.1819942749766929,0.011195467594506537,0.08635920097366726,-1.547568446011877e-05,0.03618742337317251,0.8393307838555557,2.0973189231138107,1.096249666592354,0.48484997300572785
298,baseline,1,0.2603180447360105,0.6717866879968264,0.0017977347513386279,0.11874521138380291,-8.307144934007663e-05,0.4515890566137264,0.575623715715974,2.6314618825280633,1.384173261259747,0.33267540654829003
299,baseline,1,0.33686476333337506,0.2831090655929281,0.11744515139328644,0.35129284184132176,-9.610307621477319e-05,0.16649193791413736,0.7210181417412272,2.3791325548318114,1.1109003835089266,0.4251407187864371
0,legacy_feedforward,1,0.9827970143976517,6.66133592730466e-13,0.005643257968776658,0.05566130350336742,-2.9356152382426713e-05,0.03191687092348288,1.0,2.723431088203624,0.9999999999999998,0.4413779007593696
1,legacy_feedforward,1,0.984796947730415,1.2212449200058544e-12,0.0036781673059168097,0.051525868178767656,-8.113974740830267e-05,0.043776907393910214,1.0,2.982899596585455,1.0000000000000002,0.42927455727146907
2,legacy_feedforward,1,0.8760391916741161,4.440890618203107e-12,0.010301377326730617,0.19556965901273404,-6.60852144768944e-05,0.04692377966936202,1.0,3.825537688584762,1.0000000000001188,0.4036819549390722
3,legacy_feedforward,0,nan,nan,nan,nan,nan,nan,nan,nan,nan,nan
4,legacy_feedforward,0,nan,nan,nan,nan,nan,nan,nan,nan,nan,nan
5,legacy_feedforward,0,nan,nan,nan,nan,nan,nan,nan,nan,nan,nan
6,legacy_feedforward,0,nan,nan,nan,nan,nan,nan,nan,nan,nan,nan
7,legacy_feedforward,0,nan,nan,nan,nan,nan,nan,nan,nan,nan,nan
8,legacy_feedforward,0,nan,nan,nan,nan,nan,nan,nan,nan,nan,nan
9,legacy_feedforward,0,nan,nan,nan,nan,nan,nan,nan,nan,nan,nan
10,legacy_feedforward,1,0.8024142403510606,2.1094230436464757e-12,0.09255121335073764,0.1916900874119862,-0.00021993079109878345,0.03804658641779369,1.0000000000002236,2.6316072864209707,1.0000000000002236,0.44642694033003466
11,legacy_feedforward,0,nan,nan,nan,nan,nan,nan,nan,nan,nan,nan
12,legacy_feedforward,0,nan,nan,nan,nan,nan,nan,nan,nan,nan,nan
13,legacy_feedforward,1,0.9943252596915402,5.551113272753884e-13,0.0017288356427938056,0.0308529304447057,-5.787369097731351e-06,0.034635656908174405,1.0,2.669075785530556,1.0,0.4443107655317567
14,legacy_feedforward,0,nan,nan,nan,nan,nan,nan,nan,nan,nan,nan
15,legacy_feedforward,1,0.9962600667331142,6.328269130939427e-12,0.0018707322981050111,0.01264871260636589,-3.022010245014387e-05,0.10265449983604982,1.0000000000000007,6.872805212474629,1.0000000000000007,0.36914017531437876
16,legacy_feedforward,1,0.9990739896247538,4.440890618203107e-13,0.00020946265401157238,0.007288183709203087,-6.0588707172337795e-06,0.035113249924347494,1.000000000000058,2.681970430483968,1.0000000000000575,0.44360069164031135
17,legacy_feedforward,0,nan,nan,nan,nan,nan,nan,nan,nan,nan,nan
18,legacy_feedforward,1,0.9874200174194814,6.66133592730466e-13,0.003341828186675,0.053799029626737244,-0.0001079754190296808,0.03032708533867426,1.0,2.8254645886482193,1.0,0.4362712785478836
19,legacy_feedforward,1,0.9959889370913807,1.332267185460932e-12,0.0004754090867233055,0.01954328660360888,-1.095023817432242e-06,0.060043015974770804,0.9999999999999986,3.1147060512774822,1.0000000000000002,0.4241089244529787
20,legacy_feedforward,0,nan,nan,nan,nan,nan,nan,nan,nan,nan,nan
21,legacy_feedforward,0,nan,nan,nan,nan,nan,nan,nan,nan,nan,nan
22,legacy_feedforward,0,nan,nan,nan,nan,nan,nan,nan,nan,nan,nan
23,legacy_feedforward,0,nan,nan,nan,nan,nan,nan,nan,nan,nan,nan
24,legacy_feedforward,0,nan,nan,nan,nan,nan,nan,nan,nan,nan,nan
25,legacy_feedforward,0,nan,nan,nan,nan,nan,nan,nan,nan,nan,nan
26,legacy_feedforward,0,nan,nan,nan,nan,nan,nan,nan,nan,nan,nan
27,legacy_feedforward,0,nan,nan,nan,nan,nan,nan,nan,nan,nan,nan
28,legacy_feedforward,0,nan,nan,nan,nan,nan,nan,nan,nan,nan,nan
29,legacy_feedforward,0,nan,nan,nan,nan,nan,nan,nan,nan,nan,nan
30,legacy_feedforward,1,0.9973892386367356,9.99200389095699e-13,0.0009608581940232882,0.011667249328466214,-1.1269231344229506e-05,0.038119258854943265,0.9999999999999986,3.158620749982506,1.0000000000000446,0.42250922293340615
31,legacy_feedforward,0,nan,nan,nan,nan,nan,nan,nan,nan,nan,nan
32,legacy_feedforward,0,nan,nan,nan,nan,nan,nan,nan,nan,nan,nan
33,legacy_feedforward,0,nan,nan,nan,nan,nan,nan,nan,nan,nan,nan
34,legacy_feedforward,0,nan,nan,nan,nan,nan,nan,nan,nan,nan,nan
35,legacy_feedforward,0,nan,nan,nan,nan,nan,nan,nan,nan,nan,nan
36,legacy_feedforward,0,nan,nan,nan,nan,nan,nan,nan,nan,nan,nan
37,legacy_feedforward,0,nan,nan,nan,nan,nan,nan,nan,nan,nan,nan
38,legacy_feedforward,0,nan,nan,nan,nan,nan,nan,nan,nan,nan,nan
39,legacy_feedforward,0,nan,nan,nan,nan,nan,nan,nan,nan,nan,nan
40,legacy_feedforward,0,nan,nan,nan,nan,nan,nan,nan,nan,nan,nan
41,legacy_feedforward,0,nan,nan,nan,nan,nan,nan,nan,nan,nan,nan
42,legacy_feedforward,0,nan,nan,nan,nan,nan,nan,nan,nan,nan,nan
43,legacy_feedforward,0,nan,nan,nan,nan,nan,nan,nan,nan,nan,nan
44,legacy_feedforward,1,0.9670360779659828,1.1435293341873e-11,0.0027985944289207324,0.07349788137643674,-0.00017728701081779378,0.08607799040093196,1.0000000000008855,17.08612803841929,1.0000000000010039,0.34686740836746566
45,legacy_feedforward,0,nan,nan,nan,nan,nan,nan,nan,nan,nan,nan
46,legacy_feedforward,1,0.9717317465903842,2.0705652507371985e-11,0.005891837631537604,0.04413296367363128,-1.0013620925241483e-05,0.15306624633211036,1.0000000000000018,41.16340116039885,1.0000000000000018,0.33882074423202235
47,legacy_feedforward,0,nan,nan,nan,nan,nan,nan,nan,nan,nan,nan
48,legacy_feedforward,0,nan,nan,nan,nan,nan,nan,nan,nan,nan,nan
49,legacy_feedforward,0,nan,nan,nan,nan,nan,nan,nan,nan,nan,nan
50,legacy_feedforward,0,nan,nan,nan,nan,nan,nan,nan,nan,nan,nan
51,legacy_feedforward,0,nan,nan,nan,nan,nan,nan,nan,nan,nan,nan
52,legacy_feedforward,0,nan,nan,nan,nan,nan,nan,nan,nan,nan,nan
53,legacy_feedforward,0,nan,nan,nan,nan,nan,nan,nan,nan,nan,nan
54,legacy_feedforward,1,0.962895470156779,1.1102226545507768e-12,0.0030440885734811774,0.0747811972423411,-7.63932826593735e-05,0.043756915635517875,1.0,2.753625068018129,1.0000000000000004,0.4398147189126129
55,legacy_feedforward,0,nan,nan,nan,nan,nan,nan,nan,nan,nan,nan
56,legacy_feedforward,0,nan,nan,nan,nan,nan,nan,nan,nan,nan,nan
57,legacy_feedforward,1,0.9911855405306236,1.1102226545507768e-13,0.0004438224686061863,0.03001791200953775,-2.4716834222687852e-05,0.016779444559132283,1.00000000000008,2.2999718724591203,1.000000000000123,0.46939009812789545
58,legacy_feedforward,0,nan,nan,nan,nan,nan,nan,nan,nan,nan,nan
59,legacy_feedforward,0,nan,nan,nan,nan,nan,nan,nan,nan,nan,nan
60,legacy_feedforward,0,nan,nan,nan,nan,nan,nan,nan,nan,nan,nan
61,legacy_feedforward,1,0.9974508513304619,1.1102226545507768e-13,0.0012136792746417831,0.016219782378724474,-6.21607480342794e-06,0.010548498514154571,0.9999999999999974,2.2420695682342484,0.9999999999999998,0.4743907237958657
62,legacy_feedforward,0,nan,nan,nan,nan,nan,nan,nan,nan,nan,nan
63,legacy_feedforward,0,nan,nan,nan,nan,nan,nan,nan,nan,nan,nan
64,legacy_feedforward,0,nan,nan,nan,nan,nan,nan,nan,nan,nan,nan
65,legacy_feedforward,1,0.9833528623619882,1.1102226545507768e-12,0.0005476294224534372,0.05152794867951195,-7.626112752773358e-06,0.035368904895110555,0.9999999999999993,3.036670192851713,1.0000000000000002,0.42709784455325134
66,legacy_feedforward,0,nan,nan,nan,nan,nan,nan,nan,nan,nan,nan
67,legacy_feedforward,0,nan,nan,nan,nan,nan,nan,nan,nan,nan,nan
68,legacy_feedforward,1,0.9840916939261093,8.437692174585903e-12,0.004715358151674972,0.03393116919403711,-3.280705890285635e-05,0.11557586426535396,1.0000000000000349,6.604267531971841,1.000000000000979,0.37075959812677906
69,legacy_feedforward,1,0.9989150854026503,9.325870298226525e-12,0.00044566604150773106,0.0060155653775884185,-1.0334495700503502e-05,0.1320093824556486,0.9999999999986985,11.899182502124543,1.0,0.3531171667529657
70,legacy_feedforward,1,0.5846730242996635,3.33066796365233e-12,0.05637398372945094,0.4464215735687108,-0.00016535097697168444,0.030786046013380596,1.0000000000000375,2.8853835940619628,1.0000000000022453,0.4334913208076569
71,legacy_feedforward,0,nan,nan,nan,nan,nan,nan,nan,nan,nan,nan
72,legacy_feedforward,0,nan,nan,nan,nan,nan,nan,nan,nan,nan,nan
73,legacy_feedforward,0,nan,nan,nan,nan,nan,nan,nan,nan,nan,nan
74,legacy_feedforward,0,nan,nan,nan,nan,nan,nan,nan,nan,nan,nan
75,legacy_feedforward,0,nan,nan,nan,nan,nan,nan,nan,nan,nan,nan
76,legacy_feedforward,0,nan,nan,nan,nan,nan,nan,nan,nan,nan,nan
77,legacy_feedforward,1,0.9868313143193822,2.5535121054667867e-12,0.005374180642231866,0.0246325079388634,-4.724966508468712e-06,0.0737249434868967,1.0000000000000022,3.815193007070899,1.0000000000000022,0.40391308976430257
78,legacy_feedforward,0,nan,nan,nan,nan,nan,nan,nan,nan,nan,nan
79,legacy_feedforward,0,nan,nan,nan,nan,nan,nan,nan,nan,nan,nan
80,legacy_feedforward,0,nan,nan,nan,nan,nan,nan,nan,nan,nan,nan
81,legacy_feedforward,0,nan,nan,nan,nan,nan,nan,nan,nan,nan,nan
82,legacy_feedforward,0,nan,nan,nan,nan,nan,nan,nan,nan,nan,nan
83,legacy_feedforward,1,0.9980965172551266,6.2172468654843495e-12,0.001001816015716198,0.008500502622364113,-7.002848964558919e-06,0.08023675640606905,0.9999999999999943,9.78832606145287,1.000000000000001,0.35769537236639776
84,legacy_feedforward,1,0.9118658304038199,7.6253422582511e-09,0.006136311510177773,0.19387808491258338,-7.9787210221704e-06,0.046232869774343176,0.9999999999996642,3.3605256073569665,1.0000000000000009,0.41582548571196193
85,legacy_feedforward,1,0.8921764146395211,2.808863316013465e-11,0.00488892426991778,0.22054979568442812,-1.769323275422554e-05,0.10344146470158613,0.9999999999986259,42.15905128189814,1.000000000000611,0.3386890684686125
86,legacy_feedforward,1,0.9983446971244336,7.993603112765593e-12,9.595656057514118e-05,0.011305483135149499,-1.2490819100991085e-05,0.10143387875745863,0.9999999999992425,12.054488210488797,1.000000000000022,0.3528473572680182
87,legacy_feedforward,0,nan,nan,nan,nan,nan,nan,nan,nan,nan,nan
88,legacy_feedforward,1,0.9980819167520796,1.5543117163710874e-12,0.0007711849689499483,0.006970181684353605,-1.0502675114793756e-05,0.0571498980642441,0.9999999999999207,3.459781258472858,1.0,0.41289405843695476
89,legacy_feedforward,0,nan,nan,nan,nan,nan,nan,nan,nan,nan,nan
90,legacy_feedforward,0,nan,nan,nan,nan,nan,nan,nan,nan,nan,nan
91,legacy_feedforward,0,nan,nan,nan,nan,nan,nan,nan,nan,nan,nan
92,legacy_feedforward,0,nan,nan,nan,nan,nan,nan,nan,nan,nan,nan
93,legacy_feedforward,0,nan,nan,nan,nan,nan,nan,nan,nan,nan,nan
94,legacy_feedforward,0,nan,nan,nan,nan,nan,nan,nan,nan,nan,nan
95,legacy_feedforward,0,nan,nan,nan,nan,nan,nan,nan,nan,nan,nan
96,legacy_feedforward,1,0.6412001453238727,2.58681878510331e-11,0.03372076742455344,0.44730579602576565,-7.326468188018534e-05,0.0783090507512452,0.9999999999999984,8.872252551052084,1.000000000011122,0.3604151560534519
97,legacy_feedforward,1,0.9641561566670654,1.720845114553704e-11,0.005924811065132314,0.09653588314124238,-4.1606913367893025e-05,0.13045345497739633,1.0000000000011033,10.703685161879967,1.0000000000012226,0.3554735956361586
98,legacy_feedforward,0,nan,nan,nan,nan,nan,nan,nan,nan,nan,nan
99,legacy_feedforward,0,nan,nan,nan,nan,nan,nan,nan,nan,nan,nan
100,legacy_feedforward,0,nan,nan,nan,nan,nan,nan,nan,nan,nan,nan
101,legacy_feedforward,0,nan,nan,nan,nan,nan,nan,nan,nan,nan,nan
102,legacy_feedforward,0,nan,nan,nan,nan,nan,nan,nan,nan,nan,nan
103,legacy_feedforward,0,nan,nan,nan,nan,nan,nan,nan,nan,nan,nan
104,legacy_feedforward,0,nan,nan,nan,nan,nan,nan,nan,nan,nan,nan
105,legacy_feedforward,1,0.9197293462181604,1.3211649589154243e-11,0.005379844176095508,0.13129000943132144,-1.3358415361950318e-05,0.08270221915820329,1.0000000000064022,9.638276120047271,1.0000000000106923,0.3581028268551994
106,legacy_feedforward,0,nan,nan,nan,nan,nan,nan,nan,nan,nan,nan
107,legacy_feedforward,0,nan,nan,nan,nan,nan,nan,nan,nan,nan,nan
108,legacy_feedforward,1,0.9287000003832682,2.5091031992847555e-11,0.01959085609652887,0.15385235376314305,-0.0006503057793950925,0.10790137846363321,1.00000000000412,57.178238739781804,1.0000000000048017,0.33726566460858054
109,legacy_feedforward,0,nan,nan,nan,nan,nan,nan,nan,nan,nan,nan
110,legacy_feedforward,1,0.9922271865324729,1.7763562472812429e-12,0.0021882652613214376,0.02855055338621828,-0.00012001078294238108,0.04953520385441105,1.0000000000281561,3.6801387347794354,1.0000000000289326,0.4070762508788695
111,legacy_feedforward,0,nan,nan,nan,nan,nan,nan,nan,nan,nan,nan
112,legacy_feedforward,0,nan,nan,nan,nan,nan,nan,nan,nan,nan,nan
113,legacy_feedforward,0,nan,nan,nan,nan,nan,nan,nan,nan,nan,nan
114,legacy_feedforward,0,nan,nan,nan,nan,nan,nan,nan,nan,nan,nan
115,legacy_feedforward,0,nan,nan,nan,nan,nan,nan,nan,nan,nan,nan
116,legacy_feedforward,0,nan,nan,nan,nan,nan,nan,nan,nan,nan,nan
117,legacy_feedforward,0,nan,nan,nan,nan,nan,nan,nan,nan,nan,nan
118,legacy_feedforward,0,nan,nan,nan,nan,nan,nan,nan,nan,nan,nan
119,legacy_feedforward,0,nan,nan,nan,nan,nan,nan,nan,nan,nan,nan
120,legacy_feedforward,1,0.8957028129979918,3.33066796365233e-12,0.0446808765243266,0.12111661709161449,-1.3414353819377594e-05,0.05808697489471207,1.0000000000002325,3.095716751223954,1.0000000000057703,0.42481857014935215
121,legacy_feedforward,1,0.996536582444197,1.8873785127363203e-12,0.0012887684377016788,0.01517220920398887,-5.3105163217659515e-05,0.05796674358518003,0.9999999999991008,3.704428371727569,1.000000000000048,0.4064866099194678
122,legacy_feedforward,0,nan,nan,nan,nan,nan,nan,nan,nan,nan,nan
123,legacy_feedforward,1,0.9857343735062495,1.665333981826165e-12,0.005935778695610653,0.038325087284376246,-2.7976138073306048e-05,0.057658029589552615,1.0000000000000353,3.129892851756051,1.0000000000000393,0.4235492556742875
124,legacy_feedforward,0,nan,nan,nan,nan,nan,nan,nan,nan,nan,nan
125,legacy_feedforward,0,nan,nan,nan,nan,nan,nan,nan,nan,nan,nan
126,legacy_feedforward,0,nan,nan,nan,nan,nan,nan,nan,nan,nan,nan
127,legacy_feedforward,0,nan,nan,nan,nan,nan,nan,nan,nan,nan,nan
128,legacy_feedforward,0,nan,nan,nan,nan,nan,nan,nan,nan,nan,nan
129,legacy_feedforward,0,nan,nan,nan,nan,nan,nan,nan,nan,nan,nan
130,legacy_feedforward,0,nan,nan,nan,nan,nan,nan,nan,nan,nan,nan
131,legacy_feedforward,0,nan,nan,nan,nan,nan,nan,nan,nan,nan,nan
132,legacy_feedforward,0,nan,nan,nan,nan,nan,nan,nan,nan,nan,nan
133,legacy_feedforward,0,nan,nan,nan,nan,nan,nan,nan,nan,nan,nan
134,legacy_feedforward,0,nan,nan,nan,nan,nan,nan,nan,nan,nan,nan
135,legacy_feedforward,0,nan,nan,nan,nan,nan,nan,nan,nan,nan,nan
136,legacy_feedforward,0,nan,nan,nan,nan,nan,nan,nan,nan,nan,nan
137,legacy_feedforward,1,0.991797263873644,1.2212449200058545e-11,0.0024551294769100283,0.023978027544429528,-3.5351132006336405e-05,0.13278859294164827,1.000000000000829,12.698600334203535,1.0000000000027498,0.35180270229512717
138,legacy_feedforward,0,nan,nan,nan,nan,nan,nan,nan,nan,nan,nan
139,legacy_feedforward,0,nan,nan,nan,nan,nan,nan,nan,nan,nan,nan
140,legacy_feedforward,0,nan,nan,nan,nan,nan,nan,nan,nan,nan,nan
141,legacy_feedforward,1,0.9690822517501216,2.2204453091015535e-12,0.0023951852662011065,0.09238004802237194,-0.00027783116028239676,0.047648462219098096,0.9999999999999071,3.3572074843528505,1.0,0.4159272195740743
142,legacy_feedforward,0,nan,nan,nan,nan,nan,nan,nan,nan,nan,nan
143,legacy_feedforward,0,nan,nan,nan,nan,nan,nan,nan,nan,nan,nan
144,legacy_feedforward,0,nan,nan,nan,nan,nan,nan,nan,nan,nan,nan
145,legacy_feedforward,1,0.9442229032125162,1.7763562472812429e-12,0.0017083111490917337,0.11967603718826977,-0.000792169766404688,0.04816434096502755,1.0000000000025626,2.8690647678202157,1.000000000002563,0.43423344857899154
146,legacy_feedforward,0,nan,nan,nan,nan,nan,nan,nan,nan,nan,nan
147,legacy_feedforward,0,nan,nan,nan,nan,nan,nan,nan,nan,nan,nan
148,legacy_feedforward,0,nan,nan,nan,nan,nan,nan,nan,nan,nan,nan
149,legacy_feedforward,0,nan,nan,nan,nan,nan,nan,nan,nan,nan,nan
150,legacy_feedforward,1,0.9993432328529801,7.438491785490204e-12,0.00010049843626884638,0.005619594628827675,-5.477696913142812e-06,0.08390402124491918,0.9999999999998952,20.65925957158038,1.0000000000000013,0.34444856102161275
151,legacy_feedforward,1,0.9862385149157976,4.440890618203107e-13,0.005781244858880573,0.03808886171196692,-7.454762986670769e-06,0.028313230693773676,0.9999999999999998,2.6471804573292776,1.0,0.44553766297239866
152,legacy_feedforward,1,0.9978439254402602,9.99200389095699e-13,0.0005259149093986301,0.013335214192260329,-1.0907686670641454e-05,0.051569519972627355,0.9999999999999994,3.0740802212626397,1.0,0.4256407899387758
153,legacy_feedforward,1,0.6171477695849782,3.819165931654672e-11,0.040030126744639564,0.471215298936199,-8.913491637910024e-05,0.10953456435580025,0.9999999999997587,10.172111113994845,1.0000000000104596,0.3567117480374169
154,legacy_feedforward,0,nan,nan,nan,nan,nan,nan,nan,nan,nan,nan
155,legacy_feedforward,0,nan,nan,nan,nan,nan,nan,nan,nan,nan,nan
156,legacy_feedforward,1,0.9962404788869702,1.998400778191398e-12,0.0011417049872335086,0.018070326616229888,-2.0256329522891328e-05,0.06274620704036045,0.9999999999998216,3.5109036814756847,1.0000000000000004,0.41146403097350503
157,legacy_feedforward,0,nan,nan,nan,nan,nan,nan,nan,nan,nan,nan
158,legacy_feedforward,1,0.9815583927217418,3.33066796365233e-13,0.0007228176962316569,0.05175540493823818,-0.0001408616278150031,0.0173327215595959,0.9999999999978746,2.439900752754966,1.0000000000000595,0.4586536302777159
159,legacy_feedforward,0,nan,nan,nan,nan,nan,nan,nan,nan,nan,nan
160,legacy_feedforward,0,nan,nan,nan,nan,nan,nan,nan,nan,nan,nan
161,legacy_feedforward,0,nan,nan,nan,nan,nan,nan,nan,nan,nan,nan
162,legacy_feedforward,0,nan,nan,nan,nan,nan,nan,nan,nan,nan,nan
163,legacy_feedforward,0,nan,nan,nan,nan,nan,nan,nan,nan,nan,nan
164,legacy_feedforward,1,0.9887173874686256,5.551113272753884e-13,0.0036384282572331653,0.042322910427233656,-3.54039436326794e-05,0.0345399249506083,1.000000000005331,2.7454078678273732,1.000000000005331,0.4402356365636872
165,legacy_feedforward,1,0.06279551377671252,2.3161465019238304e-09,0.18042617025018912,0.7950449590067488,-4.395059872071846e-05,0.08718723799402603,0.9999999999999593,5.343390393427779,1.0,0.38084997857581854
166,legacy_feedforward,1,0.9708928835142266,4.274357220020491e-12,0.010665739401024853,0.04137422878819036,-5.481088199263402e-05,0.06933739909186182,1.0000000000000258,4.622537886579351,1.0000000000000258,0.3895086256693505
167,legacy_feedforward,0,nan,nan,nan,nan,nan,nan,nan,nan,nan,nan
168,legacy_feedforward,0,nan,nan,nan,nan,nan,nan,nan,nan,nan,nan
169,legacy_feedforward,1,0.9952056083822463,2.664534370921864e-12,0.0006197625364272931,0.023994645410968643,-8.368301260275702e-06,0.07536818701759877,1.0000000000000002,3.8518482057161663,1.0000000000000002,0.4031008550578676
170,legacy_feedforward,1,0.9809409893350697,1.7763562472812429e-12,0.0008128187911173865,0.07301586938147377,-3.067068464915932e-05,0.04168595145400528,0.9999999999995595,3.5619121034285053,1.0000000000000002,0.4100875246701284
171,legacy_feedforward,0,nan,nan,nan,nan,nan,nan,nan,nan,nan,nan
172,legacy_feedforward,0,nan,nan,nan,nan,nan,nan,nan,nan,nan,nan
173,legacy_feedforward,0,nan,nan,nan,nan,nan,nan,nan,nan,nan,nan
174,legacy_feedforward,1,0.9928852938465725,4.218846087292951e-12,0.0027884323249302927,0.027314634597543026,-6.0905483893737336e-05,0.07186881288350339,0.999999999999989,5.577764939003201,1.0000000000000258,0.378582320402833
175,legacy_feedforward,0,nan,nan,nan,nan,nan,nan,nan,nan,nan,nan
176,legacy_feedforward,1,0.47288339920552364,6.550313661849583e-12,0.07394812349449113,0.5655970393871721,-0.0005240475997146865,0.04508261493706438,0.9999999999888444,3.5009520151446383,1.0000000000002873,0.41173836137135184
177,legacy_feedforward,0,nan,nan,nan,nan,nan,nan,nan,nan,nan,nan
178,legacy_feedforward,0,nan,nan,nan,nan,nan,nan,nan,nan,nan,nan
179,legacy_feedforward,0,nan,nan,nan,nan,nan,nan,nan,nan,nan,nan
180,legacy_feedforward,0,nan,nan,nan,nan,nan,nan,nan,nan,nan,nan
181,legacy_feedforward,0,nan,nan,nan,nan,nan,nan,nan,nan,nan,nan
182,legacy_feedforward,0,nan,nan,nan,nan,nan,nan,nan,nan,nan,nan
183,legacy_feedforward,0,nan,nan,nan,nan,nan,nan,nan,nan,nan,nan
184,legacy_feedforward,0,nan,nan,nan,nan,nan,nan,nan,nan,nan,nan
185,legacy_feedforward,0,nan,nan,nan,nan,nan,nan,nan,nan,nan,nan
186,legacy_feedforward,1,0.9859815617730873,1.7097428880081963e-11,0.007254859996974687,0.02351400126183041,-2.1193511320192105e-05,0.13110003701246997,1.0000000000001126,53.61844839454558,1.0000000000001128,0.3375300235101841
187,legacy_feedforward,1,0.8097843092088307,3.275156830924791e-11,0.008590748527340375,0.2917071416628412,-2.31187185604592e-05,0.11060347655507093,1.000000000000007,14.442004595964965,1.0000000000080405,0.3494652223203613
188,legacy_feedforward,0,nan,nan,nan,nan,nan,nan,nan,nan,nan,nan
189,legacy_feedforward,1,0.9508958280366858,8.215647643675749e-12,0.0018001594625171387,0.12857763891642285,-9.836352217998462e-05,0.09357978097013182,1.0000000000000013,4.576939456205495,1.0000000000000018,0.3901636963751993
190,legacy_feedforward,0,nan,nan,nan,nan,nan,nan,nan,nan,nan,nan
191,legacy_feedforward,0,nan,nan,nan,nan,nan,nan,nan,nan,nan,nan
192,legacy_feedforward,0,nan,nan,nan,nan,nan,nan,nan,nan,nan,nan
193,legacy_feedforward,1,0.9840717491991151,1.1546315607328078e-11,0.005263895243098929,0.040837932737586,-5.779665318242556e-05,0.11056775437185247,0.9999999999997625,11.239554193882768,1.0000000000001494,0.35435145365674053
194,legacy_feedforward,0,nan,nan,nan,nan,nan,nan,nan,nan,nan,nan
195,legacy_feedforward,0,nan,nan,nan,nan,nan,nan,nan,nan,nan,nan
196,legacy_feedforward,0,nan,nan,nan,nan,nan,nan,nan,nan,nan,nan
197,legacy_feedforward,0,nan,nan,nan,nan,nan,nan,nan,nan,nan,nan
198,legacy_feedforward,1,0.9727056613734729,9.214848032771447e-12,0.009258505330206751,0.06157537770235206,-2.1573231781924605e-05,0.09550156477349515,1.0000000000010587,7.460890483121698,1.0000000000011244,0.36604085493221505
199,legacy_feedforward,1,0.958515933741604,5.440091007298806e-12,0.0168640285517688,0.04867159200814935,-1.1297527311470378e-05,0.07326761658799044,0.9999999999999996,5.183876729057925,1.0,0.3825279067875005
200,legacy_feedforward,0,nan,nan,nan,nan,nan,nan,nan,nan,nan,nan
201,legacy_feedforward,0,nan,nan,nan,nan,nan,nan,nan,nan,nan,nan
202,legacy_feedforward,1,0.7553603461491247,3.8857792909277185e-12,0.044553394694206765,0.3103299141259548,-0.0006378250347875355,0.038670159780982066,1.000000000006365,3.1037589103511265,1.000000000006734,0.42451667807685717
203,legacy_feedforward,0,nan,nan,nan,nan,nan,nan,nan,nan,nan,nan
204,legacy_feedforward,0,nan,nan,nan,nan,nan,nan,nan,nan,nan,nan
205,legacy_feedforward,0,nan,nan,nan,nan,nan,nan,nan,nan,nan,nan
206,legacy_feedforward,1,0.9984282944096399,3.33066796365233e-13,0.00047808921406038824,0.011501012967579265,-2.8458020890643514e-06,0.026397309976711882,1.0,2.74575444425503,1.0,0.44021781633481033
207,legacy_feedforward,0,nan,nan,nan,nan,nan,nan,nan,nan,nan,nan
208,legacy_feedforward,1,0.9931422997715993,2.9420900345595584e-12,0.00041038545404806524,0.021727589498705922,-5.199673623723021e-06,0.06689949541976381,1.0,4.49908149917681,1.000000000000008,0.3913182415267585
209,legacy_feedforward,1,0.9279391111286092,4.9960019454784955e-12,0.0018375570068803627,0.16394064309937384,-3.5397119205044144e-05,0.06597120347213539,0.999999999991884,3.703227239958225,1.000000000000001,0.4065155461843616
210,legacy_feedforward,0,nan,nan,nan,nan,nan,nan,nan,nan,nan,nan
211,legacy_feedforward,0,nan,nan,nan,nan,nan,nan,nan,nan,nan,nan
212,legacy_feedforward,1,0.9980425224232004,9.992003890956991e-12,0.0006203252321296109,0.011794252908750306,-6.872598974994207e-06,0.1277978966603617,1.000000000000474,9.522996965799525,1.0000000000005598,0.35842524101077106
213,legacy_feedforward,0,nan,nan,nan,nan,nan,nan,nan,nan,nan,nan
214,legacy_feedforward,1,0.9934723433183225,2.2204453091015536e-13,0.0016184711263079266,0.0312832130726912,-4.639872049821217e-06,0.015229945537523838,1.0000000000005096,2.27481005367015,1.0000000000005265,0.4715189105761611
215,legacy_feedforward,0,nan,nan,nan,nan,nan,nan,nan,nan,nan,nan
216,legacy_feedforward,1,0.9634874131084067,3.2511760215864948e-09,0.006304818755787419,0.10627461829170994,-0.00010808990496777354,0.013422262918328997,1.0000000000015143,2.3261641841997864,1.0000000000017455,0.46724267629688543
217,legacy_feedforward,0,nan,nan,nan,nan,nan,nan,nan,nan,nan,nan
218,legacy_feedforward,1,0.9646022355383169,3.881671467105881e-09,0.0014003409139612345,0.1108832069761802,-6.980070071164213e-05,0.03378660783668053,1.0,2.517117381236367,1.0000000000000002,0.45342419577702586
219,legacy_feedforward,0,nan,nan,nan,nan,nan,nan,nan,nan,nan,nan
220,legacy_feedforward,0,nan,nan,nan,nan,nan,nan,nan,nan,nan,nan
221,legacy_feedforward,1,0.9674036525114944,7.771558581855437e-13,0.0025539039853090762,0.07067036997279243,-1.2321642373690249e-05,0.0348704531521451,1.0000000000000004,2.5738207641968924,1.0000000000000004,0.449853661979037
222,legacy_feedforward,0,nan,nan,nan,nan,nan,nan,nan,nan,nan,nan
223,legacy_feedforward,0,nan,nan,nan,nan,nan,nan,nan,nan,nan,nan
224,legacy_feedforward,1,0.8398765193687703,6.1062246000292725e-12,0.06022565144652604,0.1894757087896804,-0.00012863542217909883,0.06674365702643101,0.9999999999990093,3.371159927676159,1.0000000000082196,0.41550111885823
225,legacy_feedforward,1,0.9827521696379284,1.7763562472812429e-12,0.0008344341943737774,0.04447609845558306,-4.363155059478997e-05,0.049974001558886344,0.9999999999998845,3.4409456806400716,1.0000000000000004,0.41343422480908026
226,legacy_feedforward,1,0.7270882140347295,2.6978410505583877e-11,0.07498284994327382,0.2812310812511657,-6.066896527905754e-05,0.08612562845880169,0.9999999999999859,9.474141765405763,1.0000000000000007,0.35856442620965173
227,legacy_feedforward,1,0.9825745719699365,3.996801556382796e-12,0.0007024371228017175,0.06128290033082295,-2.842721854024886e-05,0.07177081521518244,1.0000000000000018,4.352252265980294,1.0000000000000018,0.39362828951712264
228,legacy_feedforward,0,nan,nan,nan,nan,nan,nan,nan,nan,nan,nan
229,legacy_feedforward,1,0.6996975905618997,8.437692174585903e-12,0.013995385715697034,0.3880911475312139,-6.282281810107196e-05,0.053589272126063944,1.0000000000000073,3.7706326317751566,1.0000000000011735,0.4049263291073557
230,legacy_feedforward,0,nan,nan,nan,nan,nan,nan,nan,nan,nan,nan
231,legacy_feedforward,0,nan,nan,nan,nan,nan,nan,nan,nan,nan,nan
232,legacy_feedforward,0,nan,nan,nan,nan,nan,nan,nan,nan,nan,nan
233,legacy_feedforward,0,nan,nan,nan,nan,nan,nan,nan,nan,nan,nan
234,legacy_feedforward,0,nan,nan,nan,nan,nan,nan,nan,nan,nan,nan
235,legacy_feedforward,0,nan,nan,nan,nan,nan,nan,nan,nan,nan,nan
236,legacy_feedforward,1,0.9976599554375121,1.7763562472812429e-12,0.0005557779298261681,0.012074923988607033,-1.4887972887881949e-05,0.06277562005584178,0.9999999999997452,3.55914525205853,1.0000000000000042,0.4101609452446109
237,legacy_feedforward,1,0.9884367997699319,8.992803501861291e-12,0.0010868184345741636,0.0389900344205695,-6.014761904235274e-06,0.09391442455842366,0.9999999999991235,11.976029946811964,1.0000000000000049,0.35298273504360417
238,legacy_feedforward,1,0.9816534262505294,5.551113272753884e-13,0.0015879380601960902,0.061559379061832384,-0.0002452548672645134,0.03135887193065289,1.0,2.670536044368765,1.0,0.4442298941047004
239,legacy_feedforward,0,nan,nan,nan,nan,nan,nan,nan,nan,nan,nan
240,legacy_feedforward,1,0.9979755691326243,1.1657337872783156e-11,0.0006407617399091538,0.009906445194593874,-1.536892733703568e-05,0.12008600557414782,1.0000000000006255,31.794739726800636,1.0000000000006262,0.34047229827428765
241,legacy_feedforward,0,nan,nan,nan,nan,nan,nan,nan,nan,nan,nan
242,legacy_feedforward,0,nan,nan,nan,nan,nan,nan,nan,nan,nan,nan
243,legacy_feedforward,1,0.9990547261792302,0.0,7.340415471138593e-05,0.009010829665964719,-5.894528010393123e-06,0.016537503395816135,0.9999999999999478,2.3212214292641664,1.0000000000000004,0.46764271205303964
244,legacy_feedforward,1,0.9961212059534522,1.1102226545507768e-13,0.0007842156795578882,0.02876136017613958,-1.4564995906023539e-05,0.016253651860568114,0.9999999999992676,2.4119768310135665,1.0000000000000018,0.46065868028946283
245,legacy_feedforward,0,nan,nan,nan,nan,nan,nan,nan,nan,nan,nan
246,legacy_feedforward,0,nan,nan,nan,nan,nan,nan,nan,nan,nan,nan
247,legacy_feedforward,0,nan,nan,nan,nan,nan,nan,nan,nan,nan,nan
248,legacy_feedforward,1,0.9858823281091278,1.1435293341873e-11,0.0009248007433601286,0.042430099434589905,-1.5946174394619767e-05,0.12538714552842706,1.000000000000701,9.505934536661323,1.0000000000007103,0.35847367589260964
249,legacy_feedforward,0,nan,nan,nan,nan,nan,nan,nan,nan,nan,nan
250,legacy_feedforward,1,0.9991242800027278,2.2204453091015536e-13,0.0004303455745013884,0.006254987746092471,-8.541119517883464e-06,0.024583346952232434,0.9999999999977734,2.464255025008939,1.0000000000000002,0.4569557528865816
251,legacy_feedforward,1,0.9167702845473883,3.674836986563071e-11,0.006389489781176604,0.14536686341097557,-0.0004896994972553813,0.15682111731950907,1.0000000000000269,115.47644319532309,1.0000000000097742,0.33526890214150723
252,legacy_feedforward,0,nan,nan,nan,nan,nan,nan,nan,nan,nan,nan
253,legacy_feedforward,0,nan,nan,nan,nan,nan,nan,nan,nan,nan,nan
254,legacy_feedforward,0,nan,nan,nan,nan,nan,nan,nan,nan,nan,nan
255,legacy_feedforward,0,nan,nan,nan,nan,nan,nan,nan,nan,nan,nan
256,legacy_feedforward,0,nan,nan,nan,nan,nan,nan,nan,nan,nan,nan
257,legacy_feedforward,0,nan,nan,nan,nan,nan,nan,nan,nan,nan,nan
258,legacy_feedforward,0,nan,nan,nan,nan,nan,nan,nan,nan,nan,nan
259,legacy_feedforward,0,nan,nan,nan,nan,nan,nan,nan,nan,nan,nan
260,legacy_feedforward,0,nan,nan,nan,nan,nan,nan,nan,nan,nan,nan
261,legacy_feedforward,1,0.9704859159458462,7.771558581855437e-13,0.006893351225322747,0.06837694184280675,-1.997163268509503e-05,0.035639559112030525,1.0,2.6224088334660687,1.0,0.44695885411754377
262,legacy_feedforward,0,nan,nan,nan,nan,nan,nan,nan,nan,nan,nan
263,legacy_feedforward,1,0.9719477349886638,1.332267185460932e-12,0.0012200476786547512,0.08884825788134611,-7.508587824412764e-05,0.03604182986336944,0.9999999999999868,3.2219842013925284,1.0000000000000002,0.4202979548342945
264,legacy_feedforward,0,nan,nan,nan,nan,nan,nan,nan,nan,nan,nan
265,legacy_feedforward,0,nan,nan,nan,nan,nan,nan,nan,nan,nan,nan
266,legacy_feedforward,0,nan,nan,nan,nan,nan,nan,nan,nan,nan,nan
267,legacy_feedforward,0,nan,nan,nan,nan,nan,nan,nan,nan,nan,nan
268,legacy_feedforward,0,nan,nan,nan,nan,nan,nan,nan,nan,nan,nan
269,legacy_feedforward,0,nan,nan,nan,nan,nan,nan,nan,nan,nan,nan
270,legacy_feedforward,0,nan,nan,nan,nan,nan,nan,nan,nan,nan,nan
271,legacy_feedforward,0,nan,nan,nan,nan,nan,nan,nan,nan,nan,nan
272,legacy_feedforward,0,nan,nan,nan,nan,nan,nan,nan,nan,nan,nan
273,legacy_feedforward,1,0.9906933969089473,4.440890618203107e-13,0.004741727438299093,0.03253650079930453,-4.4149862926046686e-05,0.02698563869776337,1.0000000000007065,2.5324670125203372,1.0000000000007063,0.4524362280863655
274,legacy_feedforward,1,0.9875911271894189,2.2204453091015536e-13,0.004518265211345765,0.038339546306976384,-2.50572488056477e-05,0.028552404544273977,0.9999999999892712,2.508092937765801,1.0,0.4540127358699849
275,legacy_feedforward,1,0.9055425679931375,1.332267185460932e-12,0.04112622066483233,0.14606077467604617,-0.00020537394156250994,0.03376027011009263,1.0,2.631172787781953,1.0000000000000036,0.44645195375079594
276,legacy_feedforward,0,nan,nan,nan,nan,nan,nan,nan,nan,nan,nan
277,legacy_feedforward,1,0.47482344215949907,9.141462315305641e-09,0.09042226693623974,0.5750846674507296,-0.00019928607338385101,0.04465989511062139,0.9999999999999876,2.963981438748937,1.0000000000000135,0.43006462367401244
278,legacy_feedforward,0,nan,nan,nan,nan,nan,nan,nan,nan,nan,nan
279,legacy_feedforward,0,nan,nan,nan,nan,nan,nan,nan,nan,nan,nan
280,legacy_feedforward,0,nan,nan,nan,nan,nan,nan,nan,nan,nan,nan
281,legacy_feedforward,1,0.9936729697901625,1.332267185460932e-12,0.0013671575652956707,0.026935307741604953,-8.82018919215517e-06,0.05206144495713122,0.999999999999988,3.2687822786705376,1.0000000000000002,0.4187339286016763
282,legacy_feedforward,1,0.9972588118911755,2.2204453091015535e-12,0.00028339029236031766,0.013563744771482953,-1.5388647444892606e-06,0.05903348743883284,1.0,4.008718912153875,1.0000000000000004,0.39982607668355735
283,legacy_feedforward,0,nan,nan,nan,nan,nan,nan,nan,nan,nan,nan
284,legacy_feedforward,1,0.9991370457372719,1.3766760916429632e-11,0.00024370086063732778,0.006534507821596899,-6.361070326201334e-06,0.137567312500764,0.9999999999998117,66.78145700376211,1.00000000000011,0.3366944908155639
285,legacy_feedforward,0,nan,nan,nan,nan,nan,nan,nan,nan,nan,nan
286,legacy_feedforward,1,0.9549333323846274,8.659736705496058e-12,0.021807812667273836,0.08951429849481664,-0.0001886429753093089,0.08902452245080117,1.00000000000161,5.35606255064443,1.00000000000171,0.3807215743182911
287,legacy_feedforward,1,0.9939587465178871,7.771558581855437e-13,0.001139815176556003,0.02741275494210387,-3.045569225255087e-05,0.0360781046785051,0.9999999999999993,3.094580460430591,1.0,0.4248613862621474
288,legacy_feedforward,0,nan,nan,nan,nan,nan,nan,nan,nan,nan,nan
289,legacy_feedforward,1,0.8164459952946985,6.883380458214816e-12,0.025778510634185934,0.30424859041607955,-0.0006244201517225126,0.05121888046333398,1.0000000000093552,3.954930433951143,1.0000000000093787,0.4009137459637113
290,legacy_feedforward,1,0.9906687620986405,2.2204453091015536e-13,0.003605669969412323,0.03696567193192416,-4.055706784094242e-05,0.016595584646953158,0.9999999999991477,2.415917239640359,1.0000000000001448,0.46037186380735395
291,legacy_feedforward,0,nan,nan,nan,nan,nan,nan,nan,nan,nan,nan
292,legacy_feedforward,0,nan,nan,nan,nan,nan,nan,nan,nan,nan,nan
293,legacy_feedforward,0,nan,nan,nan,nan,nan,nan,nan,nan,nan,nan
294,legacy_feedforward,1,0.9051304092785869,3.108623432742175e-11,0.017075504557149897,0.15792330326823772,-0.0007782628579747506,0.14071323137743175,1.000000000000012,18.202670338888986,1.0000000000089342,0.34600567455714143
295,legacy_feedforward,0,nan,nan,nan,nan,nan,nan,nan,nan,nan,nan
296,legacy_feedforward,1,0.9984705792557138,8.881781236406214e-13,0.0009396651555469247,0.011492644857166265,-2.5622465379524806e-05,0.03944625997142876,0.999999999999992,3.2893992738379243,1.0000000000000002,0.4180626044815074
297,legacy_feedforward,1,0.8544996328077474,3.996801556382796e-12,0.02665367462550738,0.16955555484823548,-2.0721778602451603e-05,0.04762209497063116,0.9999999999994503,3.377235998054095,1.0000000000001064,0.415316929786147
298,legacy_feedforward,0,nan,nan,nan,nan,nan,nan,nan,nan,nan,nan
299,legacy_feedforward,0,nan,nan,nan,nan,nan,nan,nan,nan,nan,nan
0,reversible_IPNS,1,0.8480132312154357,0.10178981439958358,0.00535026614571557,0.05974601323749455,-2.7866314848317886e-05,0.04274097726908385,0.9000077277453024,1.8883303443156616,1.0509260114871464,0.6122867457780247
1,reversible_IPNS,1,0.8256689525407322,0.1173252050569928,0.003485071756672215,0.056749769695655504,-7.653777858195234e-05,0.060475856029431244,0.8846924629634916,1.9156328913016245,1.0584607213687038,0.6117370358150249
2,reversible_IPNS,1,0.6967579906180875,0.15889758739770107,0.006796409896142797,0.15769516165629927,-5.283658803405222e-05,0.07248163387707893,0.8502886963114844,1.8414788266380269,1.0803780204100186,0.6401722046743432
3,reversible_IPNS,1,0.5065878026233864,0.38163460500438356,0.002678460268933152,0.045111479634179566,-1.5933167803154907e-05,0.16369883621801598,0.7146200962969408,1.9526674504307198,1.2237619070967287,0.5630217620142765
4,reversible_IPNS,1,0.2967955873017362,0.6227380906363428,0.005647806476607435,0.034285209865597625,-1.6477442025054697e-05,0.3508950971532029,0.6125607276377475,2.028204448990211,1.4367897262788558,0.504609877765469
5,reversible_IPNS,1,0.362880111970872,0.5256482681854725,0.0038156851330554023,0.09511594386477518,-0.00027713885607716414,0.2969866146496529,0.6493108635185825,1.9841101473841607,1.3391157515536563,0.529846213955123
6,reversible_IPNS,1,0.5338550063565719,0.34235569592376774,0.00167536639793277,0.04835690852374635,-2.1467151950171924e-05,0.21383536655278904,0.7315523152213721,1.9817142349732728,1.1909836037745285,0.5686276702311879
7,reversible_IPNS,1,0.22891997914524911,0.6567802736522586,0.0008036745655689159,0.05506338909340403,-4.742749855109229e-05,0.6087246337696491,0.5966113991052232,2.2341271941984573,1.4476073773648712,0.4351000350629148
8,reversible_IPNS,1,0.25239021035054643,0.5123651875811559,0.017451693052896535,0.20756771695445608,-0.0002961899259988966,0.4722198800294127,0.6413454366754785,2.174278081170239,1.2817935324275853,0.4841855217987752
9,reversible_IPNS,1,0.3949879805294673,0.4885091893778715,0.0019319569592435718,0.05327619594280771,-3.233291322719844e-05,0.31404012475434745,0.6539302772430663,2.2807322045089293,1.2824269958276733,0.46488903215439437
10,reversible_IPNS,1,0.747366659455356,0.07300642875112348,0.07329814214102949,0.16246084206021863,-0.00019121680093664147,0.05832416704809882,0.9245094076408202,1.8331210466099117,1.035581654802265,0.6418644187878596
11,reversible_IPNS,1,0.2620947836659385,0.5386537365120124,0.02933994138684435,0.16970054874097995,-3.8753643255120576e-05,0.5281047828564912,0.6345015523861478,2.2269775652116177,1.3149286037466328,0.45827956182121055
12,reversible_IPNS,1,0.27063706094832,0.6534149067336947,0.0018144710310064314,0.013449439418987552,-4.794045028328377e-05,0.5313225477628578,0.5990042578906818,2.1345703924973494,1.4569262011570805,0.4679755139639259
13,reversible_IPNS,1,0.7826834672941902,0.13693523965468868,0.0018409285281511235,0.03972495079082766,-5.483522029366709e-06,0.04918700934484109,0.8775004013419431,1.6506819019578576,1.0725735749616143,0.6845761162494107
14,reversible_IPNS,1,0.39608078779525235,0.3329000190183816,0.06415235472833092,0.20470377369931872,-0.0003999713875796874,0.32047279973832654,0.7355083915020394,1.8878151202508364,1.1830842907646688,0.6031461761491878
15,reversible_IPNS,1,0.7621678372532997,0.1895871111545162,0.0017825436814488068,0.014468583813876787,-2.8368489760223903e-05,0.11581433611914328,0.8157866328124778,2.252929314323433,1.0925562340756443,0.5298567219261944
16,reversible_IPNS,1,0.8940366345866988,0.07757423438059921,0.00022083937722423776,0.008279195577058297,-5.974522661276939e-06,0.05031666873942095,0.9191207887823956,1.9541823574191193,1.037665403913663,0.6063969368568246
17,reversible_IPNS,1,0.5145180496747793,0.383507267686253,0.0002844831603473993,0.015118459492904485,-1.7933383573341966e-05,0.16810249910937117,0.7213922283620916,1.8112646794215144,1.2350907508116542,0.6000898112280377
18,reversible_IPNS,1,0.7995465150444019,0.11474176216821468,0.003647506876616355,0.06652768702477571,-0.0001015292538007429,0.053135150035909705,0.8893466688681432,1.7319122460783818,1.0579066893496958,0.6778862927759299
19,reversible_IPNS,1,0.825313063887243,0.14103332760377754,0.00047046282253070636,0.021223195326431445,-1.0520946160041962e-06,0.0650094026865838,0.8670618125072027,1.9965866122646143,1.0719116280748104,0.5638725875229061
20,reversible_IPNS,1,0.6099589099154114,0.2962761320046943,0.011680107465620641,0.13788216577497614,-0.0011352013779742016,0.08419687520629551,0.7639898432483129,1.9435154902428755,1.1672964170422078,0.5600164163816143
21,reversible_IPNS,1,0.32068700723086746,0.6106829150623846,0.0004596411229377266,0.03724435627433577,-0.00024340814110858516,0.41769345394044843,0.6165545193594069,2.0284717097833997,1.4248186277713666,0.5068215882049895
22,reversible_IPNS,1,0.5414377895623496,0.36841140698342656,0.005206594565456129,0.06304810262772849,-3.976674873887546e-05,0.18185301144650876,0.69608918434469,2.541218505906467,1.1842009197313408,0.44617949693503745
23,reversible_IPNS,1,0.3373806468899273,0.5146785071693197,0.00043177136762042456,0.018631617585797185,-1.2415182962204505e-05,0.35515948217191995,0.6554465207484473,1.9396043048746328,1.3335835757754235,0.5528001502727221
24,reversible_IPNS,1,0.4460477125097644,0.449480867518633,0.0011878073769817498,0.04257989125545528,-2.3294034596995168e-05,0.3921124634709372,0.6666446209816723,2.3722007001410113,1.2463395142533558,0.45587294913167026
25,reversible_IPNS,1,0.5637808439311381,0.3506539947519897,0.0006514583679240964,0.059360332000432794,-7.369778884155137e-06,0.11971595185077787,0.7357149983816107,1.884847347241946,1.2071570871262691,0.5768793658435406
26,reversible_IPNS,1,0.48911744709392935,0.4149473306451427,0.007786766540563302,0.13612668444408205,-0.00037879064315388903,0.18289634799394303,0.694662661577083,2.0855228182425947,1.243912362504275,0.5125621951910463
27,reversible_IPNS,1,0.6600499771360065,0.3069550174503643,0.0006218743005974514,0.025046143773125452,-1.985387458777253e-05,0.13903972601235048,0.7467273755315577,2.222379538896914,1.165314203731292,0.48869186622858923
28,reversible_IPNS,1,0.42642626666259664,0.48505295837247636,0.0020359168530338454,0.04918210696542744,-2.8658035273419418e-05,0.39035467720687755,0.6523615524911409,2.3519190419762577,1.2769419429437576,0.4487713738085955
29,reversible_IPNS,1,0.30060508921369694,0.2099914500332475,0.02406959557082152,0.5549648299133519,-1.773028132829696e-05,0.20142230694798813,0.7942400074352552,1.9261591397578228,1.0963249072545371,0.5837976928861203
30,reversible_IPNS,1,0.7712447021743881,0.13978664359864199,0.0010790179328207708,0.016079893486699106,-1.0662295267528749e-05,0.0639059833998361,0.867936518796255,1.7670038246848299,1.0711070542741867,0.665327906838298
31,reversible_IPNS,1,0.4395157318837772,0.3902996129634437,0.022975172072205893,0.06414955436521261,-0.00013574949313816838,0.2908095113470447,0.7057906020269589,2.010523829629937,1.2220267702558307,0.5562030479140965
32,reversible_IPNS,1,0.45085544069557953,0.38601132695583534,0.0017878927113278457,0.03376807935569855,-3.6169479123406564e-05,0.22906055769580777,0.7230540653656278,1.6852153464440907,1.2407640177853025,0.6527106743110471
33,reversible_IPNS,1,0.15587552500741597,0.7336985673730025,0.002810149786625448,0.03224415605774928,-1.875555740585783e-05,1.0926720847232088,0.5750181907595783,2.113262036697803,1.558627452285244,0.4591427694146477
34,reversible_IPNS,1,0.11107880004689238,0.7544871380483781,0.007810125695936233,0.0471754592367536,-4.095743711178238e-06,1.2860371263149573,0.5692677651952689,2.108869857181656,1.589473290294313,0.45462668421201696
35,reversible_IPNS,1,0.45434886190681634,0.28119566139493374,0.004428082149523665,0.277906649468005,-2.202080094767787e-05,0.12033117747233985,0.7651319960123794,1.8300802817080353,1.1478262869377116,0.6179827488088753
36,reversible_IPNS,1,0.37627568957770635,0.5508600388778577,0.001108804635765879,0.01476236935254411,-2.2769694866946902e-05,0.2819370085021875,0.6463512176349312,1.8648323694386706,1.3835159450698442,0.5616207257137663
37,reversible_IPNS,1,0.5266184357108071,0.2751280302393588,0.017262885742985012,0.13812167748687196,-2.7992123392153065e-05,0.13417491409025042,0.7796100259869071,1.6913255750837077,1.1552965241709348,0.6672933805118455
38,reversible_IPNS,1,0.10698304219247672,0.7787347777594573,0.00028035058522170086,0.011406994393906345,-9.8211828128825e-07,1.070098859172496,0.563406857102847,1.904786236930041,1.6435749050122352,0.5427891281421992
39,reversible_IPNS,1,0.47687447413853024,0.44152170801023455,0.005008723406785656,0.04528886628903492,-4.6598959145964295e-05,0.18202696999365664,0.6923676817489169,1.8806865499813694,1.2807972943671662,0.5646493699065785
40,reversible_IPNS,1,0.2266364982775145,0.674948269046971,0.0004822994656920678,0.025582089719956194,-2.054144413747253e-05,0.739606885710189,0.5871055726731913,2.331498509265338,1.4540284326870136,0.40872220101848805
41,reversible_IPNS,1,0.23065410720522633,0.6542719996017802,0.0038736128362538372,0.02897441219942221,-2.534601905036354e-06,0.46360469170754576,0.6017375991493998,2.001284128868518,1.4725915718877731,0.5142172900174469
42,reversible_IPNS,1,0.6229081547914233,0.27523872259793325,0.00515877001697789,0.059863814750684585,-2.0916367882226043e-05,0.15680341215781443,0.760035950110027,2.1470908636875627,1.1402057113199975,0.5514135788921533
43,reversible_IPNS,1,0.5121854259197903,0.4279792848618836,0.0016395128487639444,0.030365807986062015,-6.267492123343542e-05,0.16034345326154475,0.6860922199790486,2.152932771648655,1.250405922886939,0.4952557519595604
44,reversible_IPNS,1,0.6464427757423866,0.23419643131343656,0.0023904988424043577,0.07721312564348598,-0.00014789048640977926,0.12294352527867235,0.7882831115793428,2.0653120961939955,1.1182644059947229,0.5794022062932985
45,reversible_IPNS,1,0.19924783910108837,0.5920483238495681,0.008973917708787742,0.07714632703601351,-6.527929408199663e-05,0.5923687984048633,0.6269328208630687,1.8763459088999943,1.4089730327344616,0.5670385162995843
46,reversible_IPNS,1,0.6331553038827312,0.2877422479123225,0.002789764488976069,0.030740944347335656,-7.005400478263608e-06,0.1159409255074662,0.7719681709737811,1.8556920475091168,1.1640163896634004,0.5909850520929301
47,reversible_IPNS,1,0.25858372731701246,0.6317708437311772,0.0011121023219010436,0.016206027410371037,-2.132757214901856e-05,0.42540108778413227,0.6118311817435427,1.9270121268706975,1.456673694523597,0.5418305125858766
48,reversible_IPNS,1,0.3788176704337313,0.5231080526813899,0.0007759779208308465,0.02074872116242438,-1.5115786246727415e-05,0.3585102988151385,0.641155397864487,2.276401489151511,1.3123034916196115,0.45693305571668197
49,reversible_IPNS,1,0.2287907303565837,0.5830830576548438,0.010447749369276303,0.18526565645073892,-5.183690380992366e-05,0.4096263186582707,0.6198161768135763,2.0180020057434143,1.3524151342835553,0.5181012286676004
50,reversible_IPNS,1,0.20252646358502108,0.7083352520622073,0.00026424859840498444,0.015850474803071623,-2.086447540921875e-06,0.7726266975771734,0.5812865496601278,2.1928208301176775,1.5143855154621255,0.43730175264529364
51,reversible_IPNS,1,0.6685333002515069,0.22171829939607227,0.0034219565903008562,0.13718930299540977,-2.0187273229689208e-05,0.12529969095046933,0.7844572358603747,2.4310764478141174,1.1053954401529325,0.49587316419869315
52,reversible_IPNS,1,0.5201289803744787,0.4289014484128812,0.0015564338245967404,0.03763634697280159,-0.0001248708109233548,0.18287179763417874,0.6936002897934884,2.0127252638458204,1.2634509112160504,0.5217423276454354
53,reversible_IPNS,1,0.40803686929654304,0.5219052958066445,0.0003549146005315003,0.01656833292531741,-7.5647215478005225e-06,0.24962778641154976,0.6576259072196994,1.8792663245967143,1.3540964712671828,0.5582465318408611
54,reversible_IPNS,1,0.8302966791572794,0.0957883704915002,0.002665768293696407,0.07391018718705128,-6.863878331473883e-05,0.06677260019052371,0.9040155625950042,1.8510409501192013,1.0473834436741276,0.6364425474439653
55,reversible_IPNS,1,0.5565692613025262,0.32503550577645557,0.0012194007666799058,0.03128573563645199,-9.526483246444403e-05,0.1352215726743275,0.7520869213873058,1.7693255493808537,1.191229430822762,0.6252794899337205
56,reversible_IPNS,1,0.34292795286247624,0.25513367224010336,0.006770117776321438,0.37340362999011495,-0.00041889741689859485,0.18199911025146012,0.7821163501587192,1.598783072729928,1.1312996820564698,0.7151621459707707
57,reversible_IPNS,1,0.916343929086129,0.046747661795661984,0.000456918674579186,0.03266385880384921,-2.393385347032294e-05,0.030225189311497157,0.9523729702515278,1.6853972159490003,1.0230964232431865,0.690536221499082
58,reversible_IPNS,1,0.373326643374715,0.46938658146491774,0.0027151173952609407,0.10620303748275355,-0.00010323957755724397,0.21887952459502402,0.673223761147811,1.9418825777972482,1.2887815940694747,0.5563006087647591
59,reversible_IPNS,1,0.4320133666753777,0.439459135873335,0.005996876289879023,0.14486416713218273,-5.389198245383027e-05,0.17014806222588957,0.6865638379382715,1.9762969938146295,1.2673350426152812,0.5425699812647489
60,reversible_IPNS,1,0.26390023079910413,0.6342326213179321,0.0012624250702246295,0.03275626013461094,-7.819477345937565e-06,0.46387309271502775,0.6104484956687845,1.9377248134173248,1.4581583180333426,0.5381642189114556
61,reversible_IPNS,1,0.9626580743033325,0.02004212622336287,0.0012651837316036718,0.017398320397184402,-6.172784113503573e-06,0.022115455883226817,0.9785440916126648,1.6607839012744456,1.009686408030288,0.7108817416828235
62,reversible_IPNS,1,0.50557021219338,0.4139870895569467,0.0010053486387318264,0.0640306448346588,-8.926729710798357e-06,0.21985694407469628,0.687586053146071,2.2465119790927823,1.2321839742885499,0.481014226091738
63,reversible_IPNS,1,0.4269265199941377,0.4415533004689,0.0008785784385739917,0.0503973750674977,-0.00022142610058728976,0.26940222051543167,0.6751222225354083,2.2304139194656263,1.248887876802893,0.4900653107187996
64,reversible_IPNS,1,0.2082669718691557,0.6955646099812225,0.0026397855285359567,0.04242758358923048,-2.6033313153822948e-05,0.5014781731320589,0.5902502826347177,1.9236145695539253,1.532394479670394,0.5363427512264495
65,reversible_IPNS,1,0.809758282208514,0.10168200681491098,0.0006140104794043793,0.06201334290202014,-7.081493473672537e-06,0.0732969167808574,0.8939621102197993,1.8635082562320848,1.0489681470118861,0.6599140418046484
66,reversible_IPNS,1,0.6715618259117773,0.26865052305362447,0.006133746798146166,0.054482292918856624,-1.1894373185086383e-05,0.11802722173663623,0.7495966003879524,2.5781324378954724,1.1282907687004093,0.4616559859134496
67,reversible_IPNS,1,0.4086394750188911,0.44276618805642337,0.0007565687469265548,0.04205528564784241,-1.3640944934102666e-06,0.30284721202397774,0.6858520211168739,1.9452869485732698,1.2688111182199515,0.5614531449712575
68,reversible_IPNS,1,0.7413910104726409,0.1985106076959942,0.003770155340752268,0.03404804919805447,-2.8815916040321526e-05,0.12556991855596075,0.8137505026047572,2.1562973644127923,1.0993468894744305,0.5428349340266113
69,reversible_IPNS,1,0.6502833158802047,0.26359173945909936,0.0004270819528838444,0.008193577979608598,-9.683318028174754e-06,0.11726286943492842,0.7846651546628401,1.8542387030391647,1.1466477512078461,0.6018832274761676
70,reversible_IPNS,1,0.6211682184764512,0.05544570060686755,0.041178613684387966,0.3474265847256467,-0.0001513799272042366,0.06342683736032409,0.9345834348013694,1.9202405075107858,1.0252457881513874,0.6521299858968992
71,reversible_IPNS,1,0.21062943622695637,0.6417618868334506,0.007797506017954664,0.041530951666305,-5.981116717711378e-06,0.68238123428,0.6017620219583172,2.3274606384589496,1.4202006605346993,0.4048861961231774
72,reversible_IPNS,1,0.3015497553510931,0.5366049152917087,0.009783677747674028,0.16732580430298985,-4.947284753672121e-05,0.2767586693793711,0.6448654501293869,1.973784378829313,1.344137106044843,0.5306811933737439
73,reversible_IPNS,1,0.09937265592679181,0.05462717793073312,0.1676421094584271,0.7410212172434105,-0.00023763253115614402,0.2760419004580175,0.9179093943835858,2.066154395633621,1.0215796151355572,0.5491005918146743
74,reversible_IPNS,1,0.638452745094531,0.30194961584763563,0.00018925591991101609,0.02325548644829287,-7.211296376574261e-06,0.17174423680084444,0.727155102225785,2.6240792843642935,1.1437342216491369,0.4559146382620516
75,reversible_IPNS,1,0.20115308422838554,0.303432005104512,0.20238782127408486,0.3208374859090192,-2.343015388964543e-05,0.48787366532709003,0.6920533424012809,2.3613657946605304,1.1031701068468664,0.4523101291911645
76,reversible_IPNS,1,0.13130067129870915,0.7734837861336729,0.002058888205524119,0.04218340184786278,-9.582686225521352e-06,0.9027788594143202,0.5642534518492173,2.00012190446027,1.6273627256958483,0.4998541084378967
77,reversible_IPNS,1,0.7898111177762358,0.15500386559155524,0.00446421474272062,0.024946169513383926,-4.1651351805997665e-06,0.09358137735657493,0.8503940664769954,2.026534743341549,1.077284859658376,0.5809515768518873
78,reversible_IPNS,1,0.49075773699807634,0.3927856724068457,0.0006108918247768865,0.0322401921054608,-6.215236141234693e-06,0.22253694704185226,0.7016559498694352,2.107717726788661,1.221382112299933,0.5277445656189722
79,reversible_IPNS,1,0.5959891757905639,0.30226321856514543,0.0027810582905627027,0.042613250028515105,-2.4133790914668886e-05,0.11309854535301431,0.7668355672569702,1.7688748883143317,1.1770045797455035,0.6192560730716127
80,reversible_IPNS,1,0.19419872275345235,0.6290640690666395,0.009286407800343994,0.04493893401350499,-5.329161556457649e-06,0.5894438488744702,0.6123981797913066,1.9780217856443634,1.4463028307345973,0.5215024093690381
81,reversible_IPNS,1,0.2434509955658273,0.6196711819557815,0.00723438933141882,0.030756712168124554,-2.5666687990345407e-06,0.7118462787246816,0.610663126363081,2.1849462436771696,1.410025613655327,0.45554853356267255
82,reversible_IPNS,1,0.3941400120204951,0.5236009327730388,0.004983707437612616,0.04234051133187353,-7.41659020113935e-06,0.22651201547076874,0.6460705818572816,2.119600350351891,1.3292173447635172,0.4916697786519202
83,reversible_IPNS,1,0.7442847779310471,0.21225864862355423,0.0009458495081804887,0.009819032713168169,-6.659158003523228e-06,0.08174543650695681,0.8007168865857894,2.2550070593503673,1.1054242832657386,0.5190438455156487
84,reversible_IPNS,1,0.7781131584328167,0.10921296764819453,0.005431253264598305,0.18768191485403424,-7.328572859309219e-06,0.06861754860429406,0.8854516044262885,2.0495293753884942,1.05227677270197,0.5944642793789098
85,reversible_IPNS,1,0.6369222259494691,0.23287751875414767,0.0036165506582435626,0.19235223845275704,-1.509620969065972e-05,0.10619624187750397,0.7901288714883893,2.1252148474988615,1.1183618448270596,0.5471440399877259
86,reversible_IPNS,1,0.6941011094499062,0.24456476701578506,0.00010423921115521947,0.01403249120089195,-1.1934767859216355e-05,0.09466622665091017,0.7884876634658688,2.047119951935216,1.1292053354932012,0.5533334228557039
87,reversible_IPNS,1,0.5822171647524372,0.3371470663332865,0.006999773843316024,0.0658456769491022,-1.9183291333664887e-05,0.12411769848597899,0.7435430833795152,1.9032107086484713,1.198061057078814,0.5651656406468796
88,reversible_IPNS,1,0.8077886747563294,0.13909379446981826,0.0007598342500384314,0.008349111504337564,-9.95410521939898e-06,0.08150824039024203,0.8633621132664778,1.9751559296984227,1.0688588858411632,0.6030162737316426
89,reversible_IPNS,1,0.39144163791895564,0.31226635590455143,0.005504305926147928,0.35448395230464114,-0.00038715169266182977,0.20162436126159078,0.7434100226955013,1.909862448465499,1.1633251097354742,0.58167260996588
90,reversible_IPNS,1,0.585306595775365,0.26433984238913594,0.006073285657000126,0.16061640230659513,-7.998288252367796e-06,0.14752692783351928,0.7655584600340036,2.161157672959701,1.1329676143200604,0.5534908438586889
91,reversible_IPNS,1,0.505587615800463,0.3576147564427007,0.005037179458474377,0.04524329164728925,-0.00010811217692240195,0.2531070171401155,0.713451265072919,2.2138976773040193,1.1895193171706886,0.5170506326955118
92,reversible_IPNS,1,0.6246997749131658,0.3062672624692781,0.014603893696702347,0.057441390529423327,-6.70048948352911e-06,0.16894667134600536,0.7420086274922794,2.2747715511632425,1.160400758685862,0.4915566453492709
93,reversible_IPNS,1,0.49274517311141613,0.25934825412238527,0.013247653399798427,0.23524692611463827,-0.00031389217770236755,0.12720687724628235,0.7721170868625015,1.9072521745959,1.127968526993974,0.6036334515901538
94,reversible_IPNS,1,0.3164289873520989,0.5089080445111966,0.022874990121669086,0.20201475289424078,-6.064254131374564e-05,0.320800296070067,0.6524091196895201,2.0209246445153775,1.3142209582385997,0.5208959160699631
95,reversible_IPNS,1,0.29772054942295356,0.5827259951130929,0.00015781979369596617,0.027400868562521895,-9.300281286964206e-05,0.43845993319247656,0.6144462741545521,2.4878052609458923,1.3434245345300933,0.39384439540925664
96,reversible_IPNS,1,0.5773168020083896,0.18787341032230045,0.017979661537919644,0.29119731523484477,-6.135241756804314e-05,0.10586207439163868,0.8196031607470491,2.026482982354016,1.091685988548781,0.5861827815362637
97,reversible_IPNS,1,0.7187463578749632,0.21820346547937,0.004680283117054817,0.09278325521638386,-3.7646978975199895e-05,0.11969210475059493,0.7996178599068005,2.2223777921065717,1.1102286813677287,0.5144069534839298
98,reversible_IPNS,1,0.47505531559182307,0.4363562191862096,0.007553741731851393,0.04948549922242191,-3.07546260305578e-05,0.2138229231449472,0.6874063263927306,2.015546967428062,1.2640285910539975,0.5297929647771215
99,reversible_IPNS,1,0.3771368779186087,0.5291661590258692,0.0040752093472637,0.05070825696900931,-0.00023392291455754863,0.3181579567186612,0.6328450793017644,2.4642280379442214,1.3009063401900907,0.41448506514577693
100,reversible_IPNS,1,0.05035741512525097,0.7597620579544262,0.0026884982713470877,0.20107177030758186,-9.725713434550492e-06,2.562910258035947,0.5681061475622291,1.911390723838428,1.6054702770928047,0.5403975212854157
101,reversible_IPNS,1,0.5590821839869317,0.33980353166357563,0.0005886971283225591,0.027607961976297626,-8.18989902680461e-06,0.13656448905234547,0.7378176764948756,1.9066376508695573,1.1949454243818418,0.5836612384287021
102,reversible_IPNS,1,0.38705149462905164,0.4807900203808759,0.0013374591886673572,0.0521298867590861,-2.996741588499038e-05,0.26343664440383624,0.6750752274800739,1.8146014507879655,1.3152572340495783,0.5937651460870693
103,reversible_IPNS,1,0.08643973814317789,0.8165180395671012,0.0004711767409946668,0.032554043168787204,-9.621931042048006e-06,2.1171814483467037,0.5504117256053607,2.0430240692193116,1.6830575591935557,0.48041920543014066
104,reversible_IPNS,1,0.44499508504783725,0.3837086630803179,0.00455543580765768,0.18200807068899652,-0.0006779612221051174,0.16643511155932994,0.7137460809930563,1.9066132966036262,1.2241690725521992,0.5742666939830404
105,reversible_IPNS,1,0.695659781410877,0.1918261964275274,0.003669009908353699,0.11025543424769324,-1.0851531830818806e-05,0.11596946694450819,0.8089568771830267,2.2735467243131087,1.0911083067743903,0.5450996717868632
106,reversible_IPNS,1,0.42162675953731565,0.23963522160807615,0.032227232553463686,0.35073832020703294,-2.3450651264382806e-05,0.17788332083859837,0.801122724071808,1.5836714935493366,1.1315444076284207,0.7130813212796554
107,reversible_IPNS,1,0.31972985065084686,0.2353020328578122,0.03683741904373305,0.45333566325239916,-2.8242489369914016e-05,0.310415639400732,0.7820656357299681,1.9153082892620834,1.1128756024308202,0.6091968971991151
108,reversible_IPNS,1,0.7014713919710255,0.2086190187455857,0.015757674590404343,0.14390819025699128,-0.0005859667762889407,0.10761315659164822,0.7945484699582936,2.454156217625967,1.0992274171297791,0.48884669918331636
109,reversible_IPNS,1,0.33309629339221375,0.5304668745905396,0.011993600053039894,0.10277581925330581,-2.1368851892648742e-05,0.5387506744025826,0.6349021455817777,2.34751960567268,1.3064743097614044,0.4364154556992838
110,reversible_IPNS,1,0.8442741189207945,0.1104124181671871,0.002240851232800476,0.03206731469419081,-0.000115119101625348,0.07186066853020634,0.8787297093987835,2.2320745743103747,1.0514496479511548,0.5630056879354928
111,reversible_IPNS,1,0.46271845631302877,0.29785805351241906,0.054123566776625505,0.17266641304654917,-2.405697044586556e-05,0.21613252501014388,0.7283477781900262,2.34368285194194,1.1316850373308271,0.508823328614913
112,reversible_IPNS,1,0.34862838023106196,0.5239067336561949,0.021806611622410942,0.06632003052660872,-0.00012420685680871748,0.34629684274594513,0.6496957268042652,1.9875758365163652,1.3371811532556335,0.5325864112139591
113,reversible_IPNS,1,0.623693959352311,0.2602894597781457,0.02307407658978721,0.06477300234103078,-0.00014227649423369544,0.21220917008056978,0.7589006899632802,2.3832104679698256,1.1249998085684665,0.5116628139315738
114,reversible_IPNS,1,0.717925189253582,0.21836512393561766,0.0011294539289304155,0.06788361510492023,-4.0607392790583756e-05,0.12639142044326906,0.7779462135926334,2.6415998107545544,1.0998422020933745,0.4774147979812108
115,reversible_IPNS,1,0.5941713953977658,0.2864834269715571,0.018059615973208244,0.13050342612001828,-6.9608965370223474e-06,0.14645351750027816,0.7522942802154298,2.2316209630452706,1.1466954934471938,0.5163808773073759
116,reversible_IPNS,1,0.5995606887371608,0.2570572366640355,0.007411471473072214,0.07418434057425227,-1.0073672091470276e-05,0.14375546460043973,0.7760124649194106,2.012129284968349,1.1329861672346333,0.5865074974315355
117,reversible_IPNS,1,0.15110742109280187,0.7533615724009584,0.0013811058997965841,0.02291972962506821,-4.1236882152333586e-05,0.8367717447426808,0.5679465474538452,2.131619249718261,1.5814022040015547,0.45283361869434935
118,reversible_IPNS,1,0.20222205091361406,0.3137134813366094,0.13841447836862286,0.38556077217054874,-4.076620003829109e-05,0.4628341017747717,0.6971492259188647,2.120752540804855,1.1162628869582993,0.5114676965414475
119,reversible_IPNS,1,0.22066815293116973,0.6962677943558131,0.0008342573576652716,0.03059460265416952,-1.350034011988349e-05,0.6872814401131024,0.5852879954559878,2.115601413039335,1.5087998501755822,0.46864315023617287
120,reversible_IPNS,1,0.7904280451583864,0.10283173277779681,0.03484017193553854,0.1035378015582505,-1.1538651962388245e-05,0.0750341540814925,0.8937835344761572,2.0378265572717127,1.049813158416411,0.5806242247716301
121,reversible_IPNS,1,0.7672543413882182,0.1820049497500859,0.0012040341778048475,0.01759309584442263,-5.0156488452535816e-05,0.06155016736774171,0.837310585058517,1.926816884431752,1.0955827565335916,0.5837868565763091
122,reversible_IPNS,1,0.5916499122475466,0.2951246989062784,0.0007089204281980957,0.03752727429740774,-2.2706427607732408e-05,0.14064836819879176,0.7667986322004746,1.8096955776011594,1.168291818318368,0.6161843731162024
123,reversible_IPNS,1,0.72981852070898,0.1783654420542299,0.005180283862839,0.04467628193925806,-2.4658802773512216e-05,0.07059744229860512,0.846777148084039,1.6822731297073372,1.0968986366073368,0.6666941181594543
124,reversible_IPNS,1,0.474829159860904,0.45034737611233217,0.0015442757620959047,0.055789033459257745,-9.850720064562291e-06,0.22619004020560216,0.673697057704646,2.197438374006896,1.2627774041334199,0.48455506741088067
125,reversible_IPNS,1,0.4291970784974492,0.47077351564829245,0.0017003577847778373,0.02382460418725952,-5.717982013689307e-05,0.22312474991507938,0.6757216823393621,1.925161082637503,1.2992011147445748,0.5555899414978588
126,reversible_IPNS,1,0.2789291932541953,0.37845924273822357,0.026438326794002657,0.3559758908738394,-5.0751154015391683e-05,0.28779722178736267,0.6936120032479,2.038127911886234,1.1791369992456318,0.5333499809218777
127,reversible_IPNS,1,0.19356374136059365,0.677079350346914,0.008438970910498696,0.08439316642348732,-3.290494889964207e-06,0.9803846008713414,0.5901236862414146,2.1727461185527157,1.4754456080972365,0.4518602950174358
128,reversible_IPNS,1,0.27993638512276986,0.42932490102370446,0.07250721940579823,0.2250207169711205,-6.654898767535762e-05,0.32743363644739526,0.6787083457811349,1.9712128661569073,1.225360972078977,0.5549475708481802
129,reversible_IPNS,1,0.4790027648197792,0.4564076111603147,0.0007410305722520574,0.04423059579672508,-1.0066876418601771e-05,0.18053705133179768,0.6841459356662445,1.934063429289026,1.291207859450464,0.5427853621479867
130,reversible_IPNS,1,0.45140592446173106,0.4873823758682768,0.0010410064855116443,0.03794231273501313,-2.656502021038455e-06,0.2210167892868483,0.6598043853007961,2.161990263946331,1.2968923374399746,0.4835799508097683
131,reversible_IPNS,1,0.10891186989080272,0.7805681412128987,0.00011428465072867357,0.01351996517713807,-1.2672098254426915e-05,1.004872035706542,0.5608974553965504,2.113912322487722,1.6257417875705815,0.45231830689438784
132,reversible_IPNS,1,0.5302771037298215,0.3858416020613169,0.0025581942399183094,0.018719761637449903,-6.653519737772092e-06,0.15011120624334617,0.7117646900657042,2.000574673455459,1.2261760514213615,0.5441107766633128
133,reversible_IPNS,1,0.3296377616522055,0.560129950539472,0.0007080541916268216,0.011235968904745321,-9.921800293663658e-06,0.4644093189497895,0.6331668802292015,2.091127882513708,1.363788564407169,0.4975027926576126
134,reversible_IPNS,1,0.12555303858523809,0.44456066936455474,0.10257245068494181,0.3848187830162916,-5.96743714258001e-05,0.6752052369462098,0.6622504374808988,1.967289126656806,1.2186741661860327,0.5265444095837163
135,reversible_IPNS,1,0.3385060822397289,0.5568501436601966,0.0035252275067791036,0.07161178269229435,-1.9076775350942367e-05,0.2584805237183514,0.6376329859669981,1.9901194375265099,1.3720086012721304,0.5266086992418153
136,reversible_IPNS,1,0.4007464903379789,0.5000042408866685,0.017881518038888183,0.0490166227083355,-3.0115227820593837e-05,0.4431401648283948,0.6427712541237991,2.453829340544013,1.2772594780627267,0.423475453349757
137,reversible_IPNS,1,0.691789917559273,0.2496262774549284,0.0019753987438098876,0.02550150254834867,-3.1600354902023936e-05,0.11425723666040635,0.786510514445206,2.049877463914863,1.1331438782622825,0.5452959584036671
138,reversible_IPNS,1,0.24198649691980872,0.6727693542223996,0.0005379459898502846,0.01857503138794692,-1.5657114825880148e-06,0.45593615122325903,0.5958860248750703,1.9921323383452645,1.496978764134818,0.5142040937524872
139,reversible_IPNS,1,0.19794596703479808,0.5527593204913505,0.036662754757522245,0.22768664441145967,-4.0966048331757874e-05,0.5561097954020263,0.6321953222890279,2.067715069353616,1.3298464897027162,0.49508005175662934
140,reversible_IPNS,1,0.24974593163024633,0.189413713885374,0.11466319460685688,0.547904314430026,-6.450193338773132e-05,0.19995255200137046,0.8111428774751103,1.8384156510174092,1.0875865002766425,0.6076518814909244
141,reversible_IPNS,1,0.8246422129382474,0.09705871697405277,0.002485653789804412,0.1011619835841363,-0.00026105942321163035,0.08537971982228362,0.892242353054295,2.1030397292379783,1.045142273851254,0.6049294190341612
142,reversible_IPNS,1,0.6191860435441804,0.33143751145977157,0.00014558751281067392,0.013218074289116333,-6.296901344146812e-06,0.16483305176227167,0.7331122617550759,2.182523270141923,1.1809960492248777,0.5021473610055919
143,reversible_IPNS,1,0.5282216750646863,0.32360015015037885,0.006649686109969117,0.10379324155907602,-7.286752548268539e-06,0.19163487771969534,0.739131440681896,2.0184375734514024,1.17622374072853,0.5631708230939463
144,reversible_IPNS,1,0.6472102668530163,0.2769402240739157,0.0012581314102294479,0.09918415619851562,-4.9325111984436385e-06,0.09844508948707942,0.7718644802714261,2.0012483185004997,1.1517896506769543,0.5530155605689105
145,reversible_IPNS,1,0.7353412144056333,0.15898983180848258,0.0013856995601606767,0.11111899776430378,-0.0006677410421455738,0.057861858926988766,0.8611544713328803,1.694468288716898,1.0855137957556729,0.6594800600323789
146,reversible_IPNS,1,0.13922248598788434,0.7528995171701347,0.0014208222299940483,0.03894631982187846,-2.9600074183811588e-05,0.9733293318152209,0.5698399869332434,2.135256156804591,1.5843124601078629,0.4445987014065207
147,reversible_IPNS,1,0.2541238831500684,0.622585572972391,0.0028497517469030873,0.041977683471157,-4.043612429277948e-06,0.4185752882391275,0.612809529303652,2.071236565030712,1.4302722739703135,0.48926340630196036
148,reversible_IPNS,1,0.4209198782126567,0.32997398172371534,0.008752917365931933,0.20987702923147383,-1.4462109574225539e-05,0.25131821025291906,0.739733268231959,1.880130654635895,1.1827483336903888,0.6079364389101825
149,reversible_IPNS,1,0.575218587759785,0.36413601723479905,0.0016667169630943078,0.023368521207248426,-1.8637046133486477e-05,0.1349777101634192,0.7310461800300575,1.8924866125470554,1.2201888292133278,0.5620415768222001
150,reversible_IPNS,1,0.6861506042634354,0.22865945483181546,0.00012328729280165497,0.008026904851356192,-5.309319768197783e-06,0.11346603808516141,0.7864215526498002,2.2131225751144714,1.1123520878705884,0.5488211611107976
151,reversible_IPNS,1,0.8547175000658569,0.08960980413024498,0.005800176024755614,0.042424719153719495,-7.02596835213955e-06,0.04381668682893797,0.9104633403892678,1.8221022749663724,1.0444707139399017,0.6438702299187153
152,reversible_IPNS,1,0.8873774159741225,0.08758897496094692,0.000532593683704192,0.014648758401575557,-1.071415732043531e-05,0.06749316345935664,0.9045610056257051,2.171581440616904,1.0413983109849876,0.558560906759727
153,reversible_IPNS,1,0.5023120595834806,0.19985376809226565,0.019730904989513343,0.31218945625466843,-6.801270722151815e-05,0.18617751926351506,0.8182120737499206,1.783092676591558,1.1018252449289918,0.6605512647255993
154,reversible_IPNS,1,0.648899931444253,0.2894814830561296,0.0007955026399366658,0.09062940326989102,-0.0004732222437461334,0.1775185986728856,0.7226721079386994,2.9537428065851064,1.1297269807866395,0.41447209320625816
155,reversible_IPNS,1,0.21802778194015057,0.4886142520032,0.09837963761637164,0.18181037382295934,-4.824505852030037e-06,0.3880947453760877,0.6467478945202753,1.9330603788096687,1.228934983922895,0.5688595553374922
156,reversible_IPNS,1,0.7419976891542113,0.19759777616326377,0.0011060780128591351,0.02148883051299593,-1.9021123664026762e-05,0.06331753661139616,0.8314776964713082,1.8168903230136855,1.1075894443796337,0.6084342841300436
157,reversible_IPNS,1,0.15318288607552466,0.7136368326975412,0.003097827237295038,0.08956963974749083,-2.7575069362193722e-05,0.7204748381538757,0.5816790051266731,2.0398436503944453,1.533718011600401,0.48962244830139245
158,reversible_IPNS,1,0.9249845332748812,0.03742154857516753,0.0007256084468201726,0.05388458721198953,-0.00013673125459389543,0.031548477878510374,0.9588660586410427,1.8390899393943312,1.0178186652997678,0.6574080823646824
159,reversible_IPNS,1,0.4356207016957761,0.38668730049247624,0.0022490000894492537,0.03228022874177749,-2.2539855795845944e-06,0.20711762397895597,0.7178255820581797,1.7794020451862955,1.2333554620133467,0.6246552202428348
160,reversible_IPNS,1,0.2777779570675339,0.6411297812451159,0.0012011543150839419,0.046583874002417945,-3.1444139025014593e-06,0.47275348990068355,0.597149614526402,2.3713559772813073,1.4126123430840625,0.4047423296932583
161,reversible_IPNS,1,0.5561140292865304,0.3916642229485535,0.0020071572328316236,0.024888958501208484,-6.91295945426642e-05,0.17599327314555943,0.6996358342002333,2.2391988584256874,1.2190707537025984,0.48098023661948797
162,reversible_IPNS,1,0.5087868736623757,0.4244458633434799,0.0007056607466497305,0.012064131787629984,-1.908002563878583e-06,0.2592365871090719,0.680991083458715,2.2922940776458085,1.2365143403188494,0.47218899855391255
163,reversible_IPNS,1,0.5129173809215526,0.3742828502661691,0.0009095540504271362,0.02626372015621422,-1.9706262603269155e-05,0.21873919702549316,0.703589288360267,2.2709236403727013,1.1973324730507509,0.5020742184406262
164,reversible_IPNS,1,0.879948905017577,0.08060825155272731,0.0036332046022449927,0.045868520217185585,-3.4205643795297416e-05,0.04901900305276551,0.9156786154937507,1.9764634407908122,1.039035524361791,0.6014862365741172
165,reversible_IPNS,1,0.15400564591919574,0.05398221714278216,0.1511370708290214,0.6999042984358707,-8.329502964198481e-05,0.11207921067119292,0.9307050847237135,1.6425296430751792,1.0234077341300343,0.6844196207015533
166,reversible_IPNS,1,0.7657721994946669,0.16132716037971642,0.008137034899864145,0.03774423412163623,-4.516581618642162e-05,0.10408544358224532,0.838576609159997,2.1145872561234333,1.0779556687421585,0.579960493885743
167,reversible_IPNS,1,0.15187426557178793,0.22610573414459972,0.10940327723968181,0.5576768697963944,-1.5862898258635894e-05,0.45902262737827315,0.7473602784537091,1.8844856926152913,1.0852460115222473,0.5878914149192677
168,reversible_IPNS,1,0.6517999310950089,0.29597180758499714,0.0005657049965720159,0.03137125010731771,-1.0256204242194032e-05,0.09903566385677208,0.7535056576020274,2.165479189453575,1.158496768246186,0.5124098318471594
169,reversible_IPNS,1,0.7473313727329169,0.18005574377737904,0.0006289854186973266,0.029869623549717617,-7.89378110651642e-06,0.09159566813426452,0.8376413963700142,1.8757530535635096,1.09389577059735,0.6121144835760105
170,reversible_IPNS,1,0.781515519779116,0.14348631566424666,0.000846665282990961,0.08234607739110997,-2.8656843338377493e-05,0.05943337739747349,0.8602787339063432,1.9561233945482883,1.071344981131729,0.6076621995506651
171,reversible_IPNS,1,0.6048364246256628,0.30365436085919845,0.0023239001102037626,0.08439908718594802,-0.00010002259639341763,0.11489148933629,0.7440200008721541,2.2165410520441577,1.158729851937108,0.513780371861179
172,reversible_IPNS,1,0.43651609210799924,0.4545175836940722,0.0032919105703981496,0.06162762244823049,-1.7916490536452586e-05,0.17701383629297976,0.683835213155086,1.894583115617245,1.2873967453110218,0.5676102559645418
173,reversible_IPNS,1,0.1358308283871264,0.12527106673021662,0.1580253758205967,0.6717222544149626,-6.728507006928221e-05,0.34103833972630754,0.8613790875758144,1.7439335653743548,1.055866993422371,0.6274231371976309
174,reversible_IPNS,1,0.7502365060491197,0.19946380874110145,0.002524602556578448,0.030504048915315343,-5.707570612088367e-05,0.07458931158028868,0.816910162738793,2.0961225276395608,1.101744336142992,0.5481950951451044
175,reversible_IPNS,1,0.1364925393581745,0.7699911551652657,0.0005568313503810887,0.02796004404811803,-5.655386272647416e-06,1.1691202053200982,0.5616689032480235,2.2240464506794084,1.5917032654643843,0.4168215686976135
176,reversible_IPNS,1,0.5383105972178382,0.1296360476584316,0.037668151985370595,0.35835089502244033,-0.0004650804244656958,0.08123072798577945,0.8745383414123011,1.6550999899624188,1.064547184720464,0.7025217492453999
177,reversible_IPNS,1,0.41903490481089506,0.47284605368319643,0.0006385085328176946,0.09184995313655832,-6.56398343371491e-05,0.2752919361271672,0.6674292995414491,2.0897303263357387,1.286937612433826,0.5111970246704911
178,reversible_IPNS,1,0.6094376513426645,0.3208428408129198,0.0013799667748266896,0.06123665791724,-2.2806232849619497e-05,0.17676687461896873,0.7091982336013567,2.8445918300629227,1.1482084066521243,0.4172426904606412
179,reversible_IPNS,1,0.12309838028637857,0.7673744970988488,0.0008004140244861715,0.062158233096193935,-0.00012521164306105503,1.1556839706334245,0.5650453804824435,2.022417642514459,1.6139266678455257,0.49434327268567574
180,reversible_IPNS,1,0.43082777879835044,0.4848256039110645,0.004862331956770812,0.08175705825880468,-4.839805164298808e-05,0.21687067648593245,0.6728743795214224,1.8854715536045539,1.3182957703418854,0.5575999605366836
181,reversible_IPNS,1,0.3818404939719072,0.45444360012636986,0.010297352465406863,0.18187067424505424,-1.6853703810151475e-05,0.29698909546162017,0.6793370344055063,1.9421925767711479,1.2774573424592042,0.5529351500208746
182,reversible_IPNS,1,0.3435147025464649,0.39037187335745044,0.07389574842534845,0.21979486109676433,-1.1161004952485384e-05,0.1933874772796753,0.703220239036732,1.8961374649862144,1.2126614109366214,0.5775474661977577
183,reversible_IPNS,1,0.5546945245714163,0.33041847342898656,0.00070216581647038,0.011804017051098754,-4.4581889973836625e-06,0.20477436029580068,0.740991423243424,1.9269473240020705,1.186722901841431,0.5827025104559563
184,reversible_IPNS,1,0.35695357366230096,0.4894283121659088,0.0010226633241965986,0.08332858208283962,-5.7732914855738734e-05,0.4125652267248135,0.6559647476684574,2.219474484276144,1.2869585361764329,0.4807300060154038
185,reversible_IPNS,1,0.5622897930597812,0.36212792874009936,0.004635545458623701,0.03589716653887954,-6.284743739945888e-06,0.21388220349894238,0.6971772871579627,2.60340485000081,1.1794030072779922,0.43777972391787684
186,reversible_IPNS,1,0.6193864651395286,0.24618473733369706,0.006684820396284168,0.028897915137701,-1.7191606625377665e-05,0.2029257698690825,0.7793029160184416,2.0760163889427967,1.124193899165631,0.5797725870646945
187,reversible_IPNS,1,0.6185610571198402,0.23262654952280754,0.004584215903252231,0.19891264435406178,-1.8316741013468507e-05,0.10179092287104358,0.797010420821231,1.9882004254294325,1.122107128043449,0.5686912879914326
188,reversible_IPNS,1,0.4936593596989851,0.41030501762115745,0.0027167493439593663,0.08628295298462543,-1.076644836337559e-05,0.22066397913066033,0.6875499822780453,2.2674005963904316,1.226594468692316,0.4766012467652797
189,reversible_IPNS,1,0.7944723535697041,0.1396322298210567,0.0016297217745233196,0.12353183676071322,-9.179102815687562e-05,0.10258376141858831,0.8539869770668718,2.3348207709073083,1.0662282955312057,0.5133604835724914
190,reversible_IPNS,1,0.5330818414180386,0.3986305011924162,0.0009388629004410987,0.04754508104582979,-5.788093851080241e-05,0.2649082286351443,0.6858740481230132,2.4598036372597702,1.2097602332973874,0.4469593817530725
191,reversible_IPNS,1,0.496570327526893,0.40960062976609746,0.007383555468987747,0.060812054191708306,-2.277436701694405e-06,0.24384464129782998,0.684639703431662,2.3497392273749607,1.2208376799019227,0.4663288894221295
192,reversible_IPNS,1,0.4416570706793734,0.4617190240619253,0.0007151255808530928,0.021663151424548128,-6.866401157025178e-06,0.1893805593936622,0.6733855671490255,2.0611002113517576,1.280239724050984,0.5210868241158488
193,reversible_IPNS,1,0.7798845152084847,0.1771173659453487,0.004599445822608292,0.04136002381345489,-5.360064592944843e-05,0.1190001701408371,0.8128536030165973,2.583621773317281,1.0815309983154726,0.48079018028894455
194,reversible_IPNS,1,0.27318151469741037,0.6249099653720842,0.004034303655520423,0.07066491192104711,-5.179367518144569e-05,0.5451294391703416,0.6084255832518659,2.1090832169655878,1.4271169228731477,0.48357267975396345
195,reversible_IPNS,1,0.3259903540068459,0.5301986987042833,0.011669480291469633,0.14489987371118676,-7.6209810816194935e-06,0.363222958487523,0.6459667354552692,1.970327935015501,1.3376442129060948,0.5359067880984189
196,reversible_IPNS,1,0.4102565767991859,0.3651657572749592,0.04245388110606621,0.24455610815948614,-6.469656263552132e-05,0.29470658085627427,0.705210719751661,2.2401768724777718,1.1885279598038259,0.491258976080955
197,reversible_IPNS,1,0.5050550736380843,0.42833491942504215,0.00040520799597965973,0.035970756493793055,-1.2485138646779077e-05,0.19886176919622736,0.6783614379887805,2.318264659912449,1.2384333654750919,0.46389969302708384
198,reversible_IPNS,1,0.6795009465830488,0.2259817589657239,0.00745191337263222,0.0649609516501137,-1.8470601220049427e-05,0.10667430795797306,0.8024493555700553,1.9424455407601515,1.1189815909290892,0.5921950256032521
199,reversible_IPNS,1,0.7091436495721807,0.2062797493186343,0.00917460093099103,0.03583886492834519,-8.053400759651219e-06,0.09196664308747887,0.8161434704194608,1.9105713201159908,1.107471983257995,0.6061769376204145
200,reversible_IPNS,1,0.6478889612368526,0.29040977752174685,0.005148599040199017,0.07697138255025485,-3.483858528336931e-05,0.14952262236876113,0.7346973395323741,2.6322751091676486,1.1387714875570696,0.4483411071249984
201,reversible_IPNS,1,0.3799407536993457,0.5139590847364703,0.003290919256364658,0.0642231277704811,-1.041532401757862e-05,0.28796669454317947,0.6546199352035419,1.9816940159243155,1.3301993754316122,0.5328965947315544
202,reversible_IPNS,1,0.6727093033550428,0.1131255144209792,0.029447630143498046,0.24237735067677954,-0.0005284647629873833,0.07532839342113798,0.8871981463378397,1.75194393471414,1.0557042145880797,0.6796431093522479
203,reversible_IPNS,1,0.620464472127692,0.31941702092208557,0.002123949496729757,0.02054178133918215,-3.9725348647109525e-05,0.16411561615849657,0.720660384164792,2.556886288119734,1.1559770942918424,0.4577921674100355
204,reversible_IPNS,1,0.6505035389013352,0.26566819090418264,0.004888295412383743,0.0514940893804429,-3.3569823499882274e-06,0.11970250890583357,0.7661638226028815,2.1824436924285164,1.135435627083327,0.5370554375390142
205,reversible_IPNS,1,0.412713352204385,0.48779176248830924,0.0030777379670828007,0.020213962442070264,-1.8034432375624417e-06,0.29937136369074197,0.6624564874612481,2.0561218085623407,1.3024274020004085,0.518441377187967
206,reversible_IPNS,1,0.8142623324545082,0.13058410483581193,0.0004939828104195116,0.01438700214222982,-2.7618152995593015e-06,0.036230507258092355,0.8797882251373922,1.7539424473150844,1.0678515649522944,0.6493827516140448
207,reversible_IPNS,1,0.515018424465567,0.4104169923566199,0.0011491763700312734,0.02171066493515689,-6.35795968216336e-05,0.2122416518437755,0.698988076932999,2.034757247402781,1.2438810470647308,0.5287792201919886
208,reversible_IPNS,1,0.7687642727638255,0.17189177172582526,0.00038020040049445853,0.0241274487754153,-4.777524837513076e-06,0.09599487917738564,0.8341239996979797,2.0456839609507225,1.085028284818572,0.5877705865403621
209,reversible_IPNS,1,0.747315855358597,0.12608777261257503,0.0017517265410010164,0.1679784468368398,-3.1607539596910595e-05,0.11172693732012617,0.8698529589235456,2.005835801700336,1.0605255488803813,0.6143701476984255
210,reversible_IPNS,1,0.5531021053994557,0.3629665968017619,0.0050307360674698084,0.04358720517224955,-4.365695015765852e-06,0.21177235209569717,0.6956605542513707,2.628759810994176,1.1779237901221116,0.4372723510661067
211,reversible_IPNS,1,0.2669966539753335,0.6248503444222411,0.0012096897797937566,0.039667629948432835,-3.217244686275615e-05,0.49477177311267606,0.6074412293493363,2.212735879220597,1.415376599666972,0.4488244531681038
212,reversible_IPNS,1,0.6876627495519683,0.2656764204132892,0.0005276588146148747,0.01358383362025467,-6.508261980407694e-06,0.09800663718198037,0.7830653688355044,1.95827261852145,1.1478368681165727,0.5544562759979611
213,reversible_IPNS,1,0.3732489931632473,0.49387442692648786,0.0074293347454187884,0.09170000467326839,-5.472127259151727e-05,0.3293981644122151,0.655635717388813,2.1424550001441145,1.2937367633635066,0.49479389620285474
214,reversible_IPNS,1,0.8840964680329827,0.06637750562922334,0.0017218868893170674,0.03645275520039005,-4.488171226303399e-06,0.026541871814349496,0.9359837537547766,1.6096154242797867,1.0337545076483392,0.7089268461655346
215,reversible_IPNS,1,0.45688947745676195,0.4344124331221054,0.0013760062435782974,0.019377830281495288,-2.379640579626651e-06,0.2709907013089071,0.673659864284449,2.361366618579064,1.2353405615646706,0.46432372980087416
216,reversible_IPNS,1,0.8807867951277959,0.05026300452207775,0.006230899600094866,0.11249051773591368,-0.00010313887436727387,0.02645256235736475,0.9488624443728204,1.6453177572100066,1.0248388857437096,0.7095084062062055
217,reversible_IPNS,1,0.2775180840059354,0.5656101440865704,0.0036593955514726446,0.12780885575187148,-8.375709875969558e-05,0.39275408144046287,0.6360498273533662,1.9136671279493664,1.3843078157459763,0.5534381968903258
218,reversible_IPNS,1,0.8550700239434551,0.07824780000062172,0.0013614023922108322,0.1154464915535204,-6.6236940724511e-05,0.05016826366598499,0.9219348534178315,1.8084519493574902,1.0389457636225834,0.6416539310708648
219,reversible_IPNS,1,0.2282682312391393,0.6136602228314797,0.001018504866117088,0.08203475653898004,-5.0519008345703626e-05,0.512100660943689,0.6169677011292515,2.0230894229035083,1.425277355345795,0.5068613335174851
220,reversible_IPNS,1,0.19804985301873476,0.705854022143863,0.0008185968475564692,0.050942296164623965,-3.3378938366972475e-05,0.4370502397080665,0.5858227412346104,1.9872220940947005,1.5366543041541734,0.5094774030361975
221,reversible_IPNS,1,0.8179309329513826,0.10171702655300445,0.0023469111169606783,0.07185405034963153,-1.0976660141233544e-05,0.052529734383892766,0.9030763532056123,1.7248609191944786,1.0518809275618244,0.6662295665535154
222,reversible_IPNS,1,0.35875897691280595,0.46728280326420346,0.005840460283134767,0.040819530110747175,-6.366674818979318e-05,0.29771925789792075,0.6797901746260417,1.8222322877248083,1.299254890670112,0.5971959246048927
223,reversible_IPNS,1,0.14613914545010537,0.7704100981843379,9.368883188238271e-05,0.019376708923529554,-1.6792085009534454e-05,1.2272386661597945,0.5626013127128594,2.1290083654615217,1.6046458814611884,0.4526354757407555
224,reversible_IPNS,1,0.7294506500048029,0.10386823171181345,0.04724870137600687,0.16711404765008606,-0.00011019872094167251,0.11261602943296897,0.8892746077035318,1.9960779339537051,1.0492489509158487,0.6176208443554535
225,reversible_IPNS,1,0.8583845649517163,0.09581497713529018,0.0007881788883302563,0.0459370136377159,-4.1067551659195096e-05,0.076055002658664,0.89195369131936,2.2289546318030458,1.0442624802535103,0.5695195385573567
226,reversible_IPNS,1,0.6060861456321023,0.1786693724025053,0.041787258893465296,0.18742373231481613,-4.535967110942121e-05,0.137832921230418,0.8186474808670599,2.168638928274117,1.0837324536837383,0.5740485901953208
227,reversible_IPNS,1,0.7435318467069677,0.18346998900836797,0.0006562153192811091,0.06734390675428945,-2.6084599001171797e-05,0.08638988546820009,0.8318093400014801,1.9576572194013568,1.0942327934821638,0.5917832286348333
228,reversible_IPNS,1,0.08114883148520736,0.698676417583275,0.0014887051238765719,0.17115235552278407,-3.817593634331297e-05,1.8941381152463967,0.5856746763278317,1.9170541866194577,1.5088729731103732,0.5483172734373071
229,reversible_IPNS,1,0.611092363337966,0.1761142607264295,0.005816612396425031,0.21892613905937525,-4.452763583519857e-05,0.07942653245379008,0.8450749301629487,1.6181296308959807,1.093555531587955,0.704684489997039
230,reversible_IPNS,1,0.6035600501535692,0.35096102522905126,0.0004128728774854855,0.024740515067406408,-5.553004070752396e-05,0.16010501218323708,0.7241806126679434,2.1659316864598646,1.1956351965890275,0.4990796859085377
231,reversible_IPNS,1,0.29391343111928614,0.5987050890233996,0.0006811387726011448,0.07422740565616408,-1.2401301848354656e-05,0.4411320915097458,0.6218595049675899,1.9702732863041668,1.4149952553834722,0.5307703956048517
232,reversible_IPNS,1,0.2942483493268359,0.5881103332638815,0.0017332968023029236,0.08516926641751787,-1.9204015193823794e-05,0.42099552865873047,0.6252949357074457,1.9841628602636556,1.3998298297038418,0.5255115937837781
233,reversible_IPNS,1,0.43689114747053664,0.4344470947315694,0.0011045341535559899,0.11773382049372086,-0.0007202950372137601,0.37742671700134134,0.6708432500397552,2.404402440966987,1.2331642099985776,0.45101548917934703
234,reversible_IPNS,1,0.5574011790861042,0.33686524255654304,0.0005188077289254437,0.06528101841121192,-8.618346983209719e-05,0.26643529640260155,0.719868102891742,2.3257220640065888,1.172319278126512,0.4980985155372208
235,reversible_IPNS,1,0.14975904573869347,0.7643206603011695,0.0008380949335310285,0.015118558345575335,-4.5692868690015155e-06,0.9152593585793272,0.5628911263252394,2.319654899204989,1.5695694535694966,0.3828509233148126
236,reversible_IPNS,1,0.7710007387529764,0.1794413710094519,0.0005180235251518025,0.014150276584378679,-1.4172540635332014e-05,0.06854824524391516,0.8399863874211526,1.8987783817422896,1.0944825497028319,0.5926703296446686
237,reversible_IPNS,1,0.7554597947930463,0.18393467179804124,0.0010997036306302388,0.04359953807705492,-5.620726897728588e-06,0.1176235980390438,0.8078356360084044,2.5060769871051147,1.0847578458807874,0.5049289409417174
238,reversible_IPNS,1,0.80899246058965,0.10078465868823923,0.0016827476545207725,0.07331617739663522,-0.00022729430910432277,0.058264841085164956,0.9020106466238826,1.6865124193525458,1.050742864080752,0.6946216472366223
239,reversible_IPNS,1,0.4116506769133521,0.4684469956317819,0.004539737089569289,0.0866796410962049,-0.00010988939781108655,0.24145677374340027,0.6753809973175321,1.931936717384311,1.2951893219175281,0.5561192559682623
240,reversible_IPNS,1,0.6746048920166009,0.26848906301636966,0.0005602341194235732,0.011721134917480842,-1.4375549621674037e-05,0.10066525618456681,0.7755601820625677,2.0255001444411938,1.1453421269156134,0.5502775131425696
241,reversible_IPNS,1,0.6652458396116039,0.2843968959962925,0.00015348574380061206,0.02487110445780977,-1.4580791265774363e-05,0.11528146599764531,0.7595531967197572,2.1815254196345966,1.1507250317671915,0.51099158495589
242,reversible_IPNS,1,0.5513314317349053,0.3692630249741204,0.0037604477611394454,0.04399313094305156,-4.03412269011591e-06,0.14779901737837706,0.7173974737683391,2.0642434878217815,1.210833599927101,0.5288609592154313
243,reversible_IPNS,1,0.9447829215015471,0.036238823109493334,7.842973631904963e-05,0.009854353024838503,-5.85523700860404e-06,0.027202998477769285,0.9617714938545427,1.7928695023216,1.0176088974286046,0.6548244948392263
244,reversible_IPNS,1,0.9077920532905209,0.04918947894688232,0.000868774741656896,0.03387830299691997,-1.431276775180411e-05,0.03602211376519839,0.948111802726042,1.682549763403481,1.0238541108344683,0.7094187460075639
245,reversible_IPNS,1,0.09753512222681564,0.12358394257221844,0.191242272207348,0.6347463116628259,-1.173844430063324e-05,0.44872616537507953,0.8084474461454509,1.9925558781450272,1.043232035881691,0.5341004868929543
246,reversible_IPNS,1,0.5034718387284105,0.361012586507606,0.011191007809119998,0.06133788707863437,-0.00013816386309225222,0.15715421586558395,0.7324957682986816,1.770837090722992,1.2164983536429594,0.621296544431337
247,reversible_IPNS,1,0.13589483789579962,0.07196927109591567,0.06136164156919556,0.7871852998315741,-3.6863459431780735e-05,0.25569438506370784,0.8813384501464573,2.240905710629124,1.0263803048373248,0.5206935800086878
248,reversible_IPNS,1,0.6815213979596758,0.24276732308638263,0.0007387264114918676,0.04501216299417732,-1.4057569196872433e-05,0.12430979800333304,0.7923238939831477,1.9645718950983362,1.1296977802518153,0.5771556383252434
249,reversible_IPNS,1,0.3652373056147879,0.5551867511601425,0.002604312349642183,0.03726617680721479,-3.5378699278937963e-06,0.33744264702334964,0.619689371225566,2.577279428687977,1.3128904807699369,0.3860286783659033
250,reversible_IPNS,1,0.8458867047574768,0.10149538158723087,0.0004754237801870717,0.007887727668118634,-8.333622123393623e-06,0.0362831694152885,0.9050532620524736,1.6910075956236699,1.0524026027062068,0.6720140488870002
251,reversible_IPNS,1,0.6141982376549125,0.27867067122965056,0.003205333147382955,0.10484636957510103,-0.0003674318550330966,0.11984970229795838,0.7753984313020466,1.8772233012222495,1.1563257550824373,0.5879209792957488
252,reversible_IPNS,1,0.48685166686813086,0.35069731177939306,0.0005436333017966085,0.03363985255640755,-3.5700835933269145e-06,0.24575936808258483,0.7231397380427965,2.0591814517037625,1.1899925920779668,0.5581144582214473
253,reversible_IPNS,1,0.3949238470323493,0.40842311273070614,0.004104471881786116,0.09727117611134845,-0.00016636160899038724,0.28639728351977906,0.709166787498638,1.7184493777924528,1.253951655928838,0.6420792705537726
254,reversible_IPNS,1,0.19126195170725702,0.7174455827187587,0.00032190356075339013,0.036742096984286765,-2.399340548044625e-05,0.5802027665289659,0.5807548908732617,2.051594559509401,1.5450237761956969,0.4853732244966962
255,reversible_IPNS,1,0.3141920570227035,0.4975576621436935,0.004750625131357606,0.17259191433559062,-0.0003524205355201159,0.2990863370394841,0.6654775676485346,1.8330282805945655,1.3232095806066406,0.587544417661788
256,reversible_IPNS,1,0.22623240526382493,0.6808962935674062,0.0026515266845554236,0.04548469554784848,-9.793972254819848e-06,0.6224547211048655,0.5903277672158852,2.1056610202177124,1.4859469724569612,0.4729007607425188
257,reversible_IPNS,1,0.18281235858563563,0.5356914915837558,0.06772210762174515,0.2964739148454857,-0.00016655591971529766,0.5999634564738633,0.6326161452586946,2.0486542792608717,1.3058817063667703,0.5027353228908076
258,reversible_IPNS,1,0.23425599970644945,0.12581939559560695,0.15861234495163934,0.57371024129413,-0.000155981235670152,0.23578261183685725,0.8548009769682255,1.930205574863818,1.0544844077633193,0.593757680177675
259,reversible_IPNS,1,0.12489362365733521,0.7849238568256898,0.0001496662846591543,0.014049874511217402,-5.219558599644149e-07,0.8984053639409059,0.560572893285553,2.1097370818369634,1.6338126422113413,0.45066273503619275
260,reversible_IPNS,1,0.3908705735317957,0.538085966471882,0.00041500284453322084,0.04514545569414395,-4.9718342856674374e-05,0.24251029777557875,0.6494971004871803,1.9095723436922334,1.3662528301851062,0.5480279243492391
261,reversible_IPNS,1,0.8714542150530734,0.06905411615374926,0.006550956259721237,0.07124141450017844,-1.881818861851353e-05,0.057950352190793655,0.9273605766344887,1.8778829751656325,1.0334146896357919,0.6371037083602079
262,reversible_IPNS,1,0.4168850450482095,0.5016481465614588,0.0021769917293632222,0.029826358116248418,-5.750692997809418e-05,0.32593651876250856,0.6467163150755372,2.3571899781772268,1.2880939831660299,0.44355585890640903
263,reversible_IPNS,1,0.8184240529691416,0.11936868084598215,0.0011639971751146888,0.09230149018068043,-7.044806654550874e-05,0.049667959664089455,0.8796570098730788,2.0062479848588644,1.05845145796914,0.5932733290611498
264,reversible_IPNS,1,0.24626912385131935,0.6358185743932806,0.0011708095827023329,0.07525735253591179,-5.277145404646636e-05,0.726577836717014,0.5993775046577526,2.343060294631086,1.4102852740024137,0.4140099948169411
265,reversible_IPNS,1,0.32616271162130595,0.5592997198475754,0.003705493370767284,0.09748120180634158,-1.7445196356660633e-05,0.32119928547455256,0.6251231590105393,2.310649489949805,1.3362122129011276,0.4381223797155731
266,reversible_IPNS,1,0.39918965191993616,0.467228209965312,0.006999695246657506,0.12634738461364295,-8.87888663059459e-05,0.265231488378341,0.6672384287712513,2.138552314608593,1.2753069324780297,0.49903141990543415
267,reversible_IPNS,1,0.5471634531025579,0.3731428635985157,0.0024281587818967823,0.04816080760926989,-9.20673330436707e-06,0.2509732044221464,0.6982128097534327,2.4409551572818473,1.1929184424511046,0.46038904518139473
268,reversible_IPNS,1,0.10427720577244133,0.7521386139817372,0.005919865920155173,0.05212158398150156,-0.00013785298659363916,1.1979827360684625,0.5712753066196589,1.9657613143347663,1.5980968524453982,0.5154960450694569
269,reversible_IPNS,1,0.24037336584201163,0.5612134213163452,0.019139743323106008,0.10909200603360038,-6.420361989112149e-06,0.6653376407252338,0.6326217758622527,2.0986875553535187,1.3543902599840745,0.49220665414580067
270,reversible_IPNS,1,0.24813026226194046,0.5009871084263621,0.007578378573421598,0.16318541258419292,-0.0001392149175961625,0.5079019583964074,0.6647761451524054,1.8149299367852076,1.3253307136796073,0.5965546773490389
271,reversible_IPNS,1,0.29685377942222335,0.4226451432065318,0.016433538080554456,0.3009767837158766,-0.0001476750453721961,0.34594835650299366,0.6815279407788272,2.111436199880478,1.2244654048172343,0.508414803192103
272,reversible_IPNS,1,0.4143442729342211,0.4984172984905803,0.011741494732633721,0.02838620620151659,-1.0982129431096657e-05,0.3749976710557487,0.650324250744313,2.262153029484515,1.2927542334244853,0.463385025895664
273,reversible_IPNS,1,0.9046290665870292,0.06231222049243568,0.004765754894752443,0.035125124811773205,-4.2900856666519256e-05,0.0403590772758431,0.9346672363615456,1.9000364120219875,1.0302537919178296,0.6217980525365757
274,reversible_IPNS,1,0.8172622287098159,0.12189359578590891,0.004250032836516582,0.042847573802395775,-2.326925165178896e-05,0.036496348393444115,0.8898586503361333,1.7116657063396359,1.06427335784171,0.652586898968244
275,reversible_IPNS,1,0.8007764739894467,0.07091950602147176,0.037868628419167584,0.14664317991623496,-0.00018598448554562973,0.06296907110073391,0.9260535606714253,1.7806623072985999,1.0344471347718847,0.6725630545817758
276,reversible_IPNS,1,0.07989158694770176,0.7664868673084041,0.005647506744912406,0.12288364307455829,-0.00011634817405915749,1.879545517607759,0.5628862147136698,1.979417579176899,1.577942571472819,0.518783981910787
277,reversible_IPNS,1,0.5219789526248284,0.09830325133333304,0.05801901744413755,0.43186001703199595,-0.00019015435293927226,0.07959698788190751,0.9024544142231156,1.6328780742869549,1.0486455099755547,0.7083678486581859
278,reversible_IPNS,1,0.11943965568742008,0.501293653418933,0.03944663691472788,0.39185862304205776,-0.0004058360346134669,0.9403050691287378,0.6543876023051367,1.9331963642891627,1.2969843060207016,0.5383942527992351
279,reversible_IPNS,1,0.5323711806719756,0.4082482018771444,0.0012845641729456638,0.02465991554412776,-1.2338287386838601e-05,0.16072608411782954,0.6891499366602005,2.2831917983270866,1.226900049593799,0.4737595263649724
280,reversible_IPNS,1,0.08018341785156713,0.7957686289038949,0.0006929830704146425,0.03597609239551124,-5.31769748614457e-05,1.5912404776217408,0.5582638936982779,1.9949504276706764,1.6645769964691803,0.4978560607222242
281,reversible_IPNS,1,0.853653219495006,0.1158268783082736,0.0013295440888433834,0.028692164470169302,-8.512242737660864e-06,0.06060174358033449,0.8813144297760639,2.1478081323102667,1.0562466670493202,0.5460217880644772
282,reversible_IPNS,1,0.7591866800688135,0.19457559131664112,0.00027055050263445716,0.015371816971492301,-1.457059764544934e-06,0.05909992832648374,0.8282059025225184,1.9507529757976305,1.1028701413723196,0.5724313805803265
283,reversible_IPNS,1,0.09914847160380752,0.6752642180536388,0.014342738658007084,0.2337406306610481,-0.0003405137602598001,0.9927903709783101,0.5953371938921415,1.9484573328996386,1.4941141740395258,0.5254900762677703
284,reversible_IPNS,1,0.6989921062114222,0.25848193812900205,0.00023472243562906557,0.007659728822375872,-6.132581285848308e-06,0.11281034323405015,0.7758647178316288,2.1766101888973677,1.1352944049650056,0.5146092878562354
285,reversible_IPNS,1,0.28596959485877976,0.3371843790641884,0.05799429946893904,0.3791596034752102,-1.2216471425713716e-05,0.3814344044251665,0.7236175921455239,1.938405561090677,1.1728192278210312,0.5747524026663609
286,reversible_IPNS,1,0.6949094860956317,0.20470331800731995,0.017736419652986644,0.0916822125324432,-0.00016205485813784135,0.0979527858232762,0.818083481070625,1.9325552017047143,1.1071368471598177,0.5929146469382129
287,reversible_IPNS,1,0.8418850954356233,0.11842034735771981,0.00112186915021116,0.030397290855870465,-2.9312490434046666e-05,0.04608605111429202,0.8819821914385091,2.009990593887652,1.0584706616537942,0.5829615472198598
288,reversible_IPNS,1,0.441566385021754,0.24403147723624324,0.07741882177355022,0.2846218692342803,-6.956029587358234e-05,0.16955190560332908,0.7598256717264071,2.3249711241256352,1.1076730492268883,0.5030721338835407
289,reversible_IPNS,1,0.6735587154375718,0.1488511386713779,0.01893457232624795,0.2605251331567819,-0.0005453087245937411,0.07126200574799195,0.8563562433270702,1.9240212393244216,1.0741733782075766,0.6128124858473896
290,reversible_IPNS,1,0.8899841333692362,0.0574813551366036,0.0038523690257411696,0.04297255039289117,-3.918169415149551e-05,0.03443460915537575,0.9408093750949832,1.673587620851675,1.0281952633397937,0.7063500727922055
291,reversible_IPNS,1,0.5502058130663603,0.3541775771177387,0.0019324447371211603,0.02906691175058299,-6.380698996120433e-05,0.13876963343975277,0.7388475920345269,1.7810385577731072,1.215599862715969,0.6079908636486876
292,reversible_IPNS,1,0.21413169908321528,0.5767236207030888,0.002150977105308988,0.23209299208590317,-0.0004146767581507738,0.6748952880542786,0.6231692460704144,2.0042423555292084,1.3612146234405502,0.5246228292429033
293,reversible_IPNS,1,0.4015510396932744,0.4840469373626989,0.002111705275288793,0.03823957580367321,-2.289767123153736e-05,0.25396818490513484,0.6653967660545056,2.03858007343412,1.2983456779925764,0.524202818893437
294,reversible_IPNS,1,0.6251182968311132,0.27533444242484356,0.008692556551832428,0.1133940979859904,-0.0005974948234045327,0.10150550577500243,0.7794278182142351,1.873711080268294,1.155740633425926,0.5807858166526468
295,reversible_IPNS,1,0.06407533392562274,0.7476280003161248,0.002864324898615753,0.12578524554765436,-0.00014654357016945831,1.8126694671686687,0.5726245432923659,2.0245352938898282,1.5909418056391613,0.48651466099112345
296,reversible_IPNS,1,0.8471179433062955,0.12271429226601055,0.0009549018648026959,0.013029790275103518,-2.5125916520920726e-05,0.04674260391315034,0.8762630832639559,2.106985884410838,1.0600702773837816,0.5557584533136986
297,reversible_IPNS,1,0.6940914085953561,0.17782792037771145,0.010220035775704708,0.08860202831575137,-1.3109094769840893e-05,0.06144652449509277,0.8447901375816552,1.6887996646832635,1.0951602726245917,0.6704717613976863
298,reversible_IPNS,1,0.14542736573583098,0.5743578967703211,0.00154016632856224,0.13305015498833153,-5.7905169675349314e-05,0.9155884419930567,0.6366698128767592,1.9020083419418692,1.3949945540734954,0.5469326328192551
299,reversible_IPNS,1,0.3332392733002067,0.3404408190281897,0.07572103652476508,0.25987716442072156,-7.364134345646002e-05,0.2675079661283325,0.7213801343177435,1.9155154737915407,1.1704679162574425,0.5903386128757544
0,PCL_no_feedback,1,0.8944121586713631,0.09742477890492432,2.0328409729537647e-05,0.04573919265167252,-2.533800013417425e-05,0.028440295027612274,0.9030182672383734,2.2291785702225715,1.0484134981772935,0.471357448364523
1,PCL_no_feedback,1,0.8818900649867714,0.10949797002359524,4.737807410304606e-05,0.04378912212105104,-7.234018060195578e-05,0.0383414467552695,0.8900019293178414,2.293546716736254,1.053965182067092,0.46393388593048895
2,PCL_no_feedback,1,0.7913482097528284,0.14406941171150547,4.529821162575512e-05,0.13094935340402206,-5.4777069939645154e-05,0.03838104692285641,0.8579342935833469,2.3419518468683442,1.0710332299218321,0.4561426290825199
3,PCL_no_feedback,1,0.5905430022552574,0.4017885405712306,1.4620824895497075e-05,0.0281627465287415,-1.5201862364246063e-05,0.11734782974607569,0.6982370037063876,2.2649215323504657,1.231548731283406,0.4488983211814698
4,PCL_no_feedback,1,0.33101330428478887,0.6659188229898991,3.262435500068793e-05,0.019975732161929886,-1.3608426623573138e-05,0.29784176412988955,0.5933595687167853,2.1849555558230556,1.4707558751708478,0.44629697402435203
5,PCL_no_feedback,1,0.4040288959341846,0.562170676760139,6.075360221494909e-05,0.07514312426040214,-0.00028378566884885786,0.24677475894039932,0.6310851234510483,2.1600519949799226,1.3646626713328989,0.4584625505200052
6,PCL_no_feedback,1,0.6465243142050561,0.3351096821043547,1.2541830667833128e-05,0.03676903001133272,-2.3288996684144482e-05,0.13055022308360445,0.7244970155012229,2.4244356725711116,1.177665674154182,0.4304792064876473
7,PCL_no_feedback,1,0.2921968350526507,0.7014601673518692,1.1223459417694484e-05,0.036810478977098306,-4.849897032717542e-05,0.45565908545437234,0.570953738356641,2.5794602832845768,1.4498978751937033,0.347054900872728
8,PCL_no_feedback,1,0.34148305481550717,0.5449130594710695,6.503994462159225e-05,0.17574135015885156,-0.0003290929877420705,0.32124849704192154,0.6139234659130678,2.63333696705116,1.2737987469702567,0.35757673341494434
9,PCL_no_feedback,1,0.4992675469239301,0.4875904697922823,1.993533839629511e-05,0.036517116690389935,-3.279010491474323e-05,0.2181902958212547,0.6395190154267295,2.714010483209684,1.260105784537108,0.3695928764743893
10,PCL_no_feedback,1,0.906924844027866,0.07721889766342245,0.00014296040115885806,0.05234067788265552,-9.652131451923815e-05,0.03480716345881993,0.9206244316876867,2.2542389703726347,1.0378071547005658,0.4696465907467662
11,PCL_no_feedback,1,0.37170949542003795,0.5797078752690042,5.577152112929148e-05,0.10477361417056014,-3.519418776775454e-05,0.35004685799551183,0.6046725751027952,2.713223114488897,1.3203460180523432,0.345593193874147
12,PCL_no_feedback,1,0.30729767504068906,0.6913441537602181,6.9768153535323585e-06,0.008060248040331643,-4.1428595733388215e-05,0.4459834513926474,0.5807745020407455,2.3173877763325064,1.4783423336585277,0.40932839337697585
13,PCL_no_feedback,1,0.8537870011975368,0.14304588889478512,5.275732413171962e-05,0.027134980694166214,-5.256949122293171e-06,0.028832704107395857,0.8719161112399324,2.063065679477075,1.0757026933639833,0.4906746492727122
14,PCL_no_feedback,1,0.5839188313150867,0.3846260157428995,0.00019423449480250837,0.09285253578544238,-0.0003185461138862432,0.18475503986649444,0.6982481284590313,2.4287550869073904,1.209099256075779,0.4239505562921012
15,PCL_no_feedback,1,0.8261727942508929,0.17268739642297443,5.5097239501476995e-06,0.009782713174352371,-2.453307039095114e-05,0.08119758066205102,0.824492193137862,2.591302762622752,1.0824564752758652,0.4305261921525438
16,PCL_no_feedback,1,0.928755462327692,0.07057472066578181,4.689184476401603e-06,0.006870961405349504,-5.777579154363522e-06,0.03244504950614333,0.9253107772221463,2.3126941947205184,1.034058870881685,0.46434938401248077
17,PCL_no_feedback,1,0.579479787639644,0.41870027895339196,4.8994494339247085e-06,0.009794970489981368,-1.8070572343475353e-05,0.12253355211150663,0.7005482557271121,2.072708092848315,1.2585831214026197,0.48428425211948495
18,PCL_no_feedback,1,0.8871595095557956,0.10526182839940273,0.000105307817779698,0.0462629635276134,-9.652190982062552e-05,0.026728767318673338,0.8954840065761468,2.24623602670627,1.0523048764288798,0.4691494910707508
19,PCL_no_feedback,1,0.858806299090526,0.1383263164174054,8.659869266081013e-06,0.017595766165385048,-1.0219568448905572e-06,0.05037200668116988,0.8682673833215498,2.228204954964958,1.070102712011877,0.4696189034307389
20,PCL_no_feedback,1,0.6655802950216189,0.31033652047677285,7.912209758972667e-05,0.10336724239335755,-0.0010500415336516448,0.06727813106651265,0.7538204934981835,2.1522762444190384,1.1751869390465708,0.4725544075107325
21,PCL_no_feedback,1,0.34998624764403163,0.6473897065886699,1.9588066856176227e-05,0.027639329331879764,-0.00024287681741190617,0.36695427081807375,0.6007358405527031,2.1589326862959064,1.4549641767770691,0.45461062534047186
22,PCL_no_feedback,1,0.6466521933617705,0.3351225874282479,9.872559076764336e-05,0.04406621880787418,-3.6986496970892425e-05,0.12569108838634072,0.6991343837414937,2.995036152828816,1.1566597924161828,0.36875058806910094
23,PCL_no_feedback,1,0.426946894979484,0.5713328317110354,1.9394046565512244e-06,0.010361156985677772,-1.2522178228046997e-05,0.24509169828763222,0.6232290725735509,2.294094999202714,1.3637383918492907,0.428910606132571
24,PCL_no_feedback,1,0.5605285398367372,0.4279783732877048,1.107863076138607e-05,0.03062781996077133,-2.4014786259349855e-05,0.2643107332748576,0.6595568013051176,2.851030866315519,1.2143497453523566,0.3647338483252495
25,PCL_no_feedback,1,0.6212632464386935,0.36930460965139383,8.513153120237596e-06,0.044799962447055766,-7.542168373773712e-06,0.09041971273673305,0.7225520138365629,2.1276335443917835,1.2174552167797756,0.47484456524374596
26,PCL_no_feedback,1,0.5415259654755051,0.4317065906211585,0.00010135250124711421,0.10731468452188388,-0.0003692403342406201,0.15113339124537098,0.6827805161557925,2.2812544298324693,1.251585461963752,0.4431063140252949
27,PCL_no_feedback,1,0.6918941341842806,0.3064719586443349,1.734140874611167e-05,0.02062971702746671,-1.9170730385573566e-05,0.12168211085225378,0.7445925400084711,2.3631880817567614,1.1633739272799375,0.4418779201564089
28,PCL_no_feedback,1,0.5009860573475998,0.4909710522607015,2.5845591045255965e-05,0.03426941257206098,-2.793991927964664e-05,0.3067832779801679,0.6404236914464227,2.656927562224275,1.266948651621388,0.377284318321803
29,PCL_no_feedback,1,0.2990342312982126,0.16275804188238063,0.00024422269703733453,0.653094436084586,-1.895213798098547e-05,0.11517633571460086,0.8096509823696779,2.4415378884781616,1.0670438373395215,0.42703364675756217
30,PCL_no_feedback,1,0.8706836938299602,0.12807975152564688,8.226750314310317e-06,0.00995457874623653,-9.94661932110614e-06,0.03251182449348384,0.8744188603929207,2.2833037099009785,1.0638098853704605,0.4640026127623453
31,PCL_no_feedback,1,0.6007557199396039,0.394273822225217,3.551791043065888e-05,0.024000265151877632,-9.29625698519267e-05,0.1653129252615435,0.6873693420378851,2.5639889530415982,1.2088576027882223,0.40550297268862096
32,PCL_no_feedback,1,0.5410815117580563,0.4557827550099449,1.6975038933844673e-05,0.01800927739935858,-3.570079352276374e-05,0.14617525269431328,0.685404352132063,2.0253847744470126,1.2926138410971684,0.4940836173378384
33,PCL_no_feedback,1,0.18981897226425692,0.8065092723517857,1.0520334982470632e-05,0.019265069001465778,-1.7567920146850146e-05,0.8720900507253011,0.5462607944040871,2.354671172078881,1.6130145809284084,0.3795939978046948
34,PCL_no_feedback,1,0.142509900976542,0.8537020142502977,3.4627146043344484e-05,0.024003846112211284,-3.4909523626015424e-06,0.9967524912892148,0.5334907829933478,2.3917611559965706,1.6765624776937254,0.35718988422728015
35,PCL_no_feedback,1,0.49507229519756446,0.2699555762746376,0.000129969000204448,0.31734467306898845,-2.690246206116457e-05,0.07562449883877055,0.7587258383507195,2.2338178562400617,1.1289383233125696,0.457495289148793
36,PCL_no_feedback,1,0.40469423544571254,0.5937112883772185,2.1068564309136854e-06,0.00965994587853383,-2.1035777768813988e-05,0.24300501819880369,0.6278658991153785,1.991059279626203,1.4233328536959975,0.5025466292739853
37,PCL_no_feedback,1,0.6539693098889076,0.310899172590861,7.58707357168678e-05,0.08620684262411295,-2.7758343696762044e-05,0.0766587315989556,0.7540026127030991,2.1335383359992224,1.1758279452393665,0.4755501658321087
38,PCL_no_feedback,1,0.12232483261851362,0.8773069403265843,8.86634958559702e-06,0.006627950122321592,-9.565591794242438e-07,0.9083782091078018,0.5318761998055211,2.0537992545834345,1.773558058189422,0.4777636811385501
39,PCL_no_feedback,1,0.5199531187079169,0.4748984533708288,1.5175496019489935e-05,0.029456957470408395,-4.190612214805149e-05,0.15002451999347016,0.6751479608692038,2.0497588349064135,1.3061869072731018,0.4882287690060871
40,PCL_no_feedback,1,0.2801108003086567,0.7184011872597997,1.3302671193487588e-05,0.01644202813904508,-2.0341413101356806e-05,0.5901934671612111,0.564856359372043,2.6323936728104456,1.459458781371964,0.33282163852178215
41,PCL_no_feedback,1,0.2729939984980644,0.7259952176651637,1.854334511779864e-05,0.01519894252795848,-2.1740892944279714e-06,0.37364887228799865,0.5727225268847344,2.217900756967348,1.533707617372811,0.43188415547631576
42,PCL_no_feedback,1,0.7546075990335458,0.2304616106328722,2.0778936694976032e-05,0.04174376245474712,-2.015862043688716e-05,0.08364807057616509,0.7762340421074794,2.7030624196427513,1.1100194183670506,0.4129429096713717
43,PCL_no_feedback,1,0.5610131008714958,0.43722069936614844,3.8540704659400776e-05,0.021581355574408777,-5.854273779428952e-05,0.1335721319869627,0.6772039351760597,2.3450677784028984,1.251603879153014,0.4326851628235993
44,PCL_no_feedback,1,0.7827612310262575,0.19823633258176093,5.297314741896274e-05,0.055261538059314594,-0.0001516273414330259,0.06427853223356275,0.802305839416266,2.6429257469994876,1.094548876229847,0.4225053448836346
45,PCL_no_feedback,1,0.27185818627769504,0.7097109050458155,2.9983038716140686e-05,0.043196740693536274,-6.608063347617719e-05,0.39529933338040285,0.5762511847466812,2.2490700885914263,1.5024202358515917,0.4234751355481236
46,PCL_no_feedback,1,0.6916470026021919,0.3019262614895348,5.667763145822614e-06,0.020041602876282896,-6.3658643786459495e-06,0.08624790594612201,0.7613657184401327,2.109330959754104,1.1718890114415799,0.48023719754668226
47,PCL_no_feedback,1,0.29745165490766945,0.7017099929950333,9.287194470810328e-06,0.009144344944590379,-1.964704343789768e-05,0.3467940118130417,0.5836336533765246,2.116288163166125,1.521636518315464,0.4635456911985119
48,PCL_no_feedback,1,0.4704701634784404,0.5265727632238066,9.037245159611633e-06,0.013499813067879497,-1.4906101602585843e-05,0.25664895720409747,0.6262088778265303,2.6638523982070397,1.2917169923254768,0.3701555591917809
49,PCL_no_feedback,1,0.26654141722823493,0.6361699462800937,8.833205409250444e-05,0.15945965655541158,-5.578433021214609e-05,0.3315756053309285,0.5949863770623373,2.2297730077523936,1.373713446008919,0.4308127601802482
50,PCL_no_feedback,1,0.24275366111627394,0.7552387246741399,3.3278558806906186e-06,0.010798996877845501,-2.1038586077018674e-06,0.6173811903133043,0.5586890031390076,2.43814782594066,1.5317078336538568,0.36769798269687354
51,PCL_no_feedback,1,0.7426440804550598,0.19896255371128127,8.248743514234625e-05,0.11919621799285056,-2.0553272782700912e-05,0.08821257269659132,0.7937439745976105,2.8096177349800806,1.0915803956515449,0.4072693299830139
52,PCL_no_feedback,1,0.5515401062469615,0.44477909739479465,2.0755206407379738e-05,0.028689761847980725,-0.00011857438475450413,0.1611521992412699,0.6844006397342078,2.136261587026418,1.273670895503418,0.47038702247011277
53,PCL_no_feedback,1,0.4383479458233876,0.5598212862794022,8.021866717016084e-06,0.011751835817616702,-7.435459656398361e-06,0.21603095548956372,0.6407269956390136,2.006868750449435,1.3877598538191016,0.49814362064179496
54,PCL_no_feedback,1,0.8873706445407452,0.08814793272810574,1.6674102536213468e-05,0.059969086589978314,-6.743965203161085e-05,0.039410278007614215,0.9098422572827177,2.2728717765603066,1.0431818017632297,0.4671509379507192
55,PCL_no_feedback,1,0.6419834133942001,0.3560269845772849,2.0470617705269993e-05,0.01865804420798292,-9.281234717885114e-05,0.09041109158593595,0.7314289331751234,2.0989812077100676,1.2099331528087571,0.4806369119579777
56,PCL_no_feedback,1,0.2894932868665654,0.18837743533199758,0.0002276090059346013,0.6044663242054844,-0.0005597905763692544,0.08867147171435344,0.7865108763068587,2.147388066081733,1.0733836606614038,0.47037064369790177
57,PCL_no_feedback,1,0.9493784913559021,0.0430846531646702,3.849562051580025e-06,0.028182665624358314,-2.3741148127371007e-05,0.016017961113569252,0.9557666705089468,2.1553432447285017,1.0212124022866773,0.48136357272122593
58,PCL_no_feedback,1,0.4502183765198029,0.5004814254312469,1.9760102295790268e-05,0.0900935526856352,-0.00011839614627887458,0.15107406012677616,0.6498661878975152,2.27743909187713,1.295881033557848,0.4367538273049098
59,PCL_no_feedback,1,0.4889779013981498,0.4685687598740726,6.092464911231152e-05,0.11235975822353944,-5.433956760678976e-05,0.1344509738338119,0.6689466196984418,2.201904678991424,1.2840100429199823,0.4548329693972953
60,PCL_no_feedback,1,0.29931603981672206,0.6987834726792385,1.9908158258333196e-05,0.020446414561632674,-7.54397070923111e-06,0.387412975375612,0.5848839088647187,2.107997969952429,1.519543157765044,0.4661413747226197
61,PCL_no_feedback,1,0.9814972771096699,0.01722595613537725,6.637492563530997e-06,0.01450372933253648,-5.619760115841006e-06,0.01036336522033235,0.9815458238928824,2.1863901407509547,1.0083255497123893,0.47897686546671564
62,PCL_no_feedback,1,0.5682075854238569,0.4147805227059951,2.0776349598635267e-05,0.05112668526165829,-9.127049071737467e-06,0.17460236732606804,0.6801460587376992,2.5020839836356834,1.2251613731945215,0.4104381061586908
63,PCL_no_feedback,1,0.565835215229654,0.4277453548332413,1.2096185906518128e-05,0.03202288074926827,-0.00022777091791996207,0.16820778272477438,0.6626084902429316,2.778295147635762,1.2183698335512547,0.3735165057743014
64,PCL_no_feedback,1,0.23166785566987969,0.7615957966556864,3.467948460381438e-05,0.027747747459631437,-2.4761793577262008e-05,0.4283117751595415,0.5657255202941697,2.0625537211320673,1.6030126876838338,0.4780664345199513
65,PCL_no_feedback,1,0.9070915444548281,0.07903544533215345,1.2050698419027202e-05,0.047358353831098224,-7.269515231333983e-06,0.03228719331583,0.9130055140750218,2.4538736582822707,1.0372785729557674,0.4512604897051215
66,PCL_no_feedback,1,0.7467063518479318,0.24515607988197244,2.0230313675427237e-05,0.03825838727178092,-1.041238781172413e-05,0.08768376766839646,0.7566140601418221,2.9218025316409144,1.1130964913731243,0.3925314635996948
67,PCL_no_feedback,1,0.527932712555719,0.4589017354544802,1.2028778738047079e-05,0.030308359797520484,-1.5386363161780868e-06,0.18171174598610326,0.664227237447507,2.4033069793272985,1.2620236756163323,0.42022232729406817
68,PCL_no_feedback,1,0.8077840837085414,0.18638563834567204,2.001930564588144e-05,0.02333673476381945,-2.5535698703515027e-05,0.08890826189606985,0.8187347884031648,2.4822766791388085,1.0913898847453765,0.43908624162205345
69,PCL_no_feedback,1,0.7253984769265245,0.27419475570937535,1.5939545477193974e-06,0.005118722655910363,-9.14726000902997e-06,0.08211092366278873,0.7749807377640359,2.1661050646713327,1.1513462745315992,0.4720651233837945
70,PCL_no_feedback,1,0.7756416927661777,0.04822243693957163,0.00012270207656585652,0.24572371774543286,-0.0001399536867289111,0.02887204850959967,0.943101195774491,2.4857232841259154,1.0221265214575364,0.4505609116389889
71,PCL_no_feedback,1,0.3205420828437233,0.6760582516353016,3.129689108251965e-05,0.019363325422575704,-4.929194630307699e-06,0.43151378725701306,0.5701610551781039,2.942057492901695,1.3789391488277372,0.29168295166460595
72,PCL_no_feedback,1,0.3568321857410813,0.5760496577145053,0.00019858146602422748,0.13934815410554013,-5.242181984151633e-05,0.20265992133309096,0.6206166464593031,2.2459366802925453,1.3598037528557807,0.43525686289327187
73,PCL_no_feedback,1,0.1759112009473455,0.06681838428056608,0.001590161288444809,0.829344590143546,-0.0003067488955085007,0.1485749266162577,0.8889227120153589,2.705489827502084,1.0250740177307711,0.40684057978933447
74,PCL_no_feedback,1,0.7382374914949276,0.25849912412234166,3.166641892312751e-06,0.018023641691211515,-7.273938136345183e-06,0.11472082697991458,0.7404836041063463,3.096617423564516,1.1161979344121489,0.3770693557719458
75,PCL_no_feedback,1,0.49553832045631463,0.4862251163987523,0.00014077244607165287,0.039497202944500195,-9.133810161170283e-06,0.2896688981603509,0.6270522157966439,3.0982978357637676,1.2344773734570103,0.32397072707756597
76,PCL_no_feedback,1,0.14891334894910932,0.846028142767486,1.997654220069572e-05,0.028000202191864963,-9.288054893367605e-06,0.7710451418261435,0.5389968337427145,2.14914186098644,1.7080400628744918,0.4422886849601848
77,PCL_no_feedback,1,0.8530797607644769,0.143354216774377,1.2574801782672314e-05,0.015597876463204666,-3.3992723962340484e-06,0.06133598082045511,0.8572264200301707,2.3882039765090712,1.070338732563292,0.45214073683639844
78,PCL_no_feedback,1,0.6085621894371935,0.38957907153895704,7.001465405086818e-06,0.019802542554495116,-6.210070275223068e-06,0.14543545480033787,0.6903306028047139,2.549887877365614,1.206681944264997,0.4081510905069292
79,PCL_no_feedback,1,0.662332801751019,0.3311828221829563,1.6115053249182388e-05,0.02743302828268032,-2.3072880908743027e-05,0.08264340090065471,0.7490609332734072,2.0334181247283625,1.1962717971555552,0.49344094466137095
80,PCL_no_feedback,1,0.26580551229252153,0.7305191029297241,2.9572431305047257e-05,0.01900996476261314,-4.33531255157915e-06,0.4031904919972668,0.5676096251306199,2.360071190727934,1.5154601616869425,0.39220816902234185
81,PCL_no_feedback,1,0.3320251331564314,0.6637911803352331,1.5208893293295068e-05,0.013219041325577972,-1.9547928976546255e-06,0.48428624071072385,0.5809660758164569,2.621752852973344,1.4073794216635562,0.3480941334846327
82,PCL_no_feedback,1,0.44432885243690173,0.5487345779865116,3.510043373893495e-05,0.02597243969918666,-6.3795581979339755e-06,0.18694698442503888,0.6308324508731292,2.319101479153626,1.34098847821335,0.4258139614445913
83,PCL_no_feedback,1,0.8011891385938251,0.1981918375941323,6.251981402476891e-06,0.006942985958976642,-5.923912384413384e-06,0.060388437369262186,0.8067153638277444,2.549521837505984,1.0963770694455217,0.431484931958797
84,PCL_no_feedback,1,0.8413692201374622,0.0948980324204703,7.020475436738348e-05,0.1646180801502807,-7.342814018365939e-06,0.04101826943729289,0.8967295598592431,2.4770663791627663,1.044772949713496,0.4475149930382205
85,PCL_no_feedback,1,0.7167573886778084,0.21888304291854058,9.864467951693594e-05,0.16696052677684226,-1.5704893923952335e-05,0.07185257915356151,0.7932393269681153,2.5057621351709463,1.1077455084203107,0.4320096259303042
86,PCL_no_feedback,1,0.7586491771819253,0.24017884958679922,1.8744108900866366e-06,0.010425237556483467,-1.1923433596136046e-05,0.06932119834551068,0.7873749757000259,2.340732336911588,1.124551391134048,0.45007950039630973
87,PCL_no_feedback,1,0.6310532031474017,0.35683920631874727,2.27508735953511e-05,0.04467085944794437,-1.7121289896395833e-05,0.10100319479245079,0.7313832974382319,2.089528515342173,1.210884261839614,0.4822897217502269
88,PCL_no_feedback,1,0.8747095042238867,0.12448938044195577,7.683901840343505e-06,0.0057714668216515145,-9.054414863986526e-06,0.049016283924333034,0.8731102663622917,2.391775444257973,1.060546761243588,0.45325699673129294
89,PCL_no_feedback,1,0.41657345139755353,0.28242923132300873,0.00013884630724355634,0.41477296323746576,-0.00045144298161793465,0.1268731508235879,0.7435443942122216,2.314319058385818,1.1316509068218217,0.44079355414591365
90,PCL_no_feedback,1,0.748301235163848,0.22203161346268627,4.0794429336661556e-05,0.11659216502785784,-8.294587583037741e-06,0.07672322654120002,0.7772539331631831,2.8174515616786406,1.103408326876679,0.403929877815863
91,PCL_no_feedback,1,0.6687054324738927,0.3234541356964504,1.7803144574981532e-05,0.024852358065736015,-9.849596641360378e-05,0.14356365588460707,0.7121843688672636,2.837352481562639,1.1558359963570912,0.38610566763188403
92,PCL_no_feedback,1,0.690130324157321,0.30540350992593635,6.505839274735386e-05,0.031623848332276626,-4.798430496631665e-06,0.13606853385411782,0.737599491993165,2.5123275470001416,1.1569150951359377,0.42324264249224536
93,PCL_no_feedback,1,0.5500527577235199,0.2372264654632037,0.00026516444255553174,0.26843622719655413,-0.00037537554886358273,0.07502317463199627,0.7732535360596067,2.358774931750111,1.1066296043219943,0.44294424714838077
94,PCL_no_feedback,1,0.37584538376027826,0.5626310887977072,0.00010678226884905967,0.1488713201741143,-5.842445578289633e-05,0.2556627626685284,0.6266878575690261,2.2479608228989645,1.3534180342616415,0.4364479091044108
95,PCL_no_feedback,1,0.4138543150890422,0.5850155217293791,4.5692616669472565e-06,0.016681653625004227,-9.401991448881972e-05,0.29799104226561524,0.5941202344036571,3.061280789076232,1.299948576260569,0.3037593565514322
96,PCL_no_feedback,1,0.6707219274851597,0.16482736701285838,0.00011295343903189032,0.2681590072215591,-6.433403086297111e-05,0.05906491367578651,0.8302700079441308,2.527763664140229,1.0775550499662554,0.43367324663113804
97,PCL_no_feedback,1,0.7694027830051094,0.21176736614885558,2.6680885045014244e-05,0.07545964432785586,-3.596367659482116e-05,0.09454798931827185,0.8009660257560595,2.4608333322770464,1.105386016784164,0.43854359258569164
98,PCL_no_feedback,1,0.530441270668987,0.4598211491406149,4.088957119931047e-05,0.02936950236153978,-2.5759153106174198e-05,0.17247627238467775,0.6728395924536503,2.2199151393624987,1.2778671825912356,0.4528924627076463
99,PCL_no_feedback,1,0.47121062544161124,0.5205496414779857,2.2727650068885472e-05,0.03324695094134791,-0.00021731912675191622,0.23106158273696087,0.6212333665636437,2.8824540495508155,1.2706445734686573,0.3412636548624662
100,PCL_no_feedback,1,0.06142259499494601,0.8875422951311129,5.331903229098609e-05,0.15433614431847834,-1.085673433417803e-05,2.053475827145666,0.5266497380042413,2.1230561890123085,1.7525198621476983,0.4450167936585473
101,PCL_no_feedback,1,0.6500554626625896,0.34703578117405454,9.811279071692579e-06,0.018109494322353092,-8.201830478650802e-06,0.08920339312050993,0.7266433179060575,2.269309256236761,1.1937632025111717,0.4522001159647434
102,PCL_no_feedback,1,0.4489831814987098,0.5428966175022442,9.654158918331102e-06,0.03338537794813698,-3.076013662070366e-05,0.19588540865510168,0.644741322338408,2.063465573453472,1.3643764535194485,0.48359820620329685
103,PCL_no_feedback,1,0.09887403103653371,0.8947169500269501,1.2206047656232404e-05,0.022843007018839172,-9.854830441896234e-06,1.829156585192881,0.5253445579935829,2.192971565911713,1.7787705802233025,0.41977261416358186
104,PCL_no_feedback,1,0.5116866904547975,0.40606531035936927,5.3438536102410605e-05,0.15968562690656984,-0.0007491740693009706,0.11964839042923235,0.6961553917631249,2.2050834504862022,1.2321629839860933,0.45710613014082074
105,PCL_no_feedback,1,0.7978460083869817,0.15695677283909176,0.00010603596396902106,0.09170550597640174,-1.1202596557659227e-05,0.0664325884577549,0.8284659731168662,2.7928619835302624,1.071658983711263,0.41551950257068754
106,PCL_no_feedback,1,0.5327467282874762,0.287784185938939,0.00030348956878729585,0.30703824301415195,-2.767822270254014e-05,0.09519031558474021,0.7661515801963481,2.059828080708546,1.1574621616063723,0.4881480032570632
107,PCL_no_feedback,1,0.43947376393022086,0.17743471322227183,0.00037875075696173485,0.4961370101358124,-3.462902487314278e-05,0.1256620101712831,0.793503181508841,2.8237235039891413,1.0728164758894168,0.39391399649707887
108,PCL_no_feedback,1,0.7756321970943189,0.1953330107600194,0.00014574248790284454,0.10667923985520487,-0.0005171851113153627,0.08072782720782438,0.7991479793278566,2.7666145137946527,1.090974566122332,0.41221138029945636
109,PCL_no_feedback,1,0.43013007199471814,0.5400081777892499,1.756441323104008e-05,0.06870401626318673,-2.0122042874776935e-05,0.38300094365817533,0.6172644457666694,2.7706752555589405,1.2897912112555472,0.3488857874453127
110,PCL_no_feedback,1,0.9029510085568551,0.09272063556958368,9.48257667160465e-06,0.023895236011752585,-0.00010479910754213596,0.04444862586978549,0.8938609226361114,2.6370054145240847,1.0426530463198205,0.43595358047035004
111,PCL_no_feedback,1,0.6916396265231273,0.26652005806042595,0.00012579652861703582,0.06748612951041599,-1.670829961441894e-05,0.10994648014462467,0.7348097795483639,3.074283169056576,1.119027588232183,0.374948179605389
112,PCL_no_feedback,1,0.41471602840638727,0.579713355945533,4.4474229351557265e-05,0.027399674676152633,-8.222885151854085e-05,0.2701017626995083,0.6227597604971399,2.2271395280801953,1.3789994795682365,0.4426449079056494
113,PCL_no_feedback,1,0.7779970504252863,0.21534953643179955,2.4242849362781462e-05,0.026674556668413753,-9.124898476086676e-05,0.11845687893603923,0.7746854409844423,2.989529199188536,1.0973339649357443,0.3928385283515169
114,PCL_no_feedback,1,0.8053752701784803,0.18293959220516398,2.113295788923439e-05,0.05491991381849552,-4.057294513512515e-05,0.08389931853209026,0.7952923504732542,3.098249779774875,1.0806030821464148,0.3914469948611604
115,PCL_no_feedback,1,0.6981053290197956,0.2750573003666622,8.085995175943715e-05,0.08857871647251686,-6.209379050598345e-06,0.10078825102853085,0.750639317833386,2.620951129169409,1.1357945142410764,0.4142495297994115
116,PCL_no_feedback,1,0.7546846728895202,0.22950106742178358,1.7935929202866585e-05,0.04365114798118818,-9.404684671406288e-06,0.07556257493126561,0.7816342654142088,2.6006672999300906,1.1117373952403669,0.42255944372784615
117,PCL_no_feedback,1,0.17823897483161405,0.8200830970001725,7.620232236438999e-06,0.014093251480652078,-3.8696413164657e-05,0.6970516628315317,0.5430028471827694,2.3330272367352434,1.6365272350522606,0.38378684014878733
118,PCL_no_feedback,1,0.3978595002504208,0.504716711491605,0.00048728291934599323,0.14647763512036702,-3.17129944288199e-05,0.3236500417176967,0.6324607426253964,2.553380611482036,1.2558925585598637,0.3818353556506476
119,PCL_no_feedback,1,0.25145498496662433,0.7449697783062865,1.6600655645479396e-05,0.021242606762858482,-1.3340987974897303e-05,0.5835507744536678,0.5650431985885969,2.2899195562131807,1.5444039776733431,0.4088869594549256
120,PCL_no_feedback,1,0.8853011249200196,0.10119133798625271,0.00010060883614348131,0.043730516524892536,-6.870354326831237e-06,0.051447546106550966,0.8945981265389602,2.3716554973733697,1.048900503834652,0.45676604883012917
121,PCL_no_feedback,1,0.8173517768737156,0.18115630848126807,7.256375524172844e-06,0.012691416544505505,-4.636241954807633e-05,0.045119111081369644,0.8362123954629768,2.2019764994874373,1.0943496266694945,0.4709003416469631
122,PCL_no_feedback,1,0.6789102026254807,0.3144250232308661,1.6865142101094514e-05,0.02509234535205303,-2.331800608046317e-05,0.094128167155212,0.7516231744697289,2.151043446310168,1.1781340170634185,0.47281516386986727
123,PCL_no_feedback,1,0.8052011340193022,0.19038370195620613,4.2138360077242134e-05,0.027446475419043218,-2.1912767512631107e-05,0.044025231983901125,0.8371279422968283,2.05420316971426,1.1035707134483537,0.49137105784673224
124,PCL_no_feedback,1,0.5339873129447308,0.4559586536808939,4.565005395254279e-05,0.04274597828528896,-9.835780020344532e-06,0.18012837339219478,0.664296511235392,2.438046271787455,1.2581275895013173,0.41514502308547957
125,PCL_no_feedback,1,0.4891368318136254,0.5075034166578621,6.346779984281018e-06,0.014793441575861632,-5.415200004121629e-05,0.17146629682997386,0.6548753889030997,2.161717260441609,1.3224910268144838,0.46211195112352504
126,PCL_no_feedback,1,0.3309299806597526,0.36598760376915,0.0004849617423141994,0.38911946515566337,-5.8614763377981235e-05,0.18948560470425527,0.6787208902874987,2.4639964135999586,1.1496836704546969,0.4023412434457467
127,PCL_no_feedback,1,0.24214645806077872,0.7448672668090824,2.7010569437040124e-05,0.05256999312517294,-3.093620771966699e-06,0.7708940738379555,0.5612847352484795,2.455690889739618,1.515688985662366,0.363754469478965
128,PCL_no_feedback,1,0.41733004647757366,0.5333056903237742,0.00022031476387981627,0.09640742368663398,-4.9821344707139585e-05,0.21482403028463254,0.6321580963746557,2.387033639539982,1.3128564377929468,0.41145176253230065
129,PCL_no_feedback,1,0.510236554924684,0.48030880734399056,2.050504360036457e-05,0.034906689950000236,-1.0083861381926948e-05,0.15711179864936645,0.6718796550012527,2.0620569039729837,1.3091966923104468,0.4852583946395699
130,PCL_no_feedback,1,0.49348282168056334,0.5009625137460523,3.7199995784963704e-05,0.029039766112012907,-2.611990419260878e-06,0.1882089163326516,0.6496478421582189,2.3322494302075008,1.3007246348247778,0.42838574829018544
131,PCL_no_feedback,1,0.13284212613114513,0.8666236443790886,2.7914536925229234e-06,0.008234453146557144,-1.2681681474336466e-05,0.8169137712479212,0.5308248429455473,2.343576826323026,1.7066897959062475,0.3705342508211724
132,PCL_no_feedback,1,0.5976662182828675,0.4015083409856158,1.0157926444635073e-05,0.010976310646583581,-5.758539057882507e-06,0.11480167136699652,0.6988719801509357,2.2571345788923423,1.2320639202496195,0.4504364196245147
133,PCL_no_feedback,1,0.40160043086184144,0.5974353249962921,5.888469081278177e-06,0.006569845081371167,-9.471479552083354e-06,0.34640871508307447,0.6097042795832531,2.3975411185104316,1.3750937561173913,0.4044029266680783
134,PCL_no_feedback,1,0.21306967506500088,0.6088897413812681,0.0005167369178714108,0.2769564995673281,-6.184717108559254e-05,0.4359774610617115,0.5930961784515578,2.4310349024595506,1.3126553925321611,0.3728254020021617
135,PCL_no_feedback,1,0.38782345670612023,0.6030599960062973,1.8855466675607648e-05,0.04861602360453066,-1.8644345403351086e-05,0.2086384004278944,0.6151947652730265,2.197564078753856,1.4046131161910214,0.4475986870558176
136,PCL_no_feedback,1,0.49121889503460275,0.5040497003035043,2.3012302608797852e-05,0.01870879779316388,-1.7999245200855617e-05,0.336010645188219,0.6297745173697618,2.8089352359050017,1.2650600859007124,0.35464232357002257
137,PCL_no_feedback,1,0.747472770303288,0.24937057777435626,1.3815522339506564e-05,0.01784372018742659,-2.8923887635966432e-05,0.0884879143078091,0.7836304067600789,2.2961954825823514,1.131307580455555,0.45500320749161843
138,PCL_no_feedback,1,0.2704640644127127,0.7281069648398114,2.3150489358075418e-06,0.01229713944928606,-1.529420968545121e-06,0.39081224426844474,0.5742405616157215,2.141499295753154,1.54886019531775,0.4543237682051612
139,PCL_no_feedback,1,0.28460211358131277,0.6288334368809513,7.741336505984525e-05,0.1611990032544465,-4.07385655417078e-05,0.3631784950247354,0.5918442546117402,2.5129872080305753,1.364643741681042,0.36489156824529867
140,PCL_no_feedback,1,0.3769559346407215,0.22875565931821,0.0007743133966454246,0.524410960565988,-7.413729823492166e-05,0.11266996484881675,0.7731475899166885,2.362028697571391,1.1024796065218783,0.4357356168969603
141,PCL_no_feedback,1,0.900877316411973,0.07497863507067341,4.25595146035538e-05,0.08235060685862222,-0.00025867125390157146,0.0436827583373335,0.9124600738852653,2.6177300654428266,1.0343667538319374,0.43912444141636336
142,PCL_no_feedback,1,0.6677429170870393,0.33113393874929625,3.838054149676544e-06,0.01026880516629452,-6.2506471368906516e-06,0.13558907191668781,0.7292334886675992,2.38602311443535,1.177740591012725,0.43661476313992287
143,PCL_no_feedback,1,0.6479608757452102,0.32056475292130904,9.624210351362251e-05,0.07154323747710165,-7.342971892027415e-06,0.12049696255688283,0.7303561372441544,2.468999941495139,1.1667246950797414,0.4257931018064323
144,PCL_no_feedback,1,0.7034865782825805,0.28085877716691565,4.34890698373514e-05,0.0804039950666979,-4.9870553272390635e-06,0.07612947682347311,0.7663361617073031,2.2455800065601026,1.1521800988156212,0.45971879208490224
145,PCL_no_feedback,1,0.7969295362872845,0.1687463331539829,2.261984778219539e-05,0.09118881531562417,-0.000695616191923732,0.03796575785487883,0.8533368348513396,2.03847837692001,1.0909574585248234,0.49395771217838713
146,PCL_no_feedback,1,0.17130001279604506,0.8238849053131642,2.1095122389345424e-05,0.025463964832602153,-2.952715020794781e-05,0.7658015424579905,0.5411014135303486,2.3900033018010376,1.6312250373306165,0.3649635791767985
147,PCL_no_feedback,1,0.3211187766911254,0.6743807518022076,4.6135440632578017e-05,0.025358102211248897,-3.922672766894299e-06,0.3007433857426685,0.5837730427457614,2.4004574668383634,1.448089741180509,0.39170279233868643
148,PCL_no_feedback,1,0.6199354435946397,0.30341964837060925,0.00018159270629268428,0.16298779945459005,-1.7087116910021964e-05,0.10985811888187472,0.7315950932236728,2.633733453202474,1.1495266505323105,0.4066073982058692
149,PCL_no_feedback,1,0.6135124264599766,0.38414540691549504,2.0108223156239884e-05,0.01622900099751747,-1.716641101041076e-05,0.11379333142340825,0.7195535929569087,2.0475425812041617,1.2340949104968086,0.4900648826931481
150,PCL_no_feedback,1,0.8082395266776106,0.19128787896472643,2.430456136659033e-06,0.00527913124614207,-5.244821938192983e-06,0.06404628532993058,0.8027290458238915,2.7550488003654983,1.0892981856349666,0.41454086479914776
151,PCL_no_feedback,1,0.9116935042546241,0.08325039255151855,2.4848714796265302e-05,0.02794275993307814,-5.853453546931769e-06,0.025727837958466136,0.915366953261174,2.243643554068575,1.0409736942644257,0.47048833484184477
152,PCL_no_feedback,1,0.9199010467445667,0.07866141779520892,3.1544737409966093e-06,0.012326652339017077,-1.0246354235780592e-05,0.04715977648461998,0.9126733527887466,2.478582075200679,1.036948356569791,0.4493671887037518
153,PCL_no_feedback,1,0.653714272157499,0.1754659417333293,0.00027517426146778155,0.281516050415921,-7.951612304831853e-05,0.08013399427538327,0.8239306341141323,2.4748579203005074,1.0836469701920286,0.43748869218408154
154,PCL_no_feedback,1,0.731032931255754,0.2524657951017893,1.5397193716842807e-05,0.07742455478659087,-0.0004788941932085195,0.130297551009613,0.733466306827445,3.3880331106172026,1.1080386250331324,0.35827409584888154
155,PCL_no_feedback,1,0.3234925169850159,0.6642911880859116,7.906414740884936e-05,0.031199099274047536,-2.0056447589678112e-06,0.2879425496315479,0.5922552576709368,2.22176924385698,1.4606338743517975,0.43612881395386666
156,PCL_no_feedback,1,0.7933262372846153,0.2048377233053735,1.0084536286278649e-05,0.015117892706364752,-1.7805481593669362e-05,0.046545073396770706,0.8254105571910357,2.0826555139179517,1.1114271651005132,0.4868039964260649
157,PCL_no_feedback,1,0.1839388091493448,0.7903327590365143,3.937627676993402e-05,0.06506918101603329,-2.8725717888131062e-05,0.5758072596077994,0.5516488417867913,2.264525274730609,1.5952479580352987,0.4071906510418585
158,PCL_no_feedback,1,0.952203587308402,0.03163736068389541,1.8293036205482134e-05,0.04862801207152821,-0.0001355232802763017,0.01675683518543224,0.9650246817258412,2.3016456020741463,1.015043420266838,0.46752548600958826
159,PCL_no_feedback,1,0.5801394890993606,0.4166064440001971,1.7791713278441217e-05,0.01671596396640407,-2.23602273214529e-06,0.10880686118356644,0.689752598255522,2.2894221521924765,1.2406247062161655,0.4437582445554746
160,PCL_no_feedback,1,0.3302702351615555,0.6607167278667607,1.5383067798897632e-05,0.03453811228678993,-3.1436918136869394e-06,0.38028904127397845,0.5814595822778973,2.6427176755653607,1.401799358676949,0.34417362463245166
161,PCL_no_feedback,1,0.6036589064277573,0.3937662150836793,1.4628715580969763e-05,0.017937213106199702,-6.341523290954025e-05,0.14775317902446625,0.6939698279528511,2.429362124783029,1.2159985015846488,0.42412073422808166
162,PCL_no_feedback,1,0.5813700168236839,0.41728983718287144,1.1734661438982389e-05,0.008324848175641162,-1.814477740526022e-06,0.19773794169454761,0.6751903140966992,2.589355421232356,1.22228506809506,0.3990812265812896
163,PCL_no_feedback,1,0.6783268737883456,0.3149592274520697,6.3684771766411695e-06,0.01807970327877047,-2.0435674390907264e-05,0.11599697309870438,0.7128073403157581,2.9347983308923116,1.1483095904308867,0.37878743083178534
164,PCL_no_feedback,1,0.9205495042902345,0.0734759005622674,1.7566641614441164e-05,0.03559746858818019,-3.0925101274275397e-05,0.031783039181510875,0.9218903025812006,2.3345844808718526,1.0353509705274135,0.4621127540321268
165,PCL_no_feedback,1,0.25299482226604797,0.07880038500925227,0.0006539717369318868,0.7438972907511925,-0.00010686016806570529,0.06003096090285415,0.8968070149346484,2.153844532886989,1.0328283376293421,0.47529506180403613
166,PCL_no_feedback,1,0.8583865706756897,0.13521334787139913,1.110306814979105e-05,0.0206899732633106,-3.4403807103841384e-05,0.058415358423608295,0.8558906436974741,2.5893720715428974,1.0636506801408918,0.43479976194380876
167,PCL_no_feedback,1,0.23987143015200144,0.3017431924827638,0.0008575234563957438,0.5365731333089323,-1.9347964997878866e-05,0.30117972529570286,0.6907386761812802,2.3491161726940035,1.1030070604103355,0.419321470853753
168,PCL_no_feedback,1,0.7027429626406991,0.2931854483824934,1.0632755573359117e-05,0.024615165457864248,-1.0098349010412978e-05,0.07949350544550543,0.7511774332072675,2.388326820076322,1.1542566799405696,0.4396980455556007
169,PCL_no_feedback,1,0.8207293472396833,0.1760895900205148,3.5688767813014177e-06,0.021562788447211496,-7.819404848398223e-06,0.05919775882531879,0.8377694206030306,2.247241394777675,1.0904839608444146,0.465493186547292
170,PCL_no_feedback,1,0.8556172185702986,0.12939626909253035,3.170165872245014e-05,0.06657373553131071,-2.914559887803569e-05,0.035381727954125156,0.8690235407285719,2.387601790325767,1.0630953694825989,0.4531477283485254
171,PCL_no_feedback,1,0.6874444757556358,0.2914757784749714,3.325507004824838e-05,0.065416194982942,-0.00010050479540216712,0.08243867893936031,0.743230751804197,2.563892216428819,1.1467855812039793,0.41843480980438
172,PCL_no_feedback,1,0.4975930038562378,0.4964383456808034,2.2509473886770568e-05,0.03990282068830106,-1.7380519891830717e-05,0.13733522690288036,0.6614810283800727,2.1257981593433892,1.3167715228093768,0.47043527865619533
173,PCL_no_feedback,1,0.18653134030778348,0.11569279313714931,0.001383139700912294,0.8043489038896952,-7.648329296189082e-05,0.1451512401198138,0.8472119476930389,2.465013509385661,1.0463201266459454,0.420453066333139
174,PCL_no_feedback,1,0.8056729211409502,0.1914785104269697,1.611525641992817e-05,0.02216898822269344,-5.197513074926132e-05,0.05478827878819609,0.8196593277251232,2.3822870702270875,1.096119146022595,0.44901602512743743
175,PCL_no_feedback,1,0.1639291637527301,0.8344754325441212,4.753914120896673e-06,0.01834144793429107,-5.592850983229066e-06,0.9703284601269652,0.5375036990367088,2.4494163950980816,1.635608432434424,0.34528946178390113
176,PCL_no_feedback,1,0.6479148699107491,0.12437797459668297,0.000285347010273033,0.3340526055791828,-0.0005109306129271057,0.036428266671136085,0.8749924252963727,2.242108554214602,1.0605180110411643,0.4669070777035278
177,PCL_no_feedback,1,0.4882072408001272,0.4949898263113561,1.7903804022179036e-05,0.06914952653296202,-6.860222013001197e-05,0.21206175359974555,0.6506737696114698,2.3643343149319094,1.2927951147660726,0.422568869752798
178,PCL_no_feedback,1,0.6986882642991535,0.2842454780178721,3.3528506452770904e-05,0.049248707869778655,-2.2716004277328296e-05,0.1288560674761797,0.7169987557772396,3.2867902316216484,1.124308967113906,0.35728524764375963
179,PCL_no_feedback,1,0.14346576948723003,0.8508767281541826,2.4809530819940116e-05,0.04204578742635724,-0.00012752624568735543,0.9746264278927578,0.5369479639921712,2.197618206435562,1.707698521736519,0.42388585431119163
180,PCL_no_feedback,1,0.4629717879892649,0.5201972249608054,3.834545401999102e-05,0.059717152760225496,-4.57398444309745e-05,0.1897168138021967,0.656973869098432,2.00761682642735,1.3494483313723122,0.4980277554420604
181,PCL_no_feedback,1,0.43951347221707726,0.49527179826218976,8.817355959451889e-05,0.14482088440544136,-1.7411354549704615e-05,0.2331801225524447,0.6572651193352297,2.172761075429722,1.3038805258464965,0.4585519744961604
182,PCL_no_feedback,1,0.4731531683272366,0.48366453467974935,0.00018930880991907848,0.09498723186287907,-7.991894591122504e-06,0.13298605616618275,0.6603524711987551,2.22994233004721,1.291664096499974,0.44804082100592696
183,PCL_no_feedback,1,0.6604786249034017,0.33876303317231893,9.46413032219929e-06,0.006715318799690418,-4.231312777480903e-06,0.1330893337473,0.7284969032025628,2.3193455171247552,1.1857766187208358,0.4453506162501299
184,PCL_no_feedback,1,0.49503573805156065,0.49246576496855976,1.733021248370732e-05,0.05376658402879719,-6.106661050759229e-05,0.2585919255864611,0.6350972809814217,2.7893216982444953,1.2585661713104657,0.3587793179025389
185,PCL_no_feedback,1,0.6606507876564663,0.33567981533805974,2.170639610595751e-05,0.02220226010351108,-5.390458503527114e-06,0.15566916384136342,0.6977308092180028,3.027131397332018,1.1564258383239523,0.3668523069235661
186,PCL_no_feedback,1,0.7954689467786423,0.20219554976429094,2.1249468207315444e-05,0.01274995306949382,-1.3353006357177347e-05,0.09777652401705501,0.7946170437195393,2.7508634164019115,1.094812560673493,0.41327053955040316
187,PCL_no_feedback,1,0.6806268961204824,0.2308096881716567,0.00019563987370248395,0.17818774013999447,-1.922337503442932e-05,0.07309637679681079,0.7942448384524072,2.2973272631624186,1.1189298905503948,0.4546501743632531
188,PCL_no_feedback,1,0.5543280460679073,0.411894528766824,3.156392227948126e-05,0.06959029751052634,-1.0846322555101389e-05,0.17706950521434558,0.6800883629987148,2.515995773629956,1.220697278297272,0.4078938271715773
189,PCL_no_feedback,1,0.833225058683351,0.12967901030931392,4.607882893613303e-05,0.1118430931805945,-9.166034362616391e-05,0.07901550265653189,0.8606640897277368,2.5903117930281208,1.0608283571640331,0.43487812797532166
190,PCL_no_feedback,1,0.6077173579525929,0.3861745952966605,8.44580401641138e-06,0.03619973469269656,-5.7627229208539554e-05,0.20619509743484402,0.6822580210674823,2.7733594618620274,1.193720986921772,0.3816903365177984
191,PCL_no_feedback,1,0.5890050257377416,0.3982446204226973,0.00010654631722508955,0.03929631076401594,-2.0354315887003466e-06,0.17747503994324065,0.6786968266526917,2.716587829274489,1.2032867975645094,0.3855715617733341
192,PCL_no_feedback,1,0.5143293674499906,0.48485742191135117,9.537675245593757e-06,0.013601274092502913,-6.663880779673422e-06,0.14465352771699488,0.6562407159413169,2.3378383303837507,1.2877762799777128,0.4292565742134286
193,PCL_no_feedback,1,0.8341781586738828,0.15927484872680087,7.898193075834471e-05,0.030170914437112555,-4.6550061831634444e-05,0.08945638532272365,0.8234622222308168,2.881345950913163,1.0720609290765153,0.4098787557227057
194,PCL_no_feedback,1,0.3191551521442273,0.6749005062811623,5.498144727540891e-05,0.04657488173593078,-4.9540622855024505e-05,0.4491923285795843,0.5859173329572059,2.323653456634852,1.4598382646301686,0.40960343613914135
195,PCL_no_feedback,1,0.3707274123156549,0.5811710026710286,4.910684287668529e-05,0.10629437560046348,-7.4034313981485525e-06,0.3031922439190152,0.6235947311639687,2.146508614377266,1.3803759993418254,0.4601776707029702
196,PCL_no_feedback,1,0.5285603487508003,0.39311772229799014,0.0002388037941853088,0.16163782500316054,-5.798236889661124e-05,0.21509659379357346,0.6841743530292047,2.609620257631744,1.2017024258063185,0.39510416324703934
197,PCL_no_feedback,1,0.5676237299954046,0.42434671703850024,1.2663580071109875e-05,0.028346235636326433,-1.2687978546210813e-05,0.15813002723199868,0.6723890581511177,2.577934961931021,1.2273313988289343,0.3991334282375527
198,PCL_no_feedback,1,0.7711375727744421,0.22008536361889047,1.9222772516594697e-05,0.041622069375286085,-1.653785912067043e-05,0.06824510018692061,0.8014965831772868,2.3327876273921455,1.1131998042469862,0.4523941930943195
199,PCL_no_feedback,1,0.7985859723654984,0.19587735828026212,4.301083659943511e-05,0.017957177694133474,-5.931820111803819e-06,0.05529652945044776,0.8192785145408916,2.3229842425616263,1.0998184665565367,0.4553041378517464
200,PCL_no_feedback,1,0.7234272531439208,0.2668144830490951,3.205518336962625e-05,0.05882538420627403,-3.253166939463994e-05,0.11297387802125655,0.7400660815690451,2.978465596295021,1.1226786242863211,0.3840455031606007
201,PCL_no_feedback,1,0.42941356645223605,0.550352575361495,2.491034214559676e-05,0.04643561414648531,-1.0359773805013642e-05,0.23113987368890304,0.6352101379972919,2.1870155871293835,1.3538970079167372,0.4533742369901711
202,PCL_no_feedback,1,0.8000382602660091,0.1008744567141866,8.60202719868579e-05,0.18605249005696559,-0.0005130578892392155,0.033794357800490823,0.8955470048159007,2.3329441752613658,1.0488388299193563,0.4598606134997098
203,PCL_no_feedback,1,0.714476419052894,0.28363922788546614,3.381812712804013e-05,0.013904601145454748,-3.5703719070480745e-05,0.113806309411772,0.7292979551195486,2.9823904019736034,1.1310857361859303,0.38096882052139325
204,PCL_no_feedback,1,0.7522573874352979,0.23974001203045747,0.00010133851366291179,0.034707658690812236,-3.0940520934679924e-06,0.07531245345857382,0.7737547946269738,2.6210700499539312,1.1168437658735109,0.4195341567728063
205,PCL_no_feedback,1,0.48111229830870844,0.5177586238860284,2.087339460495861e-05,0.010738444730971311,-1.504896372150625e-06,0.23253943506662011,0.6433702476834732,2.3170513932800936,1.3157507172676997,0.42976334115712034
206,PCL_no_feedback,1,0.8696774457967474,0.12940650822532287,8.764015256502865e-06,0.010604173491859185,-2.6719840759561655e-06,0.022469438020810768,0.8796173455331089,2.133419691808499,1.0667893906012682,0.4814909289325468
207,PCL_no_feedback,1,0.5707080743259619,0.4276657001220982,1.618408889224313e-05,0.01450523710560655,-5.9901838173132816e-05,0.17176262277766943,0.6866753866499473,2.2463084094361196,1.2518359895659519,0.4504562020574619
208,PCL_no_feedback,1,0.8472613391985079,0.14780810229112445,6.231718451253021e-06,0.01898301086787768,-4.813504433701563e-06,0.05522862290153861,0.849026532154136,2.4937025876585404,1.0711618623936658,0.4417389749057592
209,PCL_no_feedback,1,0.8403896583396794,0.10321262698645961,3.65407380231774e-05,0.14342341638211378,-3.3240797913979606e-05,0.057868944672834606,0.8865698811635866,2.543956355254233,1.048285182287808,0.4412668519944749
210,PCL_no_feedback,1,0.6718768981637354,0.3255101343959706,3.8354478353816274e-05,0.0268931858666688,-3.820319897081812e-06,0.1442632558365017,0.6984863643143991,3.1495035149357733,1.1477174490788156,0.35902856431201086
211,PCL_no_feedback,1,0.33508476959444383,0.6603673428590571,2.6177946299921896e-05,0.025746615281800323,-3.20236630382409e-05,0.36873110931639724,0.5840292645651219,2.5489586524212755,1.4139637203227295,0.3627902722880939
212,PCL_no_feedback,1,0.7274999213354131,0.2716151422758504,3.9163504929656945e-06,0.01026794820929726,-6.22697130571556e-06,0.0800840352804289,0.7778010873989519,2.144937666248715,1.1505911323160942,0.47543399304973843
213,PCL_no_feedback,1,0.4563430049843472,0.5104685602327521,0.00015749030087285935,0.06721663628230787,-5.521419274288609e-05,0.2369078288404001,0.6381017258979464,2.486087814422352,1.29022470566054,0.39817480694076424
214,PCL_no_feedback,1,0.9300165063927338,0.06568361794672524,6.07464661478147e-05,0.027990375004412853,-4.2574851663392825e-06,0.014154311674699707,0.9363352440519571,2.075384766598959,1.033308657194771,0.49013505946106484
215,PCL_no_feedback,1,0.5992046711947039,0.398365981178323,1.8250024070421793e-05,0.011488486963634973,-2.2452651136998943e-06,0.1666852326203094,0.6695715459570589,2.943997443207347,1.1932772109083052,0.36174107463290417
216,PCL_no_feedback,1,0.9293493606855043,0.04580739085556129,0.00011073872879995539,0.09202197129844332,-9.785963286225544e-05,0.012760683564049701,0.952925875795961,2.1643054407571762,1.0225339754791272,0.48029086455861003
217,PCL_no_feedback,1,0.33491588953129287,0.6364524154311537,4.3491465586817656e-05,0.09106241641444514,-8.892793990107991e-05,0.29463783197870264,0.6032169249181011,2.1793452470541452,1.4371157149058915,0.44875996007501245
218,PCL_no_feedback,1,0.8966632725021781,0.07402270994118354,1.986305302050223e-05,0.1023182021697401,-6.680666657872184e-05,0.030997406546971067,0.9252651013104964,2.196992528099342,1.0366271930421758,0.47575460246332746
219,PCL_no_feedback,1,0.30170830229866136,0.683039220333339,2.0483223173289765e-05,0.05459262919516395,-5.457058273674869e-05,0.3534319788027305,0.5809976933961267,2.3987457756771384,1.456026961379031,0.38938878982447056
220,PCL_no_feedback,1,0.2226314116120746,0.7637620214666735,9.414131111884799e-06,0.03879802834491724,-3.482399518133226e-05,0.36645074300664826,0.5625611104880578,2.145117746135439,1.5879989682297388,0.4499822374561626
221,PCL_no_feedback,1,0.8787848820997297,0.09988757249162442,5.1398142373555746e-05,0.05596455451217364,-1.07868543667885e-05,0.030906886380811346,0.9037883631096952,2.1447409016966574,1.0506285674932412,0.4808643964880068
222,PCL_no_feedback,1,0.46451607656777116,0.5310909966047358,1.3169382524517372e-05,0.01938120086140826,-5.690707751050739e-05,0.1848433956508636,0.6421871232553888,2.2210176532014083,1.3364345391708528,0.44784076473205503
223,PCL_no_feedback,1,0.16761644796050562,0.8303678264301735,2.083552191261072e-06,0.013543723363075364,-1.7033647920845205e-05,1.0529408808710696,0.540866380442621,2.296257676151869,1.6584478525203852,0.3934890989586547
224,PCL_no_feedback,1,0.8746852914170935,0.09310930719180956,0.00012257432146864112,0.08756302833275671,-8.098879698427707e-05,0.05963887341049365,0.8975021009350826,2.5088473849549158,1.0437050735742643,0.4453637818898547
225,PCL_no_feedback,1,0.9079658774504878,0.07840366495279227,6.011397374480658e-06,0.0397545545210857,-4.089934504444981e-05,0.0456587065383444,0.9083849585680286,2.636158286038371,1.035883541248652,0.4375472782517302
226,PCL_no_feedback,1,0.798158476638682,0.15320228064866878,0.00017271517099179813,0.09639379832084377,-3.6295840780168236e-05,0.06959428908723331,0.8307769999348031,2.814042777616701,1.069597075517062,0.4144738857093939
227,PCL_no_feedback,1,0.8130724032028916,0.17436097883187915,1.4747898871113914e-05,0.05400884422443893,-2.659514221633649e-05,0.05637978610833383,0.8352628257733602,2.3260938157719204,1.087885972223969,0.4563313590160428
228,PCL_no_feedback,1,0.10373543161575126,0.8261033954020434,3.529759218495429e-05,0.1391363606341004,-4.603512735280421e-05,1.435396163247792,0.5398314930057978,2.1943571690668215,1.5917013120514685,0.42086986200706433
229,PCL_no_feedback,1,0.6920705600804283,0.17895906541666304,7.760084119858312e-05,0.21174725930370772,-5.215687342065543e-05,0.03973189719464051,0.8388084232412857,2.122757616187251,1.0929901576356382,0.48084625028260997
230,PCL_no_feedback,1,0.644917486440361,0.35382267240340687,1.0609064310089127e-05,0.01956196786857843,-5.4589463849345566e-05,0.13599502330185617,0.7193689019370566,2.3364738647749017,1.1947262900663447,0.44159410827257484
231,PCL_no_feedback,1,0.3331335502675919,0.6536159379480836,1.6912756886213826e-05,0.053988478235892985,-1.2859684360718716e-05,0.3688530356687371,0.5987628629235722,2.1474091949580254,1.462018805566922,0.4568912399090285
232,PCL_no_feedback,1,0.3354812659876683,0.6375294313161148,3.830601202792092e-05,0.06625154447573639,-2.0359663274419108e-05,0.3433018508218797,0.6024543351498727,2.17965276293895,1.4354824048243884,0.44867846772881914
233,PCL_no_feedback,1,0.5328139167705059,0.4217882919791842,2.1919884594958107e-05,0.09840000186364438,-0.0007804940869875181,0.27198130336911913,0.6625797672893382,2.82935121824811,1.2096677375930613,0.365419140729213
234,PCL_no_feedback,1,0.692582623379256,0.29149959337036024,9.188755746477593e-06,0.04971270013865284,-9.131917409179898e-05,0.15736130483918925,0.7281931922858046,2.8956005092383132,1.1370781056518915,0.3860518873249735
235,PCL_no_feedback,1,0.18373836059124027,0.8143441885192385,7.5703393854548146e-06,0.009876361090200066,-4.3931877924272895e-06,0.7374481240517756,0.5405412500390165,2.5868639126696027,1.5800624500354332,0.31429234909705
236,PCL_no_feedback,1,0.8203433895368634,0.1783321081668109,7.98605082315801e-06,0.010686903860815776,-1.3668026595315123e-05,0.049129014910661344,0.8391158881390475,2.1858887482498917,1.0931167678185556,0.47309251393366164
237,PCL_no_feedback,1,0.8374397131274541,0.15441412892834352,1.2143394905257203e-05,0.03379781774464031,-5.504879826661364e-06,0.07659771854090819,0.8251723472859681,2.944726974821948,1.0690944256710324,0.40642040189951045
238,PCL_no_feedback,1,0.8938125042688302,0.092411314908577,3.986708966319337e-05,0.05498884863757408,-0.00022875913754087066,0.02811667919861467,0.9078023121071294,2.2197878854392017,1.0459023933105167,0.47257506360284113
239,PCL_no_feedback,1,0.4721168452126314,0.5116370629770037,7.495368425469481e-05,0.058440696603722135,-0.0001077333192146943,0.19093831414622725,0.6530633211294306,2.1579786078601146,1.3256533626156781,0.46235837948154473
240,PCL_no_feedback,1,0.7314657956445723,0.26764050691939295,4.117745326590267e-06,0.008373361321402215,-1.3634817615272199e-05,0.07614702134559825,0.7725232242801277,2.284084103006444,1.1426902080496888,0.4554340258002142
241,PCL_no_feedback,1,0.7157315207174577,0.28066969930751157,3.5518602876528526e-06,0.019973845348409458,-1.4648217308030541e-05,0.09262872613346598,0.7579284581186827,2.405401326474955,1.146158033247097,0.43870424629943705
242,PCL_no_feedback,1,0.6161944339221544,0.37782219305296194,1.8572469255628673e-05,0.028990057282432116,-3.6610298135420158e-06,0.11450924359009429,0.7078092688424311,2.3151179932686348,1.211845011500138,0.4426691096637163
243,PCL_no_feedback,1,0.9661870836913248,0.032954565578300045,2.9575110272312687e-06,0.008818176804569932,-5.795829660492621e-06,0.015973445142906106,0.9650686960227883,2.204089393548037,1.015983525543181,0.4766525631019011
244,PCL_no_feedback,1,0.9564924628707742,0.040544384600382406,6.796250961441529e-06,0.027288900897290407,-1.3946593893835643e-05,0.015564682793546877,0.9566091800657046,2.248783655903246,1.0195541596697164,0.47196543849438866
245,PCL_no_feedback,1,0.27067006819657674,0.25886802197393205,0.00046178105911876623,0.5424701337571995,-1.6410894057896002e-05,0.2735983516697791,0.7069379287206408,2.5908376940036684,1.085232046964547,0.3878163523389671
246,PCL_no_feedback,1,0.5889256723942621,0.39908107482428756,8.655841456005888e-05,0.033603350811624445,-0.00011943077381736586,0.10251778511856922,0.7084840899284758,2.100443136761573,1.2408791550264142,0.4790453591442963
247,PCL_no_feedback,1,0.148770886876496,0.04721293715624101,0.0003761533806253204,0.8598615085764086,-3.748400184222434e-05,0.12898289130017834,0.9031322562794086,3.0705896642880757,1.0166841963594508,0.3825725983384674
248,PCL_no_feedback,1,0.7527605069784842,0.2388239998051899,1.1098192551492457e-05,0.034349755018287964,-1.4235447294228312e-05,0.08560630773095672,0.7906702304619939,2.294561699313956,1.1251013133545684,0.4558299523874044
249,PCL_no_feedback,1,0.44258528676848924,0.5510025450859294,2.858168948031205e-05,0.025283430896139183,-3.313067936976533e-06,0.26187438609588615,0.6086654311219021,2.9394114481333267,1.2866685525723065,0.3269777482979121
250,PCL_no_feedback,1,0.8977895636465738,0.10179566903973648,8.51069897305971e-06,0.005556332310992169,-7.715452036718263e-06,0.02179597134911586,0.904223026135459,2.09067057524857,1.0523675035557687,0.4876053038039311
251,PCL_no_feedback,1,0.6767737557520089,0.29186803495396835,9.468742864342113e-05,0.08286085176339893,-0.0003750256443194163,0.08918986628733745,0.7649923425420695,2.1421035254492926,1.1631553897944833,0.47484968916201936
252,PCL_no_feedback,1,0.7049722730727013,0.29040729051331066,6.381761989903259e-06,0.01961947370837339,-3.7584760543327157e-06,0.1076973352674303,0.7306102379219437,2.855072143254751,1.137783031938964,0.39040558093266087
253,PCL_no_feedback,1,0.4879893943988826,0.479547535467858,3.38650369217738e-05,0.06846672644660631,-0.000188397300688397,0.1806243565947079,0.669933598350059,2.0807666923588095,1.3026411772453432,0.480707387765497
254,PCL_no_feedback,1,0.21877490167221433,0.775045905002142,5.422494311290972e-06,0.026508369384586183,-2.4695284689940757e-05,0.4848438674061995,0.5575979002235649,2.2270064745909144,1.592763260884281,0.4232758522646588
255,PCL_no_feedback,1,0.376909011534419,0.5608182677528536,6.551421708467731e-05,0.14022914997001157,-0.0003990719573494429,0.21034669831837835,0.6319002713719292,2.1290751734425912,1.362842317294857,0.4652648395082394
256,PCL_no_feedback,1,0.25878554707536844,0.7274276704914305,3.277113842602421e-05,0.033080559442055034,-9.721739725625325e-06,0.5200666825278726,0.5699011881381593,2.2880773807563863,1.5184290949516985,0.41080653337737116
257,PCL_no_feedback,1,0.24738167684490336,0.6636002965505221,0.0005218031396234334,0.18799326609062672,-0.00014839061995529034,0.4768603001458102,0.5870759246363371,2.2975701741600227,1.426867264695726,0.4094812958870959
258,PCL_no_feedback,1,0.45478249927483516,0.18151441755974937,0.0009920379969168352,0.4785274228623356,-0.0001850487643572533,0.129270963530899,0.8046183968582377,2.5237412277567377,1.0794114973012559,0.42440819303696664
259,PCL_no_feedback,1,0.14706359070283603,0.8514287369220613,2.1217340806182586e-06,0.0094950146556536,-5.276862741958787e-07,0.7377825910263137,0.5351558076686793,2.308218066366442,1.6886192451578252,0.38560200677322887
260,PCL_no_feedback,1,0.42100028247497084,0.5751968063321674,9.079476586101293e-06,0.03384247241859094,-4.9999016469615114e-05,0.2110229158317469,0.6330603985134209,2.036049620917884,1.398847788441694,0.49017149991753406
261,PCL_no_feedback,1,0.9226680777039568,0.061488116488874055,8.038204753600454e-05,0.05393218507798172,-1.696716423557821e-05,0.033264482374041275,0.9342583216737709,2.3100587264845593,1.0295649836177985,0.4650669680023853
262,PCL_no_feedback,1,0.5062979822644142,0.48916302758088626,1.2270928568564157e-05,0.019960139394054752,-5.402351525016118e-05,0.23390090896453683,0.6381598422323629,2.736717452450968,1.2601898704086385,0.3670867443767759
263,PCL_no_feedback,1,0.870135468276228,0.10778778869478296,2.019108073828299e-05,0.08018241679488576,-7.099470443144006e-05,0.03157716205776883,0.8881747543023327,2.3835102528988514,1.0521049551822372,0.4551068120383577
264,PCL_no_feedback,1,0.31396038438880153,0.6739423181546376,1.7860370557621292e-05,0.052432882794157476,-5.448886124554798e-05,0.5570733649385985,0.5761492288592519,2.7034034009192927,1.4061406539225718,0.3292616401135065
265,PCL_no_feedback,1,0.388839975891058,0.5744873903561986,3.6077826024427305e-05,0.07761144747545719,-1.794966088074713e-05,0.2517619957311949,0.6098671235792905,2.6038773424964794,1.327754153356829,0.36639255342082455
266,PCL_no_feedback,1,0.47899531748296087,0.4813643829459996,0.00015488634086059224,0.09612573428385765,-9.006832841537749e-05,0.19424898243840627,0.6513098871261126,2.465379777001088,1.2718601359811756,0.40544792064868135
267,PCL_no_feedback,1,0.6429492632098964,0.35149495897636845,3.9230190453402536e-05,0.03405324041955313,-8.905030520037427e-06,0.1806842673723141,0.6969573106621819,2.8408435936605607,1.1711834991878027,0.3808896337012353
268,PCL_no_feedback,1,0.12758605645507443,0.8649017388124958,3.762262646331686e-05,0.0286835270017547,-0.00012707617041600404,0.9546540494081468,0.533233628953814,2.1853006087359637,1.7301131938117755,0.4265122273200731
269,PCL_no_feedback,1,0.35962670655369444,0.6142652209365438,8.846026171647383e-05,0.06243347209962968,-6.1128531288771346e-06,0.4046612667703609,0.595471382749145,2.6502609960968426,1.3574277875157743,0.35117009997403104
270,PCL_no_feedback,1,0.3546665855776084,0.5828747472129403,0.000134380442943895,0.12679399169025324,-0.00017123001238004463,0.2872687264890569,0.6157590747066246,2.309084579151276,1.3586950189332831,0.4202328046760767
271,PCL_no_feedback,1,0.3831855527038119,0.38996735814407096,0.0003506750293072924,0.32914847120516294,-0.00017660365356386742,0.20211835683205565,0.671536582836551,2.681525396496282,1.1755534975035882,0.3721036350757627
272,PCL_no_feedback,1,0.48622026734126994,0.5115207169558884,2.8317027442984114e-05,0.009889573720504403,-6.1314528555422225e-06,0.2932839664932964,0.6367532713239749,2.5368996454325314,1.2911618723690417,0.3922075445131229
273,PCL_no_feedback,1,0.9397048068020873,0.05699325221868434,2.895940732242027e-05,0.025756957608789387,-3.625220370077565e-05,0.02534895660434155,0.9395986256906793,2.2734266365422218,1.0275529689632188,0.4688077711512377
274,PCL_no_feedback,1,0.8681388571990493,0.12673548781308294,4.6759379436166424e-05,0.02974063097090895,-2.0742910913525117e-05,0.02438417624997343,0.8856650465263446,2.0425161560085385,1.0668646686143888,0.4937770760064299
275,PCL_no_feedback,1,0.9132380400186533,0.06466427117501045,0.00020110737477485642,0.08091678360393072,-0.00013634833602478425,0.03136978565481049,0.9313595192095472,2.300919195100376,1.031188124954442,0.4657153600194508
276,PCL_no_feedback,1,0.09374588331293014,0.8649411589459471,4.1873295195624e-05,0.08935497484713657,-0.0001200702294813522,1.5893952468122852,0.5316569612728018,2.1489059989345587,1.6818976974067767,0.4373248644599293
277,PCL_no_feedback,1,0.6506659864750909,0.10346053772902448,0.0008543409737355737,0.3775548682567312,-0.00019992035790826812,0.037558656784271456,0.8964146288502735,2.185737680806496,1.0509114566528208,0.4747270590646643
278,PCL_no_feedback,1,0.18608440916034444,0.5689338997131593,0.0005567304556777107,0.38273073062531887,-0.000496631951109239,0.5338130163267133,0.6026012555963328,2.538399572193171,1.2804037088673206,0.34418411172424795
279,PCL_no_feedback,1,0.5919150718546938,0.40630065251340153,5.401817635594884e-06,0.01758662723615375,-1.1603363732298577e-05,0.12932093415320617,0.6833265707424655,2.5246194448412345,1.218829503057241,0.4092731230279337
280,PCL_no_feedback,1,0.09643256917177288,0.9016383602623611,5.168341475077616e-06,0.02170245647964659,-5.3261332354295103e-05,1.2976333321826157,0.523678751996259,2.1962697314203674,1.7933019951298923,0.4180515618766943
281,PCL_no_feedback,1,0.8871391741975155,0.10885430734283297,1.2000291312909429e-05,0.02349624820106471,-7.981675879765489e-06,0.04567337433868452,0.8864875078016886,2.4044194934097214,1.052459016714609,0.453238054944926
282,PCL_no_feedback,1,0.8040767545594127,0.1940860243919611,8.975813431511904e-06,0.012093659134014275,-1.4348213386406893e-06,0.04478414058050482,0.8268665646674861,2.199349966705769,1.101809697675219,0.47067621826000616
283,PCL_no_feedback,1,0.1319608461612515,0.8035582984066937,9.917690582463308e-05,0.17511472361968125,-0.0003744333420875252,0.724425934762784,0.5473374688642437,2.2632568057251117,1.6053909737152647,0.3999179562561093
284,PCL_no_feedback,1,0.7456906633494587,0.2538322746467824,4.667489726531291e-06,0.005875005858788214,-5.88810870300451e-06,0.09073957872549752,0.7755201240399894,2.3950931221629137,1.1308182515031031,0.4424281832158009
285,PCL_no_feedback,1,0.4090798052747544,0.385884909234606,0.0003780573629619446,0.31794583367140594,-1.3505840162914134e-05,0.23523586019804077,0.686888570859434,2.438095639771016,1.1904820753210703,0.41203369669153755
286,PCL_no_feedback,1,0.7852932350170546,0.20508308857029223,7.243360872491514e-05,0.05479850169908487,-0.00013183668625387147,0.06577535608954618,0.8143413378813914,2.2891085814699,1.10580745198212,0.45867080714273056
287,PCL_no_feedback,1,0.8856060324721756,0.11041952718852047,5.286424312526575e-06,0.024543377586609634,-2.8144258423751077e-05,0.0315798018840163,0.8876698879343582,2.3343647441124378,1.0539901237039533,0.45979153575159315
288,PCL_no_feedback,1,0.6483575291073758,0.2870707451070864,0.00016125268163577925,0.1119886190264209,-4.82554436540333e-05,0.1185938958223393,0.7348543100957717,2.76104739901464,1.1362655858649382,0.3966542870851122
289,PCL_no_feedback,1,0.7655041290694596,0.13938071823051773,0.00022838688654613573,0.21543894099561528,-0.0005363890240356355,0.04189310576464942,0.860733269947271,2.3676557426551166,1.0681764415128339,0.45345802497314747
290,PCL_no_feedback,1,0.9455096839597577,0.049814209763772564,5.6128598377939885e-05,0.031128080215327855,-3.5235869134430005e-05,0.01572124644644565,0.9478865422654383,2.219372437488141,1.0242694516623627,0.47444865211874937
291,PCL_no_feedback,1,0.607463542686794,0.3906867105140993,1.022751875333481e-05,0.017676290266686857,-5.889370582073672e-05,0.10714391532144056,0.7189083727763456,2.002428809414114,1.2425573269161478,0.4994754726096328
292,PCL_no_feedback,1,0.2489477126980247,0.6233227641389084,6.0634160464970964e-05,0.2194350168134376,-0.0004792312965524121,0.5385986093422079,0.5981886183038547,2.241313016127987,1.3665774622056417,0.4265815008758539
293,PCL_no_feedback,1,0.49385358309244926,0.4978026660532871,8.430349106437571e-06,0.025645676291585123,-2.3088742770830858e-05,0.16981852009574955,0.6474371216143,2.410186812791542,1.291090815166182,0.41466044795545326
294,PCL_no_feedback,1,0.6802217325864776,0.2920827239422684,4.859663472671774e-05,0.0841346472819688,-0.0005620583626825687,0.08029191705224979,0.7682816308770062,2.0864090052170914,1.1661348938184568,0.48426099083945395
295,PCL_no_feedback,1,0.0877184316123811,0.887981082791162,1.353324623118625e-05,0.08279928706637435,-0.00015963855534162705,1.3338483048602592,0.5252686777655237,2.360838434731316,1.7356140660284671,0.3531204843199311
296,PCL_no_feedback,1,0.8843067156568215,0.11508878871327993,1.7688549835068643e-05,0.010093548763370038,-2.2831758644803867e-05,0.03431249988139306,0.881681820905954,2.383534328588613,1.0558401188630155,0.4547428121711367
297,PCL_no_feedback,1,0.7826451187312138,0.1879231542877637,0.00012217327984696155,0.057644454344333185,-1.2049739741764996e-05,0.036187423373172524,0.8360859614365167,2.0973189231138107,1.100530739727447,0.48484997301212057
298,PCL_no_feedback,1,0.26193920190059194,0.6759703104598527,2.920708478500096e-05,0.1124816347481983,-8.040816507986378e-05,0.45158905661381255,0.574795086857198,2.631461882527562,1.3920447225562582,0.3326754065481047
299,PCL_no_feedback,1,0.5043580384033064,0.423874360680384,0.000472542941691475,0.1240868673362769,-6.077633513402368e-05,0.16649193791413736,0.6784044048335643,2.37913255483181,1.2310604536255216,0.4251407187864884
0,ACVS_classical_Ki,1,0.979726261436257,0.0031457897217232575,0.005620952269263727,0.05557101760750501,-2.933075737147105e-05,0.03181438960478155,0.9957754004143574,2.7002218168126717,1.0013936448613525,0.44224353774503605
1,ACVS_classical_Ki,1,0.9803661106753955,0.004522720224995335,0.0036572095043030713,0.05140851212903958,-8.104478640092419e-05,0.04357495179291158,0.9934158233875827,2.9370945399936557,1.001952172828803,0.43052656657216576
2,ACVS_classical_Ki,1,0.8726492383884786,0.004786137121414937,0.01019027519430026,0.19403447571061205,-6.588828584696455e-05,0.04666642170931468,0.9912458533527866,3.702063235770832,1.0019443618385417,0.405177239133528
3,ACVS_classical_Ki,1,0.8865097519721509,0.08613709654624488,0.004675395227148149,0.05285977125010961,-2.167990053128439e-05,0.33146550699780913,0.6737706013972153,20.149011473958556,1.0200587722712902,0.21695943514255142
4,ACVS_classical_Ki,1,0.030266845584913177,0.9521840453888386,0.00841676584178922,0.03497058963544847,-2.036615907614862e-05,8.966755656783498,0.5080650697082084,3.3494452144403395,1.6184509427687213,0.058547516807211715
5,ACVS_classical_Ki,1,0.09249717615882114,0.7267377051987036,0.015831012510120337,0.2343444770850237,-0.0004669333461081255,4.323110755083122,0.5377657516344143,4.69114652775592,1.2022660915788765,0.0595364187215206
6,ACVS_classical_Ki,1,0.8756858475874464,0.049009260828074906,0.005458599944729162,0.10038856758173931,-3.813239896191476e-05,0.2558649177927837,0.7640159812416112,17.19626755176864,1.0136965806521414,0.2696585918013689
7,ACVS_classical_Ki,1,0.04209377940706993,0.9483815557008956,0.0007586811156129483,0.041879126907347616,-5.222596957085085e-05,7.00427449259055,0.5079929890996296,3.719719831593183,1.510745913198393,0.04798447063816751
8,ACVS_classical_Ki,1,0.05202665530880277,0.4166964661988056,0.06412770969653717,0.5503471612435915,-0.0004247209745919294,3.779839803081716,0.5853855910642131,5.106213480260531,1.079265647954925,0.04933862885890534
9,ACVS_classical_Ki,1,0.5114263851555421,0.4507238847524386,0.0034501915542485507,0.06746080555082365,-4.51945087251947e-05,1.1072974617214975,0.5522733601828272,11.221617021404347,1.0757273423439278,0.09765943976608998
10,ACVS_classical_Ki,1,0.8013976252685315,0.003002057336234361,0.0917252588887846,0.19029217128225615,-0.0002193402526776236,0.03790406305193345,0.9960994545058266,2.607854502883587,1.001344860437817,0.44743344806710666
11,ACVS_classical_Ki,1,0.08995266138556544,0.5896361509099883,0.07997287436676903,0.33730774840971617,-5.8529357335345736e-05,3.47501089966108,0.5604564412108307,5.349041985239726,1.1319098576930948,0.05340648692941469
12,ACVS_classical_Ki,1,0.03736385426386371,0.9569246238795839,0.0024366269947582756,0.012583428946555349,-5.7008300062635275e-05,8.782633332137907,0.50683426176503,3.3683559342191467,1.6183512079195255,0.06575364640367501
13,ACVS_classical_Ki,1,0.9909377021092947,0.003410444008253775,0.0017230800126303001,0.03082113251691154,-5.784187310625674e-06,0.03451645382870951,0.9955131344217013,2.646024882486772,1.0015213319349252,0.4452368397410221
14,ACVS_classical_Ki,1,0.5196544271581778,0.07153595047464226,0.16190241115432755,0.3653966848226725,-0.0005940540700923234,0.46680519154543604,0.7321154817369349,15.204700879319695,1.016614553652818,0.21699979328424415
15,ACVS_classical_Ki,1,0.9828887873557135,0.013420642740108232,0.0018487098259391715,0.012592698549326153,-3.0137749020208195e-05,0.10125282950571615,0.9650850544549022,5.51897605520054,1.0050461079211537,0.37282965291359027
16,ACVS_classical_Ki,1,0.9955940869609553,0.0034833244421842427,0.000208846904654373,0.0072828353548945336,-6.056502057200296e-06,0.03499039795644977,0.9953970450109194,2.658120425274627,1.001551486302452,0.44454260552136105
17,ACVS_classical_Ki,1,0.8967756942153907,0.09843175592942803,0.0004889434939143216,0.014067576850683973,-2.199124121398932e-05,0.393159812217964,0.6776300787206365,16.665623669455503,1.02406020807208,0.2257589442600214
18,ACVS_classical_Ki,1,0.9844006484820919,0.003066877100721947,0.003332119751191533,0.053733708808662635,-0.00010790916671481501,0.030232602140732426,0.9957304201539716,2.799688209033374,1.0013428903365462,0.43711369730735794
19,ACVS_classical_Ki,1,0.9896454462426331,0.0063721345514907105,0.00047299522730510934,0.01949848082080546,-1.0937609391626906e-06,0.059656411237102774,0.9904339819679089,3.041526769704493,1.0027236032640434,0.4258604708485207
20,ACVS_classical_Ki,1,0.9085598326706849,0.018796653778008956,0.018257743764730296,0.15968689266209243,-0.0013457492335523591,0.12344363743925811,0.8965698726352767,13.663288106621028,1.0061675152666085,0.3238731366549996
21,ACVS_classical_Ki,1,0.04754898747170938,0.9479122891267329,0.0004890632131089411,0.030981543911676693,-0.0002593918861039685,8.177026700518002,0.5081980403796297,3.4573670995885926,1.5772861563537026,0.06981727214978138
22,ACVS_classical_Ki,1,0.8782860309462056,0.06090253648018515,0.010078985685928762,0.09032978486997555,-5.4612008585680206e-05,0.24280957713381857,0.6887114075823776,25.757803154181598,1.014124120837687,0.22070045616097328
23,ACVS_classical_Ki,1,0.1496450170776644,0.8464162094570319,0.0005310413666138421,0.013559474869364402,-1.4613785861822693e-05,3.374512004520765,0.516632194717643,5.415933928746695,1.2487026247804383,0.05895294698543423
24,ACVS_classical_Ki,1,0.7306272768777696,0.24136854763749005,0.0020454938282740316,0.05132597685673452,-3.142559908383945e-05,0.7484738318193777,0.5985686482568263,13.108402500669468,1.0483421728641547,0.1589371094747912
25,ACVS_classical_Ki,1,0.9373072125273639,0.04265764517670698,0.0009720431435918534,0.06045090571306493,-8.771691891047755e-06,0.21280435717556637,0.770765293895819,19.09500451473473,1.0120552712482633,0.273772139782163
26,ACVS_classical_Ki,1,0.7435808581238758,0.1732802164241869,0.015320021940728994,0.17185427868987924,-0.00046854784643628997,0.5715808959965709,0.6228684850711383,15.828869270746623,1.0344174460607827,0.16830404140785718
27,ACVS_classical_Ki,1,0.9605546395206865,0.03664706322213034,0.0006578519934202193,0.022915963469381732,-2.0616309448670058e-05,0.21010484060383586,0.8339306785051136,13.079829068036497,1.0115520056504648,0.3072104228728242
28,ACVS_classical_Ki,1,0.5132606634754165,0.46779277748004366,0.0028397789103401273,0.04873450580405647,-3.4171484020573135e-05,1.3594941109993157,0.5568385932763746,9.237747614601536,1.0929579615146447,0.11522471336462116
29,ACVS_classical_Ki,1,0.16608652674317387,0.009328772915071757,0.04472663580109572,0.8570520194348792,-1.2094880617743173e-05,0.2385387258224151,0.9171434527717695,20.529373581010802,1.0024197481436259,0.25537204820416715
30,ACVS_classical_Ki,1,0.9932955204776077,0.0041060519766472825,0.0009567961969729845,0.011651358213010634,-1.1260472353618693e-05,0.0379616829674444,0.9936731819901135,3.1083911904681853,1.0017435856480006,0.4236335313233872
31,ACVS_classical_Ki,1,0.792377432252373,0.10587862632775999,0.053542751729105977,0.0969735187999037,-0.00023623787256612077,0.41670704791492635,0.6629465412915948,17.867019986159043,1.0235356163579645,0.20288853351795735
32,ACVS_classical_Ki,1,0.7805998954665876,0.20587051333766393,0.0035204446453788456,0.030610545456651404,-4.890914797107927e-05,0.68270024489187,0.6135187752445408,13.29650556783968,1.043886198087299,0.17673108648641947
33,ACVS_classical_Ki,1,0.01654187222717876,0.9744849257494107,0.0029199437864455193,0.02498238822644117,-2.1158423399328618e-05,15.544958707909668,0.5048535729892194,2.782371109952875,1.871413407288821,0.1471370471574962
34,ACVS_classical_Ki,1,0.01071668403143283,0.974729228371377,0.0073868647044361205,0.03474369591965792,-4.680132164965457e-06,17.966695043016912,0.5049779376681783,2.6819416516176275,1.8966696151177775,0.17759136374680676
35,ACVS_classical_Ki,1,0.27938401910289334,0.009405898600847179,0.015000457460902014,0.7756958961170143,-2.39441414595736e-05,0.160712710802989,0.8961715620581634,22.959753933058654,1.0026194772912462,0.2775039902399959
36,ACVS_classical_Ki,1,0.0692059671592505,0.9237203176674799,0.00210451333658789,0.016233656810643763,-2.9130507288425585e-05,6.424211337619199,0.5109438072627075,3.8349952265099136,1.4582954111521111,0.06509833103089459
37,ACVS_classical_Ki,1,0.7640451746241346,0.01826709035344859,0.051739696376804714,0.25212730490350577,-4.601653700752055e-05,0.14263515611824765,0.9035881501815975,12.614639554762602,1.0059844986363624,0.3239585836914
38,ACVS_classical_Ki,0,nan,nan,nan,nan,nan,nan,nan,nan,nan,nan
39,ACVS_classical_Ki,1,0.6557882377227984,0.31063280580636937,0.012008254614160172,0.05947656936211409,-6.47927279014132e-05,0.9112565819189671,0.5818079732710958,11.851289875025838,1.0597611750564158,0.13973788295617678
40,ACVS_classical_Ki,1,0.04736159935364401,0.9504155692387256,0.0004011160472315593,0.01776653834070512,-2.1454985963789957e-05,7.192033600760613,0.5072234349359619,3.6655591257209106,1.5247212651158446,0.055445671137509006
41,ACVS_classical_Ki,1,0.017178470729166808,0.9772489011021636,0.0038177177586673655,0.020505817669803778,-2.807862783357184e-06,12.58453449145016,0.5041613508678021,2.9699634013310496,1.8274543419331657,0.09107463128473609
42,ACVS_classical_Ki,1,0.9410354377341836,0.018500486519259465,0.008170505511147572,0.06834394446914788,-2.687918685383437e-05,0.11805966978090718,0.897873449028009,13.617836508163037,1.0060931351925593,0.32523870854699477
43,ACVS_classical_Ki,1,0.8297093328618407,0.1653329779972669,0.001994823291411366,0.02653543767438801,-6.789056030301994e-05,0.4847125248949099,0.6086881945713634,18.299990947865236,1.03194747088005,0.16650576892504315
44,ACVS_classical_Ki,1,0.9554820300465547,0.012077978559184504,0.002758861881700953,0.07282451408225937,-0.00017652600192687376,0.0849899060954489,0.9513817541129366,8.811978730019966,1.0042634623588296,0.35021883197418724
45,ACVS_classical_Ki,1,0.018084588622048415,0.8781848602556865,0.02363526801445983,0.12449606587371148,-0.00011666797935693638,11.672993862039364,0.5168496795972453,3.0431955297743154,1.3668406456537379,0.08115479068572606
46,ACVS_classical_Ki,1,0.9511377029490398,0.021702744888125257,0.0056731172639075894,0.04294813443555817,-9.878415456858184e-06,0.14957364228507658,0.9215788547337546,8.379489273194748,1.007591591251664,0.3448506178139206
47,ACVS_classical_Ki,1,0.018797733604099493,0.978714751040365,0.001114072412889722,0.011473172037971944,-2.333268955222546e-05,13.030418364181891,0.5037975594694689,2.9339733352647444,1.838574394010878,0.10351835323319986
48,ACVS_classical_Ki,1,0.35612243792289155,0.6369284444952951,0.00107741720941206,0.018822043421593198,-1.8100366167610613e-05,1.6970833276417396,0.5326516917572491,8.380767146621249,1.1226880416175484,0.07894296643090427
49,ACVS_classical_Ki,1,0.013102840999425632,0.6011286234421689,0.034342168631078134,0.4396600333819443,-7.654797353454456e-05,10.730351134609284,0.5548917593339263,3.135230515313368,1.1727920144138626,0.06767742485472278
50,ACVS_classical_Ki,1,0.02592200270409867,0.9710419232714316,0.0002731315766279456,0.012308917822633441,-2.2723717549220787e-06,10.662463939325534,0.5048741927909731,3.1359720178083466,1.735022216121478,0.07603282643708768
51,ACVS_classical_Ki,1,0.8790579671944992,0.01676269133784355,0.005045649906103051,0.17270439366769363,-2.43619084745217e-05,0.11819660589196862,0.9162560995148917,11.77796808508489,1.0056308292159761,0.3321987031295518
52,ACVS_classical_Ki,1,0.800999683411041,0.18889666140081285,0.0022756651249556514,0.03838321260565288,-0.00014170533608123795,0.6362003948573233,0.6197594720915098,13.782339216988557,1.0407921579830837,0.18236094017987267
53,ACVS_classical_Ki,1,0.13764108288475035,0.8574092896659822,0.0005383011882691347,0.016573886551690165,-8.98979135677723e-06,4.076644811747568,0.5171731871468549,4.811909014922617,1.2952102248938466,0.0679444268547303
54,ACVS_classical_Ki,1,0.9589928792341507,0.0042380640333386,0.0030177644259566793,0.07436541832208532,-7.619450295521172e-05,0.04356354154727125,0.9942759536103707,2.7206122303281486,1.001873375652721,0.4410076175109814
55,ACVS_classical_Ki,1,0.959240197521384,0.03572125814693201,0.001424615636095583,0.023018066361794386,-0.00010650735273978317,0.19541776693052773,0.8163743078957013,15.682880783251232,1.0108834526859867,0.29700998858088035
56,ACVS_classical_Ki,1,0.08648508771381466,0.005176131692283448,0.021388125327733685,0.9310278305583233,-0.00025884960961671335,0.23867149150856085,0.941455664423864,22.445101301596253,1.0012794791376463,0.2436737850907691
57,ACVS_classical_Ki,1,0.9897093378656443,0.001497276593662185,0.000442921186080465,0.029986650929242062,-2.4704210658038813e-05,0.01675405988805445,0.998285726856782,2.2942851746039015,1.000703958627598,0.4697873683977749
58,ACVS_classical_Ki,1,0.19390209040999837,0.44267989906747746,0.017620952634393238,0.4189762760138031,-0.0002060244536563573,1.7362124550819666,0.5683101604678371,8.427501778043878,1.066842042674322,0.06472737640544675
59,ACVS_classical_Ki,1,0.48077314185226516,0.33772767705232004,0.016277648631321022,0.2713607543457711,-7.891269860587411e-05,0.9584471179720375,0.5822236853236087,12.423971434505113,1.0541341425607993,0.10410934729377762
60,ACVS_classical_Ki,1,0.02115733827947442,0.974750464065829,0.0012427478896817519,0.023957965092200623,-8.427014830250293e-06,13.083562378339561,0.5046046449642514,2.926818618663646,1.8277044119459087,0.11005760390487954
61,ACVS_classical_Ki,1,0.9965238363222911,0.0009300034443389861,0.0012125230885472894,0.01621592411696817,-6.215196839352722e-06,0.010538654162345557,0.9989600996566507,2.2389146902370323,1.0004416267809395,0.4746342031753496
62,ACVS_classical_Ki,1,0.8032087964357011,0.1563906974583644,0.0018309075854184974,0.08198157529575659,-1.1506250780348773e-05,0.5207266201824309,0.6267397335512818,16.360819890620032,1.0324420429496828,0.18020125339286958
63,ACVS_classical_Ki,1,0.795349298924044,0.192749294306384,0.0010199864836736847,0.04003191323266777,-0.00025731093460927573,0.5222123183223296,0.5951438821065852,18.138805251714572,1.0348147682567808,0.1507932895375301
64,ACVS_classical_Ki,1,0.007773787664474747,0.9759391287262135,0.003372740139249311,0.03978385004576328,-3.092148228148836e-05,23.319886385600903,0.5047132136781547,2.526398087303585,1.9026718579981905,0.24430772664652503
65,ACVS_classical_Ki,1,0.979749553277609,0.003690645156506973,0.0005455113707593197,0.05140085706689802,-7.617168354979235e-06,0.03523567300000888,0.9945107061798019,2.9965997247404204,1.0015833766687,0.42812078028233624
66,ACVS_classical_Ki,1,0.9543498458676202,0.02287347986181129,0.007503396722818157,0.05453730382122724,-1.3303135155534926e-05,0.12741444432411983,0.8371412024680354,20.691549146020666,1.0069571998196463,0.2992481102232044
67,ACVS_classical_Ki,1,0.6628310502117374,0.28219547706984094,0.0027455378838519163,0.07999610899362934,-2.471995006256785e-06,0.7980443109494432,0.5826644821233783,13.318297815374015,1.051203697003538,0.13589834347701046
68,ACVS_classical_Ki,1,0.9696658914565389,0.014756540686272253,0.004621141075853555,0.033564145712092014,-3.261789017417048e-05,0.11381701521505169,0.9633413175057411,5.28241831433632,1.00558339881514,0.3748786907160099
69,ACVS_classical_Ki,1,0.9806591125510786,0.018271929426754114,0.0004398554650927849,0.0059946897624271285,-1.0313241375960251e-05,0.12954975149894854,0.943536389595302,6.840098184945064,1.0066208768978941,0.35810197354218315
70,ACVS_classical_Ki,1,0.5864066871012973,0.001875370249025551,0.05589993046484103,0.4432499754926991,-0.0001653412767343071,0.030687590119853562,0.9973193984860336,2.856863505766744,1.000814404738999,0.43435731603594885
71,ACVS_classical_Ki,1,0.07171370013589035,0.9104848399687336,0.00884328640759019,0.03362116303715461,-7.45581336832424e-06,4.550568382265339,0.5117603391535058,4.62345387017456,1.333459207945868,0.041275804646069246
72,ACVS_classical_Ki,1,0.03892073427667576,0.6770052511441377,0.03283673371967175,0.3581131727264519,-7.450002651688173e-05,5.408258986131923,0.5503625839768443,4.223524959641771,1.1984434088802123,0.03969788661590807
73,ACVS_classical_Ki,1,0.059435440492358084,0.002570447542647521,0.18656509419165557,0.7948971108904324,-0.00014035857249653202,0.22921479853699492,0.9832386185929742,13.671355764256491,1.000775432554069,0.29930190705777737
74,ACVS_classical_Ki,1,0.9617275536333482,0.033818673393224315,0.0001930870845740098,0.01993515060046776,-7.690646776036697e-06,0.1703283907901013,0.7871871787554949,21.195221878080602,1.0097228620727663,0.28049012044961935
75,ACVS_classical_Ki,1,0.047198395400237236,0.04360695880921922,0.38519467445087274,0.558560230494628,-1.3195491464151044e-05,1.172804632477021,0.7757572822937218,10.695879269876345,1.0062744197245121,0.09894986809153017
76,ACVS_classical_Ki,0,nan,nan,nan,nan,nan,nan,nan,nan,nan,nan
77,ACVS_classical_Ki,1,0.978644692725254,0.008373141363201716,0.005301323657869197,0.024447842627980533,-4.7049636269016715e-06,0.07309416472903806,0.9851251887490642,3.631071529878875,1.003418520402824,0.40624820506540654
78,ACVS_classical_Ki,1,0.8967971153057017,0.09978110298548674,0.0006106079268553123,0.022262756157717917,-6.683169343984525e-06,0.3592011835168678,0.6571824991776726,19.734820749799365,1.022543265289469,0.2080338026892336
79,ACVS_classical_Ki,1,0.9531315848245422,0.024711536679939528,0.004836027490385355,0.046012143110184825,-3.121609984688119e-05,0.16100942397952006,0.898013329227201,10.11825650076701,1.008364042788525,0.33287284569960324
80,ACVS_classical_Ki,1,0.020668992186600555,0.9552332189094201,0.01168212497000005,0.03840969232756774,-7.208827574457336e-06,10.427498544458107,0.5077039440202092,3.169133546687778,1.67599330138524,0.06260754661750922
81,ACVS_classical_Ki,1,0.07198701424128284,0.8861218679549767,0.015681021064893406,0.046513168786323236,-4.313165941088437e-06,5.481335622926215,0.5150901551359747,4.15707482040798,1.340280906816823,0.05518580140431316
82,ACVS_classical_Ki,1,0.18559875550218088,0.7740250187093191,0.011160695119984644,0.06247057197153886,-1.0722277821997492e-05,2.522454537097947,0.5242145631231013,6.5491544496893095,1.1771687570673086,0.05567713518858378
83,ACVS_classical_Ki,1,0.9869932782847015,0.011121506160536096,0.0009934575039552012,0.0084790906905018,-6.9918558729003545e-06,0.07933264573977555,0.9630599963822348,7.093416927647336,1.0040403811226435,0.36071103451602726
84,ACVS_classical_Ki,1,0.9078723141797916,0.0046689587588259205,0.006095746459502877,0.1930575651104284,-7.965786484155822e-06,0.04599510651395588,0.9924126384417036,3.284211676993864,1.0019532306487977,0.41722664592174014
85,ACVS_classical_Ki,1,0.8802893873038018,0.013781920705574116,0.004814858844499913,0.21828093623777856,-1.762749447244881e-05,0.10182197734303025,0.9392501005085502,9.909110513870782,1.0047682620846434,0.3428098306773187
86,ACVS_classical_Ki,1,0.9841356977990862,0.014226603011317174,9.532030918026928e-05,0.011275648377438033,-1.247433051821476e-05,0.09996756117820944,0.9517818507881928,7.395720793611451,1.0051215972318372,0.3567058369165476
87,ACVS_classical_Ki,1,0.9017941683117349,0.0386579311193887,0.015349610044714189,0.09545989956306579,-2.6431802817708753e-05,0.22247610031963716,0.8145477097608702,14.703578383890854,1.0117224945793424,0.29490118647875074
88,ACVS_classical_Ki,1,0.9917319845438128,0.006364816146383539,0.0007653474972801734,0.006952677156143974,-1.0487179626181925e-05,0.05678311751695562,0.9894768543520344,3.3562606056488686,1.0026489984852802,0.4146439965128125
89,ACVS_classical_Ki,1,0.2612618902773115,0.027593759170715177,0.01582618719191839,0.7918046835833944,-0.00036536659459273626,0.35238139235097116,0.8161639778661322,19.507225247315134,1.0061231289491976,0.21340225682083697
90,ACVS_classical_Ki,1,0.9329615837879889,0.017100310474528164,0.006837381426976067,0.14145848595302674,-9.246266889806172e-06,0.10709293461810866,0.8898569130608114,16.29898223214752,1.0055239232498496,0.31920822332735305
91,ACVS_classical_Ki,1,0.912139366373221,0.058518340964316504,0.007508521010103191,0.04776846608599635,-0.00014682433570883485,0.2602243353354183,0.7212300833686182,20.389711376753578,1.0151242394886344,0.24696065093551306
92,ACVS_classical_Ki,1,0.9234379056830612,0.042147290362440984,0.0197096577655101,0.061435681982851334,-7.970259460208743e-06,0.23294196064308242,0.8033774720176969,14.802046065458166,1.012670032656088,0.29153172332552335
93,ACVS_classical_Ki,1,0.20538701328024633,0.004752730030132913,0.057111345653042,0.7854484746308193,-0.00031455228195341684,0.12886305574115692,0.9513296481554199,17.509572229080945,1.0014611507576232,0.3090390024779519
94,ACVS_classical_Ki,1,0.06356229329446163,0.6388922909425062,0.0608990247955247,0.3635530441873318,-8.251503227993722e-05,4.656444804217192,0.5614873039867835,4.529406199315015,1.1828467879185114,0.05265951458621222
95,ACVS_classical_Ki,1,0.18884976314617835,0.8095957576254961,0.00011697541744047716,0.017518716633889327,-9.679602135154426e-05,2.3683786977798293,0.5167692288054886,6.8791675519072815,1.1778483300801297,0.050573803411302014
96,ACVS_classical_Ki,1,0.6401491898630365,0.006962738529299899,0.033181807469574,0.4418209303522068,-7.322070418448234e-05,0.07745730520305404,0.9771886994835018,6.748327887541267,1.0025380824879944,0.36333202126514214
97,ACVS_classical_Ki,1,0.947570457526742,0.017282379819834544,0.005820230728740614,0.09566108241321919,-4.1430313136812536e-05,0.12807417004601493,0.948110865983314,6.587734444368785,1.0062979139370998,0.3603622256723486
98,ACVS_classical_Ki,1,0.6400291643836883,0.24490620312754346,0.03229013907125068,0.1273735832665233,-5.702427727685692e-05,0.7997846185795899,0.5999353268563629,12.810438798881258,1.04669404006458,0.14899104245572564
99,ACVS_classical_Ki,1,0.3670415925069928,0.6079059099878992,0.0060325345683134085,0.05314454322255712,-0.00028966862967145775,1.4481671636465179,0.5344472011301286,9.550488882004565,1.1034342372479495,0.07205395979377945
100,ACVS_classical_Ki,0,nan,nan,nan,nan,nan,nan,nan,nan,nan,nan
101,ACVS_classical_Ki,1,0.9575420056516643,0.03671505218762897,0.0006912529330140259,0.022433084751014853,-9.279038664167732e-06,0.1840268020363653,0.7818944785142248,20.329624235730986,1.0105133815013734,0.2787484616498712
102,ACVS_classical_Ki,1,0.1838914629554518,0.7884643641310757,0.002763029964300656,0.05928986941977999,-4.1447546401434404e-05,3.0789112547972555,0.5248338653095265,5.675611708243972,1.2166681201973824,0.06801291805165705
103,ACVS_classical_Ki,0,nan,nan,nan,nan,nan,nan,nan,nan,nan,nan
104,ACVS_classical_Ki,1,0.5322952661473009,0.09934364629710432,0.01808424059655609,0.45889816971296765,-0.0010258485005899954,0.47146230742472606,0.6729181850050463,18.37992752370666,1.0189717327654224,0.17165560317435485
105,ACVS_classical_Ki,1,0.9108461612684101,0.010553309332609655,0.005267134069003706,0.12937358446736408,-1.327469868961712e-05,0.08174401159476424,0.9652613148555259,6.990637113794369,1.0038371604777812,0.3612051858457355
106,ACVS_classical_Ki,1,0.37210112363330505,0.013231310172312525,0.08980458048431307,0.6565860466141555,-2.6816968144405968e-05,0.1996593949186735,0.9247003322497132,12.766633128005713,1.0041534401693373,0.31125865071417813
107,ACVS_classical_Ki,1,0.2643839827838611,0.011141168541255879,0.07530091368506761,0.7485806591584635,-2.738397106653425e-05,0.20187047167420877,0.9053877615658027,18.96289163075172,1.0031297276984465,0.27849884009187875
108,ACVS_classical_Ki,1,0.914920688385518,0.015014029009148649,0.019298965634547145,0.15251902996923386,-0.0006478582749013947,0.10613070126012115,0.9337148231008133,10.041130924765957,1.005180307619578,0.3415795226860964
109,ACVS_classical_Ki,1,0.2384429617811155,0.6097763267249211,0.031071836281025358,0.1851888865839968,-3.308737396939079e-05,2.3349303825439507,0.5490692013082313,6.6883475173326605,1.1310013299389674,0.07973721173677491
110,ACVS_classical_Ki,1,0.9866484911150188,0.005630145071050136,0.002176271916449633,0.028482245187020003,-0.00011985877103447545,0.049252539965001986,0.9901020450499053,3.5669028844955446,1.0023083445921748,0.40863227861509743
111,ACVS_classical_Ki,1,0.2416359458986527,0.009180743235495864,0.22478458683567099,0.5696007070473943,-2.7651504805780446e-05,0.17207886349405857,0.8640889642341338,24.17861855495959,1.0024346539868338,0.26721873518056194
112,ACVS_classical_Ki,1,0.10995171332904385,0.7716476069415285,0.056928144619647694,0.11906981728955812,-0.00021237099893956914,4.085660073754377,0.531913100578966,4.833463780797999,1.2314340117603668,0.061296775316301816
113,ACVS_classical_Ki,1,0.9059255260303309,0.024914541643445275,0.03383099529311415,0.07736707637101632,-0.0001900692694163179,0.15929074192565068,0.8734152553411044,13.24183988183836,1.0080499207733788,0.31765162357211535
114,ACVS_classical_Ki,1,0.967495802103266,0.01683628434686857,0.0011276255156751295,0.061120490735785814,-4.321705596111616e-05,0.10666895227160575,0.90870669087699,13.056952159277726,1.005614159977371,0.3296730413075754
115,ACVS_classical_Ki,1,0.8778009899321065,0.026835873088598264,0.02807466427385809,0.15433253201600403,-8.584918800805883e-06,0.16123404910619188,0.8361261291176035,17.78513661358502,1.0081487515797998,0.2978175282977345
116,ACVS_classical_Ki,1,0.9345309760828928,0.015933084884732662,0.010561941992760964,0.07986441875151676,-1.3416202451119686e-05,0.106731532586578,0.9199083820030117,11.773000179752193,1.005383695407077,0.33432598906224775
117,ACVS_classical_Ki,1,0.011082659565443536,0.9854624979564296,0.001233115093889784,0.016545294460200737,-4.3827498231982254e-05,17.0185677498063,0.5028207546836808,2.72026803912069,1.9269239587422786,0.1618692776969398
118,ACVS_classical_Ki,1,0.022536749223438533,0.0706027108501701,0.2756812768795737,0.6732481748690748,-2.221949522020638e-05,2.570113518191808,0.7686500417044471,6.326108885996573,1.012131515882516,0.07371494647967192
119,ACVS_classical_Ki,1,0.022318990002649995,0.9716121911624326,0.0008845058001981483,0.024882663424737318,-1.4712028909412564e-05,12.646362315006035,0.5051652730737612,2.958015867579533,1.807524506963784,0.10435894293530686
120,ACVS_classical_Ki,1,0.8917742773396589,0.005541300013489065,0.044061017692626346,0.11981453731376777,-1.334765364069296e-05,0.05772603506598958,0.991699962810713,3.0264279861668317,1.0023702711559808,0.4265084170602426
121,ACVS_classical_Ki,1,0.9899475960346888,0.006613688803397823,0.0012805669608289434,0.015140564017296854,-5.304189828991259e-05,0.05757947729042994,0.9883902953516845,3.57052626072239,1.0027110369358982,0.4083089625365217
122,ACVS_classical_Ki,1,0.9586682616472988,0.02697278628215092,0.001022977367216756,0.03575062476349602,-2.8107093387323194e-05,0.1703953059722394,0.8845684519989373,10.835054013353341,1.0089947653694848,0.32740925181453256
123,ACVS_classical_Ki,1,0.9797829781544359,0.0060748617758209,0.005889233342233297,0.03818957807950276,-2.7920532460630607e-05,0.05730053813111865,0.9908257803403251,3.0581110284156443,1.0025922870084447,0.42523607580268236
124,ACVS_classical_Ki,1,0.7018799500812958,0.2737885241340714,0.0027059560518554932,0.061813979798501936,-1.1962234323600879e-05,0.7518570579037271,0.582810484661664,13.867994101968085,1.0500173061556233,0.13882303441319488
125,ACVS_classical_Ki,1,0.42180363375841323,0.5618079574677072,0.003919930328588285,0.029831780889392128,-8.15048492352759e-05,1.5157182913869909,0.5417216524796724,8.913784113649653,1.1067279844373832,0.09177007996405409
126,ACVS_classical_Ki,1,0.05272061514478222,0.1008084463705165,0.07886498925465363,0.8305091751801685,-3.6452565805286964e-05,1.6315192696852037,0.7351078831875234,8.735360498279208,1.0145330323099666,0.07137339170310002
127,ACVS_classical_Ki,1,0.032188405927279874,0.9327501180345148,0.01013368915199219,0.07585203789148408,-3.927703629831131e-06,10.388700207819138,0.512175618710751,3.1560806626620677,1.6421703350363026,0.08474213821153206
128,ACVS_classical_Ki,1,0.037301969517902996,0.1674708170701856,0.25504998274252355,0.6075393685769541,-6.378548300549603e-05,2.6975935680710794,0.6798059558515543,6.25945739534481,1.0276955853182106,0.056122312398083705
129,ACVS_classical_Ki,1,0.6009530882920898,0.3658315440352426,0.001732372531839984,0.06724412970783894,-1.3968845864456273e-05,1.0480015166385102,0.5712481217936102,10.942286546736037,1.0695879733934885,0.12807361961469269
130,ACVS_classical_Ki,1,0.4681674781235563,0.5181811213530952,0.001710594022886834,0.040517106094361835,-3.137012714197162e-06,1.3265459336897685,0.5449975532792228,9.80038284352627,1.0936035832817976,0.0949400695995569
131,ACVS_classical_Ki,1,0.007097919509391084,0.9922449808775341,8.102480183803094e-05,0.008491006287480308,-1.296558272657851e-05,20.526537201374566,0.5015290689866283,2.600163286362265,1.9655469673434829,0.20904876911712084
132,ACVS_classical_Ki,1,0.9117059953554997,0.0826949234199097,0.0034935946868572374,0.015885222377741863,-7.74759831163625e-06,0.3180584216015203,0.6768817672431338,20.335218445045417,1.019583814662056,0.22152394092378166
133,ACVS_classical_Ki,1,0.12891550280563296,0.8681804433736244,0.0009569460433916025,0.008811788000326708,-1.1523534504590288e-05,4.073728950405754,0.5154980520189408,4.832914465621298,1.2977728015534709,0.06335769505579361
134,ACVS_classical_Ki,1,0.006062113277483478,0.26096780783013435,0.20373859652078843,0.6251035467841833,-5.5365002002101165e-05,9.868329506886994,0.6665578268287257,3.2345828890778976,1.0775952108101203,0.05739824505344544
135,ACVS_classical_Ki,1,0.06036796778487445,0.914104188449462,0.005328181868675796,0.06966458879786469,-2.3005631947000247e-05,5.316588983317351,0.5128328503415335,4.250128203112857,1.38188387777078,0.04388227808517136
136,ACVS_classical_Ki,1,0.4263671489413222,0.4756648458378156,0.04468299168960835,0.09288679271630627,-5.021226337416608e-05,1.4873810118439743,0.5593194655912633,8.814693550959621,1.0913450785532155,0.10531739244408087
137,ACVS_classical_Ki,1,0.973611099656102,0.01834522574775951,0.002411359253621505,0.023783258107381643,-3.5195253414969514e-05,0.1302865364563138,0.9422538900777743,6.988069513452066,1.0066245455850271,0.3568382538461714
138,ACVS_classical_Ki,1,0.015048845239987847,0.9822465310934637,0.0005577100435395246,0.014215777486785104,-1.6820433878884815e-06,14.84444785021167,0.5033035206577063,2.822281109126574,1.8889266148866504,0.13016032986483927
139,ACVS_classical_Ki,1,0.022681332404633048,0.5329518589231887,0.09895173324050555,0.45474399363172885,-5.6888611565672176e-05,6.755257635930154,0.5753309472273348,3.7877662972971726,1.1471174118546128,0.043433515548624915
140,ACVS_classical_Ki,1,0.1342515136093639,0.009309783880173115,0.18387582649004566,0.7524720358716053,-3.994746401022504e-05,0.26670926085194896,0.9217301500297831,21.375664876920943,1.002264837911394,0.23732562449707775
141,ACVS_classical_Ki,1,0.964190375490869,0.00510668905802884,0.0023831972342998153,0.09208142425761001,-0.00027742294229250047,0.0473960997194367,0.9917238324413605,3.2789861339283966,1.0021377293336,0.4173702761908246
142,ACVS_classical_Ki,1,0.9489211468457648,0.04926858008191402,0.0001610198501815575,0.011437284099545371,-6.651832643426237e-06,0.2550074876909555,0.7809256031485309,15.056099244775101,1.0144983770104739,0.2838813142060608
143,ACVS_classical_Ki,1,0.8454528647641646,0.041089306247957064,0.014713603355460864,0.16084456498956037,-1.0944483779281618e-05,0.22688943731636543,0.7807494504328594,18.20161395598799,1.0115866456905593,0.2735597081042853
144,ACVS_classical_Ki,1,0.9558664732651195,0.018720205278647904,0.0013506072408170794,0.09586693429841804,-5.4602537609281025e-06,0.12423977502223929,0.9176215491966828,10.353597488044734,1.00639571199529,0.3373749282411846
145,ACVS_classical_Ki,1,0.9400547907451592,0.0046725639162402835,0.0016955755334449282,0.1190276850492502,-0.0007903064655127055,0.047924939323077155,0.9934520258608728,2.826160693693594,1.002040539669193,0.4355794927621126
146,ACVS_classical_Ki,1,0.012258167074404431,0.9799181799082363,0.0014130934009955877,0.029286113860587173,-3.240969311736374e-05,15.868450909177303,0.5039116499028305,2.77173422234514,1.8998364673082648,0.14347593232069494
147,ACVS_classical_Ki,1,0.03525772754738436,0.95249879431032,0.003816832051399754,0.034078169449410535,-4.766903836977183e-06,7.112077273281423,0.5074057966498839,3.7035315621276435,1.5189115328506033,0.04211948450726019
148,ACVS_classical_Ki,1,0.7683032507810886,0.0364499339424373,0.018435349179411812,0.2885136670183485,-2.1483320844334872e-05,0.20496256157237544,0.7710932348199174,22.687949610243418,1.0096924909754337,0.25837159797229997
149,ACVS_classical_Ki,1,0.9348966186945472,0.056590732082853576,0.0027412242151464987,0.023969229796056868,-2.2101914591975207e-05,0.2859508804775674,0.7643473101489116,14.891729751201646,1.016307483324472,0.2763216989081075
150,ACVS_classical_Ki,1,0.9870515753538701,0.012297223133206825,9.990122085761981e-05,0.0056103595651946754,-5.47303930706244e-06,0.08285870272175862,0.9476080681842318,9.401516975859492,1.0043108466971904,0.3477430628915328
151,ACVS_classical_Ki,1,0.9835396467089996,0.0027569020063150083,0.005760633399661614,0.038023155088855315,-7.4476173716215495e-06,0.02823386764108463,0.996392346162858,2.628908477528293,1.0012322561506244,0.4462911489831569
152,ACVS_classical_Ki,1,0.9923922560231486,0.00546401453758582,0.0005233222616115236,0.013316974198385458,-1.0899653210535389e-05,0.051285583658190755,0.9918559041533692,3.013806250236731,1.0023412116381134,0.42713742509479014
153,ACVS_classical_Ki,1,0.6158842082503834,0.009436648715710025,0.03918685026797587,0.4638484672104669,-8.914646091835133e-05,0.1078562667979944,0.969454469895685,6.7376689430107,1.003420228523852,0.3608171041219987
154,ACVS_classical_Ki,1,0.9385039589408746,0.039562782252773376,0.0008327970653764456,0.0858508261066136,-0.0005055066051602921,0.19064496307287618,0.7617412074226297,22.254692011983924,1.0108853072502868,0.26707066253733325
155,ACVS_classical_Ki,1,0.004647729891133027,0.15314099858246866,0.34570474475811375,0.5423151478006121,-4.3919789820010146e-06,8.732469098347789,0.6572753111179436,3.388652932412996,1.0342388814273626,0.05338039412431775
156,ACVS_classical_Ki,1,0.9892661742954209,0.007002646501913146,0.001134873302627869,0.018030769031662775,-2.0232413106466995e-05,0.06230205076183429,0.9883194435021508,3.391947107504024,1.0029067982290845,0.41339479623318975
157,ACVS_classical_Ki,1,0.008844520300055654,0.9436487740090891,0.003935710702276164,0.09230786711653245,-3.46275506084798e-05,18.46046635783625,0.5100931047753239,2.6654101356142665,1.7229254640808713,0.18243939328009717
158,ACVS_classical_Ki,1,0.9800107634740531,0.0015986756982815803,0.0007211185969372156,0.05168332792614653,-0.00014076817593327895,0.017304447001205054,0.9980603517893879,2.4320966589419033,1.0007345624499968,0.4590871509082127
159,ACVS_classical_Ki,1,0.8851443135910766,0.10142628755334188,0.004376775765775752,0.027543549024313566,-3.0521012757542693e-06,0.34176642223863685,0.6448409028900293,21.916919722569588,1.021580348874784,0.1952701596668828
160,ACVS_classical_Ki,1,0.06169831253554313,0.9220249399453473,0.0014665015184405531,0.04475550282767923,-3.63333986133713e-06,5.299995580887753,0.5109844772261465,4.256105942740144,1.3864940654072622,0.044203259835358735
161,ACVS_classical_Ki,1,0.8915207635790248,0.10007655981470248,0.002966955589546115,0.02475926262032897,-7.892845122205274e-05,0.37724218727030023,0.6653919781849725,18.29228734490763,1.023339672825888,0.21480020182986068
162,ACVS_classical_Ki,1,0.825874887606588,0.17049214300748447,0.0010429663645613238,0.011061845637694624,-2.1811439267306507e-06,0.5559914961482983,0.6202376823522883,15.422324217031752,1.03597652045955,0.1814990857759873
163,ACVS_classical_Ki,1,0.9371659140367599,0.04783143480750477,0.001408929706661949,0.028300182430885078,-2.6124512282758758e-05,0.2054887183470937,0.7210858115561299,25.19916140202755,1.0121687646371527,0.24517858883320479
164,ACVS_classical_Ki,1,0.9853305581820054,0.0034377806151124433,0.003624563461546916,0.04225782825484931,-3.537491464093086e-05,0.034419416626071224,0.9953529774665848,2.7194764468520503,1.001519585304916,0.4411769732283431
165,ACVS_classical_Ki,1,0.06328185647735816,0.0007017445469250013,0.18021821616372294,0.7944439612987526,-4.448883477466694e-05,0.08622040369760128,0.9983284717691266,4.732365782684222,1.0002691100200272,0.3838620807224489
166,ACVS_classical_Ki,1,0.9631709983027171,0.008231317915583774,0.010490658367205549,0.04090078352830196,-5.447828365471788e-05,0.06874483867945841,0.9827854575994038,4.294891255597527,1.0032413521294794,0.39183510551218764
167,ACVS_classical_Ki,1,0.013101156709280156,0.04518766557931651,0.17647584664012622,0.8010654402199914,-6.8235310194423544e-06,2.859757290487027,0.8604887138895098,5.889602581809892,1.0086275686807047,0.07603610885681825
168,ACVS_classical_Ki,1,0.970314939900118,0.02294051602517947,0.0006146230165543723,0.02904880375518734,-1.1115520240551093e-05,0.1331748099589436,0.8609611283206382,16.41935294188193,1.0072611409437373,0.31150846895002426
169,ACVS_classical_Ki,1,0.9865932884912956,0.00865468176371723,0.0006149615530846896,0.02393012255665623,-8.356854642662752e-06,0.07470703664932775,0.9845272889490263,3.6578828187131753,1.003527588071015,0.40549510996493127
170,ACVS_classical_Ki,1,0.9764034842213599,0.0046396329995658184,0.0008099030082527156,0.07286301581688236,-3.064090270440646e-05,0.04148787023864485,0.9920276561391438,3.4761693235528535,1.0019138959201288,0.4113827556975552
171,ACVS_classical_Ki,1,0.9329232521957649,0.0255931768190519,0.0031943408075671715,0.09232874270527044,-0.00012019960472648738,0.13919609886963547,0.8165012289513205,22.183371055461087,1.0075530540097979,0.2896873764535852
172,ACVS_classical_Ki,1,0.49412928047662097,0.48418073967784553,0.005734037494278225,0.059650890254625964,-2.2103239198624353e-05,1.1915938807681021,0.548207275638967,10.640872729679405,1.0833681829104864,0.09536552756019132
173,ACVS_classical_Ki,1,0.06798754275040612,0.006593311550088732,0.20290421866621758,0.7789952232226576,-3.310978275896138e-05,0.34514500203258586,0.9558452674811788,18.69639328929487,1.0015400491918105,0.22427935842062777
174,ACVS_classical_Ki,1,0.9838368143426982,0.009113688879464158,0.002765676959263059,0.027234908155247296,-6.080449304507745e-05,0.07120306372692196,0.978091532801588,4.982556062635137,1.003492891545951,0.3810938946818745
175,ACVS_classical_Ki,1,0.015331555197231327,0.9824313700346211,0.0004496758091324518,0.019491507239752563,-5.854002885101241e-06,14.963458722028742,0.503279521009284,2.815243556837563,1.8907627190665692,0.13312560293810682
176,ACVS_classical_Ki,1,0.4744994060399942,0.0024201513952587382,0.07338613278999838,0.5623494654211488,-0.0005252070187775502,0.04485267422745477,0.9958677805308295,3.4142873574846146,1.0009997786849685,0.4131286442947184
177,ACVS_classical_Ki,1,0.4613304258431804,0.5029560003378253,0.0008593004711160815,0.09660435921987279,-8.036542705877684e-05,1.3772897328342673,0.5515582857029271,9.435739051427486,1.0940765860148391,0.09978001815654346
178,ACVS_classical_Ki,1,0.9245852803826584,0.04676001415334461,0.0016862885121688518,0.06502154526669061,-2.634255701451136e-05,0.20624561093658303,0.7273153768254179,24.664441373978015,1.0120029781234867,0.24754922951756825
179,ACVS_classical_Ki,0,nan,nan,nan,nan,nan,nan,nan,nan,nan,nan
180,ACVS_classical_Ki,1,0.25170062198107523,0.6572913488928918,0.01427196617152333,0.14648220529896686,-7.184713205333697e-05,2.473322412217051,0.5435165013397727,6.407589617104755,1.1556433080186224,0.08318771285425486
181,ACVS_classical_Ki,1,0.20877212432616776,0.4652133924597308,0.037138508093759605,0.4052311115712781,-2.4760394918761806e-05,2.257746056372792,0.5844854630519721,6.77151353112569,1.0940577051700842,0.0869826591369398
182,ACVS_classical_Ki,1,0.09310079103853464,0.11212349419312838,0.2675250382345774,0.6005940885982686,-1.0268320768156737e-05,1.2231375263659552,0.7166588433726389,10.713943099570168,1.0153612882999274,0.08130558436139795
183,ACVS_classical_Ki,1,0.9481267879215687,0.0497195147283276,0.0008036437065971659,0.008420770399472088,-4.966561061125118e-06,0.2589027785976657,0.7824348561269576,14.73057517811086,1.0146908208365932,0.28496041178037057
184,ACVS_classical_Ki,1,0.49491322658712394,0.4826468509719441,0.0010879144009706295,0.06856851534940052,-6.916162113558002e-05,1.234570667325895,0.550041855700244,10.273765124848248,1.085883079150938,0.099087642828279
185,ACVS_classical_Ki,1,0.9130997613059695,0.07388727043198048,0.0054615757211395055,0.03267244424500978,-7.146974849927003e-06,0.2908598116732455,0.6854039685442317,21.413995924629205,1.0176863687571336,0.2255736866718523
186,ACVS_classical_Ki,1,0.9671990001108515,0.019129877548311226,0.007089916913918906,0.02319955440306756,-2.102493222574621e-05,0.12850706523961633,0.9241286425994986,9.173906601586758,1.0066401552542423,0.34274050066731626
187,ACVS_classical_Ki,1,0.8015917086642512,0.012785394860727816,0.00838923767977827,0.2867417027779159,-2.300304845888311e-05,0.10883935517426149,0.9544158602117344,7.713086938575941,1.0045580565731205,0.35371217721197795
188,ACVS_classical_Ki,1,0.7129406487449684,0.15097451286593813,0.007944435497299998,0.18613319845012102,-1.6970041044520683e-05,0.5431956134394104,0.6324387637663786,16.152074855321587,1.0302997764140975,0.1743643849516452
189,ACVS_classical_Ki,1,0.9408425475445997,0.010758863854107374,0.0017811429415031709,0.1276299910964539,-9.805248386641966e-05,0.0925096655407541,0.9783096332546019,4.169641768357405,1.004259057282266,0.39328082639339185
190,ACVS_classical_Ki,1,0.8555974904133274,0.13380220934334824,0.0011165672215282404,0.042893268181321664,-6.347748964409457e-05,0.4771637115302512,0.6437239011996744,16.196947897706785,1.029977366046178,0.19988740180744957
191,ACVS_classical_Ki,1,0.8091635367228386,0.13351140766229094,0.015432396169385559,0.08413584578786351,-3.157192676277604e-06,0.4575679028511373,0.6359042844395407,17.875065900597775,1.0278207135445032,0.1850642074223578
192,ACVS_classical_Ki,1,0.6061840188077936,0.39161685012258396,0.0008258498799781846,0.015626185899222694,-7.350434808711306e-06,0.8935645158261908,0.5532340954306669,13.128895190697472,1.0633546660931013,0.10496624168943093
193,ACVS_classical_Ki,1,0.9692137444485409,0.015136625391296548,0.005180005041410514,0.04051809305965318,-5.755549761180676e-05,0.1088409752273168,0.9513045435010518,7.02181966241569,1.005480220624667,0.35852800585710165
194,ACVS_classical_Ki,1,0.045005866290452806,0.9410902905921404,0.004421865640290113,0.057574234142105746,-5.733083095703109e-05,8.023737535038801,0.5097988808654528,3.4896402237369455,1.5611599249262558,0.0650027087327801
195,ACVS_classical_Ki,1,0.05528754265556026,0.6719098538750125,0.039628077384181545,0.32852075678967757,-1.172903372034647e-05,5.957059555051773,0.5499398184890655,3.9751821173623374,1.203364485999414,0.06297602623220717
196,ACVS_classical_Ki,1,0.4453174060113415,0.11097721896345723,0.10606624476046034,0.46000078557619256,-8.061570111010201e-05,0.6302208663906443,0.6873593011191278,14.36744075848475,1.0218797248043154,0.17301418680279051
197,ACVS_classical_Ki,1,0.8146724384419773,0.16853001178233223,0.0006241337067281245,0.04080728664503477,-1.5263717642288503e-05,0.49687230225053874,0.6089356893524914,18.025616820539884,1.03239574819587,0.16486571826306562
198,ACVS_classical_Ki,1,0.9607438999835176,0.01238708716810825,0.009128178345479703,0.061108851237081666,-2.1487354505283384e-05,0.09427024468281532,0.9656836764105748,5.875984282455153,1.0046133248611762,0.36951629474192815
199,ACVS_classical_Ki,1,0.9506399929047865,0.008828145199354095,0.016492079724557386,0.047888637944482344,-1.1202685486493857e-05,0.07258721631249743,0.9799084390544646,4.696561556222002,1.003417335679109,0.38505031050704785
200,ACVS_classical_Ki,1,0.9457318366352362,0.03370838317072906,0.005901574641876242,0.0726003136017607,-3.7621080922359455e-05,0.17260871081514986,0.7893101487475052,20.979861147210997,1.0096913504358584,0.2804648193866196
201,ACVS_classical_Ki,1,0.14255246804720995,0.7182398784370354,0.014457577564525453,0.17575444544877986,-1.947017753053596e-05,3.314375824737766,0.5349319856362162,5.44737305621972,1.1767269728184668,0.06406373887353238
202,ACVS_classical_Ki,1,0.754439153709772,0.0031376813220321004,0.04416642021217643,0.3083221425432016,-0.0006368308936830767,0.03850933241419098,0.9952281415819061,3.056185533321937,1.001337319878605,0.4256471775765591
203,ACVS_classical_Ki,1,0.9563706518174996,0.03796849416274925,0.0024991749045216293,0.018020410847252512,-4.343988264388645e-05,0.1812372984541279,0.7633654717137438,22.80228233890547,1.0104993580245576,0.26883219102506406
204,ACVS_classical_Ki,1,0.9616303807085028,0.0172725213332074,0.006335682222940005,0.04903184180068921,-3.885936054366541e-06,0.1085557835638209,0.9022193571857956,13.843263225441078,1.0057075588056825,0.3265817932369873
205,ACVS_classical_Ki,1,0.3850578714152772,0.607163221704454,0.004359385549920902,0.017891229049200028,-2.216928900887795e-06,1.760969469443754,0.5383456112241046,7.988756400247621,1.125149421915847,0.09169937338801372
206,ACVS_classical_Ki,1,0.995773077645629,0.0026597383715908016,0.0004768260328110743,0.011494571563207115,-2.844915243207896e-06,0.02632680209596612,0.9963916256034157,2.725789623801904,1.0011745258033142,0.4409383473382683
207,ACVS_classical_Ki,1,0.8384117408954614,0.1568501499873357,0.001517900829878564,0.018832672784437145,-7.132947175584528e-05,0.5570913864167866,0.635756682636918,14.485302913859888,1.035314167361845,0.19668880414330106
208,ACVS_classical_Ki,1,0.9851428890856265,0.008067351099047713,0.00040659168801234586,0.021628884091120005,-5.187927023948812e-06,0.06635165546078363,0.983456859111133,4.207430296335387,1.003190502486326,0.393548379580721
209,ACVS_classical_Ki,1,0.92174243685034,0.006994729057187904,0.0018218490878217212,0.16291883249512076,-3.5308012845812164e-05,0.06547057620323307,0.9877902452005186,3.5528269454029946,1.00286968582353,0.40858613821546885
210,ACVS_classical_Ki,1,0.9242444394968478,0.06644596247835328,0.005177446575269517,0.035134781907230454,-4.7450308963708155e-06,0.25972133560491084,0.6877784573263196,23.49299194703807,1.0158502941131224,0.22621024663860165
211,ACVS_classical_Ki,1,0.05887478794067415,0.9327534655699803,0.0012973870757408597,0.03132979932056493,-3.6103743728208735e-05,5.638045285902506,0.5093291097856832,4.1214720209751405,1.4156959976196508,0.04599842015970125
212,ACVS_classical_Ki,1,0.9807501181323456,0.017319912774724274,0.0006125945078700566,0.0117558154264871,-6.860056012509889e-06,0.12554100920978736,0.9500428990302874,6.298448942508735,1.006360234484979,0.36316906314181296
213,ACVS_classical_Ki,1,0.26242051997619775,0.49875734384529313,0.037783409270914156,0.26566946756814236,-0.00010119133338848763,1.798910208143675,0.5594182030837977,8.027449263309014,1.0866582757898982,0.07931707140071659
214,ACVS_classical_Ki,1,0.9921332751812173,0.0013511556394051186,0.001616035241737598,0.03126604059520216,-4.638549774639647e-06,0.015209204364495093,0.9984691182217403,2.2699201285537027,1.0006380316491499,0.47187557367043415
215,ACVS_classical_Ki,1,0.8546987887043055,0.13870652862839294,0.0017420900351780041,0.016528400443206796,-2.84051254424901e-06,0.4166015889005698,0.6177586615631029,20.288128334503504,1.0271984363487396,0.17351055173715416
216,ACVS_classical_Ki,1,0.9623836157000476,0.0011754143299718984,0.006294170603202197,0.10618337166656079,-0.00010804731083154264,0.013405869599177419,0.9986378279696002,2.3213446195204246,1.0005499203199992,0.46756422246948465
217,ACVS_classical_Ki,1,0.03428580737832648,0.8957814637518858,0.00601766067815581,0.1431159386409757,-0.00011076118383029953,8.222901516598883,0.5185220890787592,3.465683319611501,1.4965035356949339,0.05693215199702829
218,ACVS_classical_Ki,1,0.9616567839349666,0.0031130426774603043,0.0013950473383715232,0.1106486911297835,-6.973559259224412e-05,0.033677235230977084,0.9961270587941937,2.499751079715819,1.001416608592667,0.45428895407259257
219,ACVS_classical_Ki,1,0.03216106431076352,0.9414599941753324,0.0011788766351483223,0.07037275324092938,-6.20844138985099e-05,7.90622908175557,0.5100343484237325,3.532053769906232,1.5500812824159975,0.04802900215639023
220,ACVS_classical_Ki,1,0.007403882268561369,0.9678406037309343,0.0011214480367630866,0.05372120029272355,-4.117104927958669e-05,19.55734417203392,0.5059405344798507,2.629664467440873,1.834474565427347,0.19610642755898214
221,ACVS_classical_Ki,1,0.9643572160046154,0.0032677195479497274,0.0025390547192238226,0.07038547559529965,-1.2298395310504345e-05,0.03475229493429532,0.9958478478526115,2.554030025894842,1.0014755691882538,0.4507616205314818
222,ACVS_classical_Ki,1,0.26333489443153646,0.6978017113982049,0.01412832429560408,0.053156060928337266,-0.00010645706753611287,2.1278929061687233,0.5310192955740363,7.224085043494104,1.1479086510107193,0.06999142591711759
223,ACVS_classical_Ki,1,0.01339606634738601,0.984099490943429,7.810767138510194e-05,0.014394716395781182,-1.7623098545848115e-05,19.29655501493622,0.5031416382232534,2.6309071051612847,1.9314892035367968,0.20285413715565825
224,ACVS_classical_Ki,1,0.8362443453621237,0.006188615452239964,0.059337060655012104,0.18743231806950356,-0.00012810059017883145,0.06624972225820118,0.9900276618852708,3.2625287774910428,1.002592054792266,0.4175189094743741
225,ACVS_classical_Ki,1,0.9774166566463228,0.005482006142678456,0.0008278143531292089,0.04427471790008796,-4.3536172587782435e-05,0.04969371440077369,0.9909305662625545,3.3513622090942117,1.0022821287625847,0.4149630387398246
226,ACVS_classical_Ki,1,0.7255143372364418,0.00872855270466034,0.07311131251070054,0.2754842925882425,-6.035788122431921e-05,0.08508946699738396,0.9711057454679358,6.868307876836918,1.003170366435968,0.36178775194165885
227,ACVS_classical_Ki,1,0.9742749190861875,0.008468184133149642,0.0006967189138030064,0.06103453674720005,-2.837282307026688e-05,0.07114700023026889,0.9831896460645454,4.073765703345571,1.0033706411836167,0.39599718207794865
228,ACVS_classical_Ki,0,nan,nan,nan,nan,nan,nan,nan,nan,nan,nan
229,ACVS_classical_Ki,1,0.6994480513974807,0.004352085004743529,0.013806055477259478,0.3839785002062771,-6.27092889528629e-05,0.05325583109591989,0.9921394420546805,3.6380111117258274,1.001772450126009,0.4066232379074386
230,ACVS_classical_Ki,1,0.9391946982384258,0.05858228664140434,0.00045037653804025395,0.021293885017172554,-5.770528707600251e-05,0.28250221985312485,0.7493618951418949,16.166509715289926,1.0164059010649809,0.26802609886309253
231,ACVS_classical_Ki,1,0.03739516511022296,0.9370426223016798,0.0008227286656213395,0.07216773375312785,-1.484278171881752e-05,9.224146849611582,0.5111498357427305,3.299513847310288,1.6098179371787442,0.07359729904612121
232,ACVS_classical_Ki,1,0.03895185626677848,0.8836439793223213,0.0039885184107544365,0.12745719322542065,-2.770035499115861e-05,8.268762343239883,0.5186212826421476,3.449112720206714,1.4428643676383988,0.06439120488736046
233,ACVS_classical_Ki,1,0.6494811745666497,0.24550110106516346,0.002077794173563748,0.1710918215945526,-0.0009935185234576293,0.8118704894442916,0.6045342698328502,12.527781744888703,1.048108255071958,0.15250700202783654
234,ACVS_classical_Ki,1,0.9227377878080573,0.052008400795380515,0.000658356465105242,0.06265229486648131,-0.0001024112497050428,0.25641301391572074,0.7571477732615596,17.314486163689526,1.0145331442949814,0.26870278467828823
235,ACVS_classical_Ki,1,0.018071188281237337,0.9783944906004807,0.0008414030711912407,0.011771193402471838,-4.968436005144123e-06,11.418394642052819,0.5037238773772138,3.0698178654289854,1.7882055043016218,0.07188063111391071
236,ACVS_classical_Ki,1,0.9906245097562792,0.007052838004678783,0.0005518936729835666,0.012050181710301547,-1.4871516279518073e-05,0.06232868427470449,0.9880941413013068,3.4341732185836795,1.0029185963759075,0.4121030848926919
237,ACVS_classical_Ki,1,0.9755111335008433,0.013076637414753947,0.0010758599302370666,0.038770631671238204,-5.998191942138369e-06,0.09265551384224197,0.9546592860745612,7.528026982166942,1.0047022499077332,0.35655924409742695
238,ACVS_classical_Ki,1,0.978681252061394,0.0030525739714791405,0.00158219498332014,0.06144459382958336,-0.00024503703469631004,0.03126106157613455,0.995976228604637,2.649562634924941,1.001360905105357,0.4450691633981217
239,ACVS_classical_Ki,1,0.3312886858903294,0.60255285305629,0.010039550238843252,0.11896483379423912,-0.0001555158895082318,1.867736875901597,0.5448870545810369,7.7351399385575785,1.1235121633353755,0.08572160688290346
240,ACVS_classical_Ki,1,0.9804082224007872,0.0175958958728088,0.0006326135035417729,0.009867786372458076,-1.53353171225254e-05,0.11793076632442025,0.9307625565900172,8.974724342089543,1.00614513699307,0.3452115539391302
241,ACVS_classical_Ki,1,0.9700423425568028,0.024536476333343035,0.0001614131353436833,0.02298312817810361,-1.5772421329536873e-05,0.14853140716912483,0.8760135161452169,13.116043146272409,1.0079988431319256,0.32055311886669025
242,ACVS_classical_Ki,1,0.9146114013939007,0.06432561430643827,0.005858807646531538,0.047235167852220025,-4.969488607242903e-06,0.2751889656705181,0.7091742462609217,20.381432508747032,1.016272809123415,0.24049186212567675
243,ACVS_classical_Ki,1,0.9975583711958265,0.0014978988143962155,7.33374172292201e-05,0.009008121182541838,-5.893637389779642e-06,0.016512671281930104,0.9982693274454583,2.315355527266701,1.000701631765017,0.46803785567336675
244,ACVS_classical_Ki,1,0.9946182551510245,0.0015096036176181487,0.0007831745880255463,0.028751030039173214,-1.4562294734305017e-05,0.01622898255025418,0.9981885159281071,2.4050396229460467,1.000696585690772,0.4610612080400405
245,ACVS_classical_Ki,1,0.02263445772546558,0.018170919255446085,0.23732281078334036,0.7486660036535747,-4.792094122875347e-06,1.2373981256277666,0.9253758682444657,9.863138115805393,1.003043363966977,0.11770360553752374
246,ACVS_classical_Ki,1,0.7155714913372906,0.05388718187594098,0.07499713655515133,0.21233990084031995,-0.0003045414205698499,0.2940758847993959,0.7314387573499775,19.32218242493569,1.01344742868102,0.24027851307366804
247,ACVS_classical_Ki,1,0.07695243608007153,0.00268004740904524,0.07230176913121017,0.8901279415867072,-2.276728956956582e-05,0.18236499318964536,0.9769876268787286,16.581038225927532,1.0007970236294585,0.2964700537668787
248,ACVS_classical_Ki,1,0.969341391879805,0.016803104033329696,0.0009083236398419613,0.042059960655330624,-1.587834944936381e-05,0.1232136205386168,0.9512518456547001,6.322282106954851,1.0061678424164537,0.3631295642458535
249,ACVS_classical_Ki,1,0.25913130947473395,0.7236525451877839,0.0037205280283817083,0.03827629280397569,-4.26574033790946e-06,1.9164009710549303,0.5249348869329926,7.897164001736508,1.1397528209147734,0.05967963091193619
250,ACVS_classical_Ki,1,0.9968077596959416,0.002318894391811656,0.0004294281223598594,0.006251861050122292,-8.53858454649633e-06,0.024526158267579878,0.9971657542114237,2.4527175482681547,1.0010624034580842,0.4575750766869381
251,ACVS_classical_Ki,1,0.8983056702545179,0.021297650827801832,0.006175370424916923,0.14208360742962456,-0.00048503446600589627,0.15310310594836157,0.9193114113077564,8.834956392212922,1.0073762264567163,0.3415115373561947
252,ACVS_classical_Ki,1,0.9560438095812585,0.036404336703941366,0.0005800839672892888,0.023738632079007373,-4.179368124008842e-06,0.17616680041403823,0.7691827550130339,22.74117693040194,1.010150710410665,0.27141273883859934
253,ACVS_classical_Ki,1,0.35306423396264874,0.30817343963276816,0.03062889365332579,0.38178046856700737,-0.00036970774658241155,1.32756766721623,0.59647881040266,9.368945039526817,1.05364522913508,0.1169610212007845
254,ACVS_classical_Ki,1,0.010957159242953977,0.9799305120621981,0.00033647535277637125,0.030974832677014227,-2.6820249962572817e-05,16.862718760685166,0.5039471170246722,2.7271174119443864,1.9086519614668471,0.15894365371505886
255,ACVS_classical_Ki,1,0.05377760560604902,0.7108741973347936,0.015562431019671204,0.32867186133619986,-0.0005478271528861682,5.267444704680886,0.5468691219301957,4.257307051979579,1.2247702192522008,0.04891501382940996
256,ACVS_classical_Ki,1,0.021989933288158008,0.9389235557209962,0.005233580616736066,0.060958660525595496,-1.3499396097560324e-05,11.974927576395862,0.5097495702429862,3.0125555321374113,1.5699884213211481,0.0926953564500446
257,ACVS_classical_Ki,1,0.013377962827852995,0.5413767595804189,0.13099310068766803,0.4542263650199362,-0.00019641879614695743,11.186162691049091,0.5852242405085343,3.0840551160692673,1.1979385146201884,0.0811580535203408
258,ACVS_classical_Ki,1,0.1410386707578032,0.005300565276209166,0.21638020462720273,0.7125503754128455,-0.00010535281787944358,0.20705193220019116,0.9663239247349017,13.189552785765827,1.0016378881832089,0.30727554312522026
259,ACVS_classical_Ki,1,0.007328646136557932,0.9907383918374979,0.00012935815836444853,0.010190220699243307,-5.510281503964816e-07,20.67030715615008,0.5018536938081744,2.595637575688589,1.9614681576004167,0.21142857343637875
260,ACVS_classical_Ki,1,0.09593777396824937,0.8961050484820599,0.0005140048112419091,0.040811298356548335,-5.517563454356014e-05,4.805431651720234,0.5135747883352599,4.43537865252969,1.3497692373848273,0.05864460758683644
261,ACVS_classical_Ki,1,0.9672793214961547,0.0033885698960294413,0.006853136858568322,0.06816493397227338,-1.994095390248183e-05,0.03551470686740183,0.9956176322123788,2.6004564342595304,1.0015205551042838,0.4478996966626441
262,ACVS_classical_Ki,1,0.5361780560237878,0.4498489638531381,0.0034178931111033084,0.031135260745103206,-7.109128730758346e-05,1.1127791625488226,0.5512914137401054,11.064758762450435,1.0779182507906016,0.10248566143168246
263,ACVS_classical_Ki,1,0.9682704878120794,0.0038203915276482834,0.0012151734475953579,0.08864488448628911,-7.50076670549161e-05,0.03589962405220308,0.993993314334255,3.1705962474692733,1.0016133652806358,0.4213716268778554
264,ACVS_classical_Ki,1,0.07231396698275867,0.9089487361460368,0.0012143694545469885,0.06215720228887609,-5.974748491667101e-05,5.621123014864445,0.5134546080683199,4.103416568810858,1.4010014854654693,0.05619620506510622
265,ACVS_classical_Ki,1,0.10723885428342572,0.7709403842691444,0.009266129120373732,0.17342494234581993,-2.6057753262273433e-05,3.2636165734189997,0.5296776553632581,5.6015722557044425,1.1932432435301867,0.04545560447984906
266,ACVS_classical_Ki,1,0.41317702230302056,0.4261117168887472,0.01959084915841443,0.2272433330138685,-0.00013267645878079593,1.2295305209317533,0.568126226395382,10.413423076186874,1.0713241954259083,0.0939216575949514
267,ACVS_classical_Ki,1,0.8981799672424531,0.08984397158744042,0.0029754733550863706,0.04200235214236662,-1.0201847296938163e-05,0.358719707017185,0.6811006209690207,17.9647415900933,1.021805203535669,0.22569709131743457
268,ACVS_classical_Ki,0,nan,nan,nan,nan,nan,nan,nan,nan,nan,nan
269,ACVS_classical_Ki,1,0.08508265036563768,0.719364819886692,0.06013647868532118,0.20286443005836036,-1.119488889239114e-05,4.260545926759948,0.5377830986691002,4.747178228865009,1.1908411421027287,0.05471570463690728
270,ACVS_classical_Ki,1,0.05383322370345577,0.6941891677043294,0.02982999999477668,0.31540920806272893,-0.0002442005988880627,5.31070251242926,0.5460152137339577,4.235262152161377,1.2043850057535883,0.050602429001271536
271,ACVS_classical_Ki,1,0.1636779900273698,0.18083542511021816,0.05745504542780228,0.6959290349022791,-0.00016282977489897717,1.197123641438296,0.665993125472617,10.799084485900789,1.0257097523160472,0.08604692755815048
272,ACVS_classical_Ki,1,0.3990353341977047,0.5145212950875796,0.042432404500126045,0.07191310929244346,-2.1970770706640185e-05,1.6312347866530637,0.5527701364496884,8.298724734477977,1.100716142529488,0.10149198742052212
273,ACVS_classical_Ki,1,0.9881577296020553,0.0025684209478760395,0.0047274306365482615,0.03249989096801773,-4.4120244961179905e-05,0.026915497666156998,0.9967787273338682,2.5181425766508085,1.001165465545798,0.45313108646110933
274,ACVS_classical_Ki,1,0.9849512116643572,0.002690829428947479,0.004501824596183318,0.03827940590349311,-2.503579752760553e-05,0.02847440112130675,0.996658473946008,2.493602393070591,1.0012254259303222,0.4547420847711329
275,ACVS_classical_Ki,1,0.9031451645027386,0.0030042801568648317,0.0408961380195407,0.14553012207654334,-0.00020503206070849022,0.033647967910209936,0.9960973094643008,2.6100425927744246,1.0013460747049836,0.4473456385487767
276,ACVS_classical_Ki,0,nan,nan,nan,nan,nan,nan,nan,nan,nan,nan
277,ACVS_classical_Ki,1,0.47591182938475834,0.002232256732778161,0.0898711717627008,0.5725622349424572,-0.0001997060477434809,0.04445041943075388,0.9967444244070117,2.9184638057016796,1.0009630000785903,0.4313371872863027
278,ACVS_classical_Ki,1,0.012423304389359313,0.45533204424159496,0.08127954603922623,0.5988559397544269,-0.0004922538088321817,9.250160398575362,0.6115010912397164,3.3132297113384643,1.15514042342521,0.055683860581065725
279,ACVS_classical_Ki,1,0.8840120254446754,0.11139221395749505,0.001560851347137488,0.02158653107937349,-1.3401204120212563e-05,0.3604331160535328,0.6355687275071086,21.544948670907015,1.023148690327413,0.18897976751891127
280,ACVS_classical_Ki,0,nan,nan,nan,nan,nan,nan,nan,nan,nan,nan
281,ACVS_classical_Ki,1,0.9880669736516876,0.005647435821224699,0.0013599496302292052,0.026876191030577645,-8.810181090035722e-06,0.0517638809025452,0.9910973569653879,3.1918543596778646,1.0023813597140576,0.4202906196727495
282,ACVS_classical_Ki,1,0.9903550784268034,0.006922979955796563,0.0002817680359056662,0.013533591665196854,-1.5371312428364451e-06,0.058620820403572624,0.9869974855584791,3.8299658702537847,1.0027927507539605,0.4017321972582025
283,ACVS_classical_Ki,1,0.0052835565644442535,0.8788943993977584,0.018537486392359432,0.22571979146708923,-0.0004268011034116352,23.53542714164002,0.5238276051925984,2.5238495779061654,1.6402359548296641,0.24376765799045536
284,ACVS_classical_Ki,1,0.9788009439041241,0.020348438466302934,0.0002410475719337184,0.006515793690706107,-6.35119744920121e-06,0.1347074142588201,0.9203105978803433,9.128389968442521,1.0070570758879507,0.3421688548727366
285,ACVS_classical_Ki,1,0.14606380130886973,0.10542615117408301,0.14353667944292614,0.7031401956768689,-1.0870292817324466e-05,1.1542735561492254,0.7416760650591799,10.326717093098784,1.0176685194621882,0.12093113438784982
286,ACVS_classical_Ki,1,0.9448740769635385,0.010699445616932158,0.021537172694904273,0.0889072673259912,-0.00018795315012024166,0.08801644001659177,0.9756634270076934,4.7309119749687465,1.0041336944349541,0.3837974909366755
287,ACVS_classical_Ki,1,0.9901467853824774,0.0038387091222009287,0.001135422988852143,0.027374134740173337,-3.0433502454398896e-05,0.03593823334994655,0.9941906015201519,3.0505830796919766,1.0016385736095406,0.425915021023544
288,ACVS_classical_Ki,1,0.3144836272844812,0.014133899459963266,0.1792004894749799,0.5736957935292986,-7.129957012909026e-05,0.20326089936672848,0.8616527219977602,21.105109575476124,1.0037934657486511,0.2671689211351581
289,ACVS_classical_Ki,1,0.8132153066071067,0.004919202340090319,0.025563226311635896,0.3025339471371686,-0.0006234684980618875,0.05090905404290703,0.9907615638783844,3.8047821338573646,1.0019857637585758,0.40256284984938356
290,ACVS_classical_Ki,1,0.9891542372624537,0.0015345613569452245,0.003599112833321239,0.03694086886659687,-4.054209593333448e-05,0.016569838493697427,0.9981557731866161,2.4087807618820984,1.0007076845980707,0.4607834307129211
291,ACVS_classical_Ki,1,0.9374038263440805,0.055944338479958354,0.0025154514807341545,0.024384440046835296,-7.346338986396363e-05,0.2823257798022638,0.7649576181066483,14.997422473357913,1.01612752924237,0.27657476649688506
292,ACVS_classical_Ki,1,0.021207484975874165,0.6919830451363318,0.0045450450463171334,0.39270618861647866,-0.0005683218041363527,11.328065720706935,0.5504784067216418,3.062176133922749,1.2708239192168227,0.09472284769998696
293,ACVS_classical_Ki,1,0.4691085885783902,0.4953890343261588,0.005660403326496093,0.05650810877605374,-3.533646824102623e-05,1.189744924080795,0.5460084286103929,10.788109950214015,1.0822869999744273,0.08906976687129767
294,ACVS_classical_Ki,1,0.8897476469174846,0.01816628121060071,0.016604056904730092,0.15497733610768466,-0.0007721881676949121,0.13784024975221937,0.9382596617271771,7.60646920773301,1.006459721746575,0.3514360094038688
295,ACVS_classical_Ki,0,nan,nan,nan,nan,nan,nan,nan,nan,nan,nan
296,ACVS_classical_Ki,1,0.9941481029041775,0.004329043864323323,0.0009365812301273557,0.011484603598856275,-2.5611255683426338e-05,0.03927449047200268,0.993078013391359,3.228795695592149,1.0018195167328348,0.41924826728933656
297,ACVS_classical_Ki,1,0.8526912907297083,0.00452491617746041,0.0261636022860637,0.167014980006935,-2.059944350121345e-05,0.04736938270493223,0.9925990150324511,3.297308980046739,1.0018896045436778,0.4167629249231255
298,ACVS_classical_Ki,1,0.032180299340526804,0.8386713595935035,0.003307945768606947,0.18986466988292355,-0.00010072764606574673,7.160158428306125,0.5238711699522669,3.6898286607505346,1.331091987798009,0.04399592990456618
299,ACVS_classical_Ki,1,0.1154323444906076,0.03906163137071999,0.25027994051865404,0.6556381760498823,-5.904323571487584e-05,0.6902802074917161,0.7867446807874969,14.603000501245358,1.0065258037351317,0.14518731441649763
0,IAH_classical_4mM,1,0.8870729991968901,0.09662535331255567,0.005438162338717369,0.05865896257065333,-0.005291093226002639,0.02844029502761227,0.9037066511618784,2.229178570222737,1.0479878949862538,0.47135744836431936
1,IAH_classical_4mM,1,0.8764979943580153,0.1088284729150765,0.0035967119381950245,0.05596929774306603,-0.006535934597151963,0.038341446755253195,0.8905707995800279,2.293546716737658,1.0536084972915805,0.4639338859301971
2,IAH_classical_4mM,1,0.7718701024313361,0.1405233129043344,0.0074417072851729205,0.15907206867247803,-0.006940964127282393,0.03838104692286113,0.8604864748201627,2.341951846868057,1.068990368968576,0.45614262908246384
3,IAH_classical_4mM,1,0.5875198542565091,0.3997316772983636,0.0024356776045085763,0.03759201813621047,-0.0036558324518459486,0.11734782974607574,0.6991382768581482,2.264921532350464,1.2298459810771425,0.44889832118157563
4,IAH_classical_4mM,1,0.3288861008303747,0.6616394048505501,0.0048947655548693065,0.027244202955409424,-0.0006872120958638287,0.29784176412988866,0.594631462847188,2.1849555558232385,1.4650521394829332,0.44629697402435325
5,IAH_classical_4mM,1,0.3977738296866907,0.5534673049087031,0.00425391693493041,0.09709916355819727,-0.00873570771619002,0.24677475894040818,0.6336519746488154,2.1600519949783226,1.3527125247813856,0.45846255051998874
6,IAH_classical_4mM,1,0.6403080819249822,0.33188765362287054,0.0020246054234587833,0.05022857400795733,-0.004562653658344718,0.13055022308353376,0.7258889021916486,2.424435672572437,1.1750508972588556,0.4304792064354637
7,IAH_classical_4mM,1,0.2918817276439379,0.7007037070752503,0.0006389907375996018,0.040285232573109,-0.002077497765875347,0.45565908545436407,0.5711843214899968,2.5794602832846243,1.4490757698026817,0.3470549008727343
8,IAH_classical_4mM,1,0.3073198103543312,0.4903979090806528,0.024945434652790033,0.25773810325722624,-0.009551482147831507,0.32124849704192177,0.6263816399054994,2.633336967051146,1.2151547365092314,0.3575767334149442
9,IAH_classical_4mM,1,0.49511201201315125,0.4835321281074361,0.0021114454642028207,0.05323959526719408,-0.008502205129709037,0.2181902958212569,0.6410375496824768,2.7140104832097256,1.2567684546135633,0.3695928764743857
10,IAH_classical_4mM,1,0.7731171972746981,0.06582603190284385,0.07774532132602426,0.16837045429611497,-0.0059417455482987215,0.03480716345888234,0.9305096853457154,2.2542389703685743,1.0317714669355156,0.46964659074295345
11,IAH_classical_4mM,1,0.33318159407771697,0.5196208202465799,0.03927782061521663,0.20017095427554857,-0.01775871144562856,0.3500468579955026,0.6207417980793203,2.71322311448915,1.2558021486817394,0.3455931938740667
12,IAH_classical_4mM,1,0.30628781494336665,0.6890722171486278,0.0020510842503121372,0.01381569631028631,-0.0031078858605404704,0.44598345139264756,0.5814333070890289,2.317387776332506,1.4753580477309856,0.40932839337697574
13,IAH_classical_4mM,1,0.8524366063877217,0.142819639939913,0.001508607753115063,0.03037538503379974,-0.0009715365138005237,0.02883270410739585,0.8720851834936141,2.0630656794770807,1.0755705022115145,0.4906746492728034
14,IAH_classical_4mM,1,0.4974113528991159,0.3276437367413339,0.07665800559507857,0.21470936779115113,-0.021913376990118485,0.18475503986649439,0.7226100318819302,2.4287550869073717,1.1647960902914198,0.4239505562919063
15,IAH_classical_4mM,1,0.8244451975962644,0.17232629247869238,0.0016582200736257368,0.012803340770277234,-0.0009436699640290921,0.08119758066205109,0.824776289587114,2.591302762622749,1.0822642100634068,0.4305261921525465
16,IAH_classical_4mM,1,0.9285509864959719,0.07055918285226274,0.0002049717480848263,0.007494595251091779,-0.00029896790436394996,0.03244504950614234,0.9253256721166443,2.3126941947205895,1.0340510414167379,0.46434938401249487
17,IAH_classical_4mM,1,0.578928495776284,0.41830194570444607,0.0002861398949886324,0.013453428526700938,-0.0027372005134503074,0.12253355211150666,0.7007295204518542,2.072708092848314,1.258244826021503,0.48428425211947534
18,IAH_classical_4mM,1,0.8815527133551267,0.10459657973473012,0.0038494823267132463,0.06692502739815993,-0.01400296744863146,0.02672876731850898,0.8960561628670605,2.246236026720131,1.0519511047471477,0.4691494910739087
19,IAH_classical_4mM,1,0.8583669673076894,0.13825555407558116,0.00042555851257371707,0.018845919052434004,-0.00036147289003290013,0.05037200668115885,0.8683231715921655,2.2282049549654595,1.0700633307101721,0.4696189034308417
20,IAH_classical_4mM,1,0.6489739572337229,0.3025935722190384,0.013589274074193755,0.15642305264820916,-0.03366267002781906,0.06727813106651265,0.7580165806218612,2.1522762444190384,1.1696657359049532,0.47255440751074385
21,IAH_classical_4mM,1,0.3496002810729753,0.6466757620551272,0.0004694706910402744,0.03676816993349957,-0.008227902200734515,0.36695427081807386,0.6009860454745161,2.1589326862959064,1.4541841548470908,0.4546106253404716
22,IAH_classical_4mM,1,0.6386475756090348,0.33097425804879244,0.0051743292818860216,0.05759391091042295,-0.001146205488814658,0.12569108838634005,0.7009850875480506,2.9950361528300733,1.1538874572505176,0.3687505880691028
23,IAH_classical_4mM,1,0.42647691733890825,0.5707039159129574,0.0003989884084317528,0.014685230704697152,-0.003248467112615271,0.24509169828763222,0.6234600677472317,2.294094999202714,1.36312566366954,0.4289106061325909
24,IAH_classical_4mM,1,0.5576455892964172,0.42577716429916695,0.0012506024820379857,0.04036365661864877,-0.004745874428222671,0.26431073327485766,0.6604622190016882,2.8510308663155475,1.2127433032251562,0.3647338483252494
25,IAH_classical_4mM,1,0.6206139092091044,0.36891861667868764,0.000558566917159064,0.04746409844621939,-0.0013830374705000401,0.09041971273673303,0.7227392722663674,2.127633544391784,1.217151340105135,0.47484456524374613
26,IAH_classical_4mM,1,0.5314127896464877,0.4236443270812875,0.008799399858613612,0.14778164268427918,-0.027176089840539205,0.15113339124537103,0.6863211063680776,2.281254429832522,1.24501510030785,0.44310631402529677
27,IAH_classical_4mM,1,0.6916135279987145,0.3063476651740609,0.0005581897162366237,0.022155402115875095,-0.0005533746825822377,0.1216821108522696,0.7446658333080826,2.3631880817470727,1.1632942571589735,0.4418779201563578
28,IAH_classical_4mM,1,0.49964782779797,0.48965957465747195,0.0017004475832498721,0.038291373824821236,-0.0007862830037356299,0.30678327798016786,0.640926317099645,2.6569275622242783,1.2658846013426643,0.3772843183223221
29,IAH_classical_4mM,1,0.2620458492767223,0.1426260276521888,0.03231734348822774,0.6777927280575017,-0.0023686688563124957,0.11517633571502583,0.8245618216778042,2.441537888469153,1.0579550953343473,0.42703364675598615
30,IAH_classical_4mM,1,0.8695934574758012,0.127919374986655,0.0009351165850995902,0.012707130376610004,-0.0014213127622230207,0.03251182449348384,0.8745503774262372,2.283303709901023,1.0637229414165978,0.4640026127623454
31,IAH_classical_4mM,1,0.5787489113892766,0.3798308381476865,0.023726547454682025,0.055947290021318374,-0.00463957645192922,0.16531292526154445,0.6934918161211792,2.5639889530415836,1.1975971277095718,0.40550297268861857
32,IAH_classical_4mM,1,0.539833759723279,0.45473170550137043,0.001473139430890292,0.02249325738370668,-0.0021873163684514875,0.14617525269431333,0.6858365333898249,2.025384774447012,1.291613996454387,0.4940836173378424
33,IAH_classical_4mM,1,0.18907710796241983,0.8033572144194252,0.0024969206709183037,0.024837924158925842,-0.0019871517260320933,0.8720900507253012,0.5470329565013657,2.3546711720788815,1.6075359892821681,0.37959399780469494
34,IAH_classical_4mM,1,0.1413080822005268,0.8465025504006233,0.006316981514974172,0.03272571097171391,-0.0005511966588807666,0.9967524912892147,0.5351545848110203,2.3917611559965706,1.6625302230154009,0.3571898842272802
35,IAH_classical_4mM,1,0.47407679107506634,0.2585070321229579,0.00606501321458429,0.3545139921362421,-0.00922280809372635,0.07562449883877055,0.7641422980476328,2.2338178562400612,1.1217048937042362,0.457495289148793
36,IAH_classical_4mM,1,0.40410388324119934,0.5928452054859618,0.0009822382481735436,0.012032837675212724,-0.0008919314777937596,0.24300501819880369,0.6281562719603826,1.9910592796262032,1.4222675353478373,0.5025466292739951
37,IAH_classical_4mM,1,0.6267196266649763,0.2979445836574907,0.018616368838175124,0.1234058195484207,-0.003246094383393713,0.07665873159895252,0.7598839015313256,2.133538336001542,1.1650809761658254,0.47555016583204435
38,IAH_classical_4mM,1,0.1223074120486718,0.8771820010147011,0.0001927754952569414,0.007319210034139713,-0.00038268860269755983,0.9083782091078053,0.531908760763414,2.0537992545834265,1.7733331921918214,0.4777636811385481
39,IAH_classical_4mM,1,0.515560898768076,0.47088682525785414,0.005284032267096162,0.04405167061896279,-0.007537751696667516,0.15002451999347036,0.6767570081000464,2.049758834906411,1.302298951225549,0.4882287690060864
40,IAH_classical_4mM,1,0.2798789762391634,0.7178066272853355,0.00045193779841817534,0.02256003117315091,-0.00517202145683596,0.5901934671612112,0.5650458736215872,2.632393672810445,1.458858932187755,0.33282163852178204
41,IAH_classical_4mM,1,0.2721771000141688,0.723822772570297,0.002927793139883091,0.019536292339441,-0.0007961232259788598,0.37364887228799853,0.5733714996434951,2.2179007569673512,1.5308969083403339,0.431884155476316
42,IAH_classical_4mM,1,0.7461915337443055,0.22789129416927303,0.0052806376077305685,0.05317802117535438,-0.0014348505079645813,0.0836480705761651,0.7777895184590752,2.7030624196427535,1.1084842997508704,0.4129429096713714
43,IAH_classical_4mM,1,0.5602422674460007,0.43661995702823664,0.001471299880436447,0.026145648004658312,-0.0024172109714463387,0.13357213198696277,0.6774814826117357,2.3450677784028966,1.2511436757122778,0.432685162823603
44,IAH_classical_4mM,1,0.777537865727483,0.19691350167202396,0.0022795616416539603,0.0677525077935391,-0.005611767543569975,0.06427853223356114,0.8032325531489133,2.6429257469995524,1.0938092972180817,0.4225053448836451
45,IAH_classical_4mM,1,0.2630758085586563,0.6867836883059835,0.011806435721333757,0.07958249032995984,-0.00998871115863531,0.39529933338052664,0.5812412046622933,2.249070088590722,1.448864377243095,0.42347513554790234
46,IAH_classical_4mM,1,0.6880646984050796,0.30036247018354617,0.002559140256756473,0.02593491478730495,-0.0006912992302424099,0.08624790594612193,0.7621294099507491,2.1093309597541063,1.1706535828310254,0.48023719754668276
47,IAH_classical_4mM,1,0.2970729317820402,0.7008165579369254,0.0010411108650929127,0.013763621279926235,-0.0031685037886620537,0.34679401181304176,0.583910840998741,2.1162881631661246,1.5204776329831802,0.46354569119851174
48,IAH_classical_4mM,1,0.469449573788039,0.5254304703089516,0.0008212882430983843,0.019562376391768537,-0.003959316319750936,0.25664895720409747,0.6266428285640283,2.6638523982070392,1.290781434903091,0.37015555919178106
49,IAH_classical_4mM,1,0.25362767189896035,0.6053479448658513,0.012718488379470313,0.20201382742762394,-0.004166649310138624,0.3315756053309282,0.6011704682369275,2.229773007752596,1.32039291306441,0.430812760180242
50,IAH_classical_4mM,1,0.242661662263873,0.7549525041367965,0.0002183916617882356,0.011686718201596153,-0.0004474828575992121,0.617381190313304,0.5587666805143291,2.4381478259406615,1.5313140957960412,0.3676979826968738
51,IAH_classical_4mM,1,0.7341831404820985,0.19669577482233044,0.0034574649877886993,0.13291461233289356,-0.0027013225096291144,0.08821257269647344,0.7952199618565455,2.809617734984146,1.0903005814452529,0.4072693299835582
52,IAH_classical_4mM,1,0.5504562841462355,0.4439050695123012,0.0015115667719356816,0.035498297705091414,-0.004183844070795541,0.1611521992412699,0.6847895177700529,2.136261587026418,1.2729299238643321,0.4703870224701128
53,IAH_classical_4mM,1,0.43817492426502697,0.5596003176759248,0.0002900087864607172,0.012924787875690307,-0.000559222744887959,0.2160309554895638,0.6408077719544485,2.006868750449434,1.387516444117536,0.4981436206417948
54,IAH_classical_4mM,1,0.8787735946384185,0.08729393561541732,0.002815923638318271,0.07487198252445816,-0.005921181045058758,0.03941027800761402,0.9105750470349934,2.2728717765612263,1.0427272903236395,0.4671509379507215
55,IAH_classical_4mM,1,0.6411242306482078,0.3555505046143089,0.001024136612418752,0.023400757624918493,-0.0032438633186938986,0.09041109158593595,0.7316728119376201,2.0989812077100676,1.2095725473610581,0.48063691195798286
56,IAH_classical_4mM,1,0.274703633020792,0.17875359390173926,0.013168633475388975,0.6293569342457142,-0.019831393732206146,0.08867147171435344,0.79686751055443,2.147388066081733,1.0719030698583993,0.4703706436980053
57,IAH_classical_4mM,1,0.9477589402019982,0.043011154760937226,0.00047066824836074504,0.03287777268309759,-0.0029123850348979994,0.01601796111356925,0.9558373138909213,2.1553432447285013,1.0211750751929918,0.48136357272122593
58,IAH_classical_4mM,1,0.438366988479598,0.4873069303979077,0.003756655558297224,0.12862429782692603,-0.01626665898546051,0.15107406012677613,0.6540956423165154,2.2774390918771292,1.281188570613198,0.43675382730490997
59,IAH_classical_4mM,1,0.48150608589110533,0.46140880466235706,0.005941919136717785,0.13550298075323336,-0.0073399403087210284,0.13445097383381346,0.6716154014462911,2.201904678993312,1.2769543359016935,0.45483296939728995
60,IAH_classical_4mM,1,0.2990378199719292,0.698133940367986,0.0009602182368162177,0.02313315803370372,-0.0011594547969342101,0.38741297537519087,0.5850861676434842,2.1079979699547207,1.5187005941046823,0.4661413747231263
61,IAH_classical_4mM,1,0.9799826499080678,0.01719937335038315,0.0013487476519545424,0.018301561902008944,-0.0019967862888544377,0.010363365220332342,0.9815736353521264,2.1863901407509565,1.0083125653363714,0.4789768654665361
62,IAH_classical_4mM,1,0.5666912659183,0.41367363882181285,0.0009353612822804771,0.05612606331529245,-0.0021861844431644854,0.17460236732606801,0.680618480051757,2.5020839836356856,1.2242921007007974,0.4104381061588754
63,IAH_classical_4mM,1,0.5638707565764723,0.42626031456167485,0.0008924621474582728,0.045655416087379025,-0.010678921671902122,0.16820778272477493,0.663310750734147,2.778295147635753,1.2173801835879445,0.37351650577331974
64,IAH_classical_4mM,1,0.23027918648605158,0.7570306222547901,0.0027698175992681645,0.04069070039505161,-0.006991617754898918,0.4283117751593239,0.5669108648244713,2.0625537211331566,1.5946938341822279,0.4780664345201805
65,IAH_classical_4mM,1,0.9059250025642351,0.07893380381485832,0.0005160685259747788,0.05024229805666535,-0.0012291336119627447,0.03228719331576458,0.9131029071567623,2.4538736582872995,1.037227791144272,0.4512604897060358
66,IAH_classical_4mM,1,0.73917504906818,0.2426834250990358,0.006220444585839431,0.05283621551083088,-0.004831391521101232,0.08768376766839647,0.7582437058134901,2.9218025316409144,1.1117437776079717,0.3925314635996948
67,IAH_classical_4mM,1,0.5268440982772148,0.4579554653265676,0.0007348028212924827,0.032817339632694134,-0.00043138639430673545,0.18171174598610323,0.6645458075056736,2.403306979327317,1.2610398996110834,0.4202223272912085
68,IAH_classical_4mM,1,0.8024055014999998,0.18514460015480247,0.0037489227328302735,0.031941870216011796,-0.002614418842468834,0.08890826189606982,0.8196090861145706,2.4822766791388085,1.0906810840747483,0.4390862416220535
69,IAH_classical_4mM,1,0.7249779334586572,0.27403579365544073,0.0004273678906175017,0.007511897531483721,-0.0018254650233886364,0.08211092366278873,0.7750766686164093,2.1661050646713327,1.1512417375229609,0.4720651233837945
70,IAH_classical_4mM,1,0.6145144831961672,0.0382049787396678,0.04747149902057056,0.3881925396500903,-0.004570027998578649,0.028872048509599648,0.9530121325862032,2.4857232841260815,1.017215118077025,0.45056091163899653
71,IAH_classical_4mM,1,0.31762531742178907,0.6699064758428724,0.006475118648829535,0.02887155921182937,-0.0007027684124646796,0.43151378725701306,0.5719129569596229,2.9420574929016947,1.3728937665733874,0.29168295166460606
72,IAH_classical_4mM,1,0.34468908631392303,0.5564465251140363,0.011796833780738782,0.1755471768023453,-0.007880819286334417,0.2026599213331128,0.6259974534943139,2.2459366802923033,1.333276829406835,0.4352568628932105
73,IAH_classical_4mM,1,0.10050930792568326,0.038177627368957245,0.17287437309207992,0.7606915216116191,-0.017017470613637026,0.1485749266165388,0.939077085646438,2.705489827505943,1.0149467901808524,0.4068405797885782
74,IAH_classical_4mM,1,0.7378719014950595,0.2583711101522895,0.00017147084332155924,0.020005370348947206,-0.0014195414160775126,0.11472082697991433,0.7405717328994859,3.096617423564521,1.1161313572861717,0.3770693557719465
75,IAH_classical_4mM,1,0.15139417388381998,0.1485488461829594,0.3042362443826692,0.45597406648595107,-0.0033728486231016886,0.28966889816035113,0.7316189637921787,3.0982978357637654,1.0411997746204558,0.32397072707756563
76,IAH_classical_4mM,1,0.14857255136664516,0.8440919559144405,0.0016932261646402896,0.03129110463646103,-0.0005619755454016079,0.7710451418261696,0.5394539834036806,2.1491418609863815,1.7040470362286881,0.4422886849601204
77,IAH_classical_4mM,1,0.8474987607099771,0.1424163679231089,0.004170968248016271,0.021876550923096733,-0.0005079088070185708,0.06133598082045511,0.857946931374401,2.388203976508492,1.0698185154887319,0.45214073683639855
78,IAH_classical_4mM,1,0.6082623439094816,0.3893871215107861,0.0004485927234282017,0.021288243724621392,-0.0007882289025285766,0.1454354548003379,0.6904274911009928,2.549887877365613,1.2065521044009124,0.4081510905069928
79,IAH_classical_4mM,1,0.6597901697861556,0.32991144325139965,0.0023467066656840856,0.03235375344302141,-0.0009571647308312497,0.0826434009006537,0.7496797860186463,2.0334181247283873,1.1952473503525416,0.49344094466142063
80,IAH_classical_4mM,1,0.2627937583172525,0.7222418332869909,0.007668468435271494,0.030401525763659926,-0.0008561304161772841,0.403190491997267,0.5697323823372863,2.3600711907279326,1.502356839246993,0.39220816902234185
81,IAH_classical_4mM,1,0.3271799258823419,0.6541045438443274,0.007468457986458544,0.026903182128208122,-0.0009876179196427368,0.484286240710724,0.5832331240085897,2.621752852973335,1.391393108795559,0.34809413348463264
82,IAH_classical_4mM,1,0.44089516793686995,0.5444940684126631,0.00449030368757735,0.03547275831078975,-0.0010239628958799943,0.186946984425039,0.6322114760368293,2.319101479153712,1.3362782688977717,0.42581396144461486
83,IAH_classical_4mM,1,0.8004373915003665,0.19800587629825134,0.0008491127576196693,0.008405769189313534,-0.0003747880798749959,0.06038843736926219,0.8068530352849551,2.549521837505983,1.0962749284139328,0.4314849319587968
84,IAH_classical_4mM,1,0.8313148401486937,0.0937639988397432,0.005362011598074665,0.17944045611437517,-0.002755521373278802,0.04101826943729199,0.8977494023290935,2.4770663791628214,1.0441931491404148,0.4475149930382306
85,IAH_classical_4mM,1,0.7107626947306189,0.21705238566479396,0.003516273905461219,0.1790067783409131,-0.0035975330157936914,0.07185257915246682,0.7944256507209959,2.5057621352091615,1.1066631377086527,0.4320096259304199
86,IAH_classical_4mM,1,0.7584914087422443,0.24012890206001383,9.052087082351182e-05,0.011841610418532189,-0.0011433240648986557,0.06932119834550922,0.787408568018872,2.3407323369116364,1.1245216318519464,0.4500795003963191
87,IAH_classical_4mM,1,0.6239175990342558,0.3528042638799692,0.0064984584571294215,0.057308142550002376,-0.0014094094093350597,0.1010031947922464,0.7332191255157233,2.0895285153464016,1.2074831353410287,0.4822897217512348
88,IAH_classical_4mM,1,0.8737754492598907,0.12435644494225045,0.0007555086238464464,0.007726235550647128,-0.0009875692157291934,0.049016283924333014,0.873222295743245,2.3917754442579464,1.0604763646728357,0.4532569967312931
89,IAH_classical_4mM,1,0.40146833462745785,0.27218823181726787,0.007551399855883939,0.4438919588466218,-0.013904477389046467,0.12687315082358616,0.7491866531664277,2.3143190583857223,1.1262646286525118,0.4407935541459215
90,IAH_classical_4mM,1,0.7419146722700942,0.22013662918025095,0.00537459998609605,0.12777727543726553,-0.00229301139647699,0.07672322654120003,0.7785605539532686,2.8174515616786473,1.1023752309731412,0.4039298778100395
91,IAH_classical_4mM,1,0.6601793202839387,0.3193300394965959,0.0055015437098359455,0.04327278385626829,-0.007184485334909407,0.14356365588460743,0.7142734760791434,2.837352481562661,1.1532016711788091,0.3861056676318831
92,IAH_classical_4mM,1,0.6782577493043244,0.30014953708120806,0.013399413097479926,0.050559154137224324,-0.0014254349341183568,0.13606853385411785,0.7405391276807658,2.512327547000155,1.1535417278107791,0.4232426424921423
93,IAH_classical_4mM,1,0.46962172950440145,0.20253818049899583,0.023730217062242327,0.37468808722957864,-0.011025961987169987,0.07502317463199627,0.7879768060788443,2.358774931750182,1.0845088984222266,0.4429442471471891
94,IAH_classical_4mM,1,0.35361328105144685,0.5293501992457593,0.025481449928917727,0.20603237931806245,-0.01349976951007,0.2556627626685284,0.6367256829051791,2.2479608228989645,1.3138669290577432,0.4364479091038122
95,IAH_classical_4mM,1,0.4137354755173926,0.5848475326918507,0.00012242042184915596,0.020208081788734428,-0.0032753521008820753,0.29799104226561535,0.5941868991268006,3.0612807890762315,1.2998333354293838,0.3037593565514479
96,IAH_classical_4mM,1,0.6223355256225368,0.15293659405524268,0.021467829196427292,0.3195985815877965,-0.0025355048997474532,0.059064913675740655,0.8381526214397784,2.527763664142192,1.070750711382304,0.43367324663147466
97,IAH_classical_4mM,1,0.7619309550092813,0.2097108497229796,0.004881705947386114,0.0940365760351818,-0.009423367764579483,0.09454798931827536,0.8023680323611455,2.4608333322769553,1.1041913102631058,0.43854359258705633
98,IAH_classical_4mM,1,0.5202634495174403,0.4509983506863016,0.008746302371919475,0.05288901537980495,-0.007251579758654672,0.17247627238468105,0.676001929889033,2.219915139362887,1.2686848587514254,0.45289246270784206
99,IAH_classical_4mM,1,0.46656011919559176,0.5154121969180716,0.0046285765623773414,0.05272887364646525,-0.010558827504355004,0.23106158273696803,0.6231375452272779,2.882454049550843,1.2666714148971079,0.3412636548624557
100,IAH_classical_4mM,1,0.061119257974193146,0.8831591446283367,0.0023946973326703018,0.16228629343378434,-0.0026484207756170717,2.053475827145666,0.5275926736207008,2.1230561890123076,1.741502543966144,0.4450167936588315
101,IAH_classical_4mM,1,0.6496695757130383,0.34682977324084435,0.00045810021771502057,0.01942628960299591,-0.00046434022203550016,0.08920339312051519,0.7267495076851259,2.2693092562366273,1.1936149268134908,0.4522001159647879
102,IAH_classical_4mM,1,0.4480450974958442,0.541762315164812,0.0010924368784100253,0.03733656453515743,-0.0016118324362582404,0.19588540865510148,0.6451386956144248,2.0634655734534753,1.363091585435436,0.48359820620329724
103,IAH_classical_4mM,1,0.09877326898344665,0.8938051482702517,0.0003912792770036292,0.025171214570564995,-0.0011081360885490975,1.8291565851928808,0.525543672097411,2.1929715659117357,1.7763615081701947,0.41977261416358186
104,IAH_classical_4mM,1,0.4978963439868353,0.3951215464808754,0.005458018403774439,0.19823241851988094,-0.019479731933617312,0.11964839042923235,0.7006138930773277,2.205083450486202,1.2226648217741205,0.45710613014082074
105,IAH_classical_4mM,1,0.789255001442884,0.15526670243760504,0.003717721672836627,0.1030286107575928,-0.0012421139851865493,0.06643258845775495,0.8296822407715833,2.792861983530269,1.0707390481634114,0.4155195025706872
106,IAH_classical_4mM,1,0.46842856637059055,0.2530401845154274,0.04228089252920101,0.38347333641455783,-0.005480787339582157,0.0951903155848878,0.7826301337540199,2.059828080705352,1.131308662063734,0.48814800325630625
107,IAH_classical_4mM,1,0.3459512600698177,0.1396755575674377,0.054271254454999245,0.5841365446999999,-0.009352922719949018,0.12566201017127973,0.8204036791514016,2.82372350398634,1.0552841944175657,0.3939139964961741
108,IAH_classical_4mM,1,0.7498990036201508,0.18885243547464536,0.017849720518989826,0.1606505862089002,-0.02580773383007801,0.08072782720776325,0.8039480970440034,2.7666145137967595,1.0875183360038299,0.4122113802926824
109,IAH_classical_4mM,1,0.41357433324651166,0.5192232198255212,0.01432762076910967,0.10935843525262864,-0.009667346597269455,0.3830009436584606,0.6233172235118309,2.7706752555568777,1.2685453132988629,0.3488857874450529
110,IAH_classical_4mM,1,0.8996053574532502,0.09237708327535754,0.0023131028791409333,0.03211043272939336,-0.004123878264923721,0.04444862586978549,0.894196893535218,2.637005414525103,1.0424851970133795,0.43595358047035004
111,IAH_classical_4mM,1,0.46620148092981517,0.17964856874618754,0.10777675887584877,0.29978054833702117,-0.0011181194204353889,0.10994648014462455,0.7667930343510052,3.0742831690565784,1.0626522554314817,0.3749481796053882
112,IAH_classical_4mM,1,0.3987474260828465,0.5573915469943044,0.02431869547031816,0.06762127015478588,-0.010872069524180062,0.27010176269982333,0.6297901758759272,2.227139528077597,1.351819611088249,0.44264490790513306
113,IAH_classical_4mM,1,0.7382466291264751,0.20434662501095113,0.029440225259817644,0.07650764081594573,-0.01446971499920039,0.1184568789360392,0.7820287759594304,2.9895291991885364,1.091348076575325,0.39283852835152927
114,IAH_classical_4mM,1,0.8020380810394038,0.18218155539816477,0.001206997484860469,0.0706792244982847,-0.011808420755919365,0.0838993185320969,0.7959277947310893,3.0982497797746302,1.080233271854806,0.39144699486112944
115,IAH_classical_4mM,1,0.6759447286337292,0.2663259025395911,0.017709167745569403,0.11835966875304357,-0.00235532259089421,0.10078825102852833,0.7555440973604771,2.6209511291716927,1.1303208266173805,0.4142495297964841
116,IAH_classical_4mM,1,0.7439648096405921,0.2262411373111083,0.0066248625785753695,0.05860888666726809,-0.0006228310069923995,0.07556257493126566,0.7835768078294216,2.600667299930093,1.109736305212101,0.42255944372784604
117,IAH_classical_4mM,1,0.177960082204216,0.818799903567402,0.0012017236801157899,0.018169895634821524,-0.0022729674827459707,0.6970516628315317,0.5433380842563164,2.3330272367352434,1.6345214749196033,0.38378684014878744
118,IAH_classical_4mM,1,0.16269004547411586,0.20638547745677452,0.19618348862509963,0.5105148052507509,-0.005143212946868923,0.3236500417176973,0.7155377160409382,2.5533806114820297,1.0628385537302332,0.38183535565067567
119,IAH_classical_4mM,1,0.25119142671410283,0.7441889523578714,0.0007012057326670943,0.02374849165581765,-0.0012178993094444722,0.5835507744536637,0.5652606535820061,2.2899195562131975,1.5432950926777427,0.40888695945492853
120,IAH_classical_4mM,1,0.8246423511859478,0.09425794683469049,0.0359135755200238,0.10404789711765207,-0.0035216966559008765,0.0514475461065512,0.9003458889538214,2.3716554973726702,1.0451807563962063,0.4567660488301271
121,IAH_classical_4mM,1,0.8161670053107657,0.18089371787738498,0.0011303827454220588,0.015701341914894845,-0.0014670550780096242,0.04511911108136964,0.8364002089617016,2.2019764994877864,1.094195120610707,0.470900341646789
122,IAH_classical_4mM,1,0.6769175623370084,0.3135021677543602,0.0007054973629532188,0.033591407003222155,-0.00567348417489789,0.094128167155212,0.752114748358779,2.151043446310168,1.1774638552248295,0.4728151638699413
123,IAH_classical_4mM,1,0.7989881477420564,0.18891468706154133,0.005245630589957655,0.04131049655990107,-0.006874684092932478,0.04402523198390119,0.8381075670063354,2.0542031697141683,1.1026471217078262,0.4913710578467093
124,IAH_classical_4mM,1,0.5328288947177251,0.4549695087514642,0.0013781510236607788,0.046070845478678964,-0.0008714301553266663,0.18012837339219478,0.6646965972338025,2.438046271787456,1.2573022978494626,0.4151450230855057
125,IAH_classical_4mM,1,0.48770814271576524,0.5060210817492157,0.001579963149347048,0.019590328269367418,-0.00207609956933879,0.17146629682997386,0.6554212903934695,2.1617172604416095,1.3209741415066751,0.4621119511235232
126,IAH_classical_4mM,1,0.2670992714638291,0.2953948934734172,0.04127121546085397,0.4976516503072577,-0.011874121619750946,0.1894856047042569,0.7028820222576252,2.463996413599937,1.1112355558006572,0.40234124344574307
127,IAH_classical_4mM,1,0.23925966498922507,0.7359871981398596,0.00736207310460023,0.06496042566769822,-0.0010324822383805088,0.7708940738379553,0.5635099207901871,2.4556908897395644,1.5021096372883826,0.3637544694789651
128,IAH_classical_4mM,1,0.2930120051022827,0.37443978747304474,0.11470447811214346,0.317191377393974,-0.020576115874609596,0.21482403028471775,0.675066023711176,2.3870336395390352,1.1546659737147862,0.41145176253213733
129,IAH_classical_4mM,1,0.5096115303194537,0.47972044330044994,0.0006492305236471358,0.03725682939193573,-0.000704320404814903,0.15711179864936636,0.6721046915603245,2.0620569039729846,1.308594126464923,0.4852583946395699
130,IAH_classical_4mM,1,0.49284579758082686,0.5003158342866917,0.0009130599849113942,0.031564560111833194,-0.0008546505001479276,0.1882089163326515,0.6498986159463033,2.3322494302075016,1.3001404815167212,0.4283857482901873
131,IAH_classical_4mM,1,0.13282811357870136,0.8665322305455259,8.299971829845516e-05,0.009181553932623734,-0.0007877916613200895,0.8169137712479214,0.5308494819447431,2.343576826323025,1.7065493031354442,0.37053425082117236
132,IAH_classical_4mM,1,0.596079141449918,0.40044215292279245,0.0022980248463486405,0.015307409643729676,-0.001918778244520487,0.11480167136699648,0.6993850891215532,2.257134578892343,1.2312544862550432,0.4504364196245148
133,IAH_classical_4mM,1,0.40130229935625983,0.5969918137912638,0.000559228694682187,0.007566494347449529,-0.00027599993982912877,0.3464087150830758,0.6098520702011998,2.397541118510422,1.3746361097242255,0.4044029266680717
134,IAH_classical_4mM,1,0.12305715047745476,0.35166092765691126,0.15079768926261145,0.5035594360686806,-0.023270886027434108,0.4359774610617096,0.6646828690590175,2.4310349024587747,1.1330253956276115,0.3728254020021639
135,IAH_classical_4mM,1,0.3861551574359351,0.6004658139170174,0.0030070069192155414,0.05553473420266186,-0.0020048674725474413,0.20863840042771437,0.6160503041271903,2.1975640787557555,1.401646370106656,0.44759868705620387
136,IAH_classical_4mM,1,0.4746475123828869,0.48704546884494515,0.0193220758010625,0.049285433151564986,-0.003867423669084221,0.3360106451882196,0.6353016093025646,2.808935235904996,1.2494187667337664,0.354642323570022
137,IAH_classical_4mM,1,0.7455569579616347,0.24873142781217625,0.0017802178947725511,0.021779657820878675,-0.0011774823319405708,0.0884879143078091,0.7840222528886022,2.2961954825823514,1.1309014899685232,0.4550032074916185
138,IAH_classical_4mM,1,0.2703322034685379,0.7277519866314044,0.00041951897560685644,0.01337960926284764,-0.00040109541685214793,0.3908122442684483,0.574344565936364,2.1414992957531345,1.5483664775823909,0.45432376820515696
139,IAH_classical_4mM,1,0.24165151806978816,0.5339333324071432,0.052522552697301876,0.27837804755964135,-0.009367444049132704,0.363178495024733,0.613644473577971,2.5129872080305917,1.2499089647190715,0.36489156824550417
140,IAH_classical_4mM,1,0.21742760632749422,0.1319458730506063,0.14316564271180912,0.6349474794450375,-0.010202360173508281,0.11266996484885093,0.8391701771881172,2.362028697569408,1.0549170493206985,0.43573561689682827
141,IAH_classical_4mM,1,0.892882440404509,0.07431323375527077,0.0026524450793870085,0.10603353531477576,-0.015174643261021687,0.04368275833745287,0.9131431176439652,2.617730065437891,1.0340465594458577,0.43912444141516344
142,IAH_classical_4mM,1,0.6676352131345461,0.33108052831048673,0.00012491400469084141,0.010943986530538652,-0.000434587191588393,0.13558907191669334,0.7292632699107912,2.3860231144352526,1.1777052766201075,0.43661476313981384
143,IAH_classical_4mM,1,0.636401374776367,0.314845938375965,0.0066058865208472916,0.0919609341299303,-0.0029346650448579038,0.12049696255688286,0.7329554121214127,2.468999941495532,1.1624031932869392,0.4257931018064324
144,IAH_classical_4mM,1,0.7025090466243991,0.2804685090379622,0.0010907803050841439,0.08441840550955533,-0.001519628373077415,0.07612947682347211,0.7665668883625282,2.2455800065601323,1.1519236025988633,0.45971879208491
145,IAH_classical_4mM,1,0.7865628801587446,0.1665512388640415,0.001584153924453721,0.12339237825560372,-0.022121544969416748,0.03796575785484223,0.8548581457402429,2.0384783769219754,1.0896091759273019,0.49395771217881146
146,IAH_classical_4mM,1,0.17072379147816752,0.8211135121713917,0.0014890290920652161,0.035426521069401085,-0.006931656049412428,0.7658015424579905,0.5418042512464989,2.3900033018010474,1.6267036996430513,0.36496357917679845
147,IAH_classical_4mM,1,0.32009725800992733,0.6722354644846414,0.002392238599051609,0.028978196973098516,-0.0004311477443421146,0.30074338574267906,0.5843903747175752,2.4004574668382945,1.4454128191458493,0.3917027923386729
148,IAH_classical_4mM,1,0.6045625228702044,0.29589556918350507,0.009645966372533489,0.18679630496283023,-0.0023191348967917993,0.10985811888187137,0.735228695044721,2.633733453189486,1.1444055646157243,0.4066073982058817
149,IAH_classical_4mM,1,0.611769996779489,0.3830543999476868,0.0018093424555974168,0.024037414509075053,-0.0049910956906017425,0.11379333142340824,0.7200721612214365,2.0475425812041625,1.2332009829137662,0.4900648826931939
150,IAH_classical_4mM,1,0.8081639402156257,0.19126998974159143,9.218101529158381e-05,0.005662494832794296,-0.00021967351842588854,0.0640462853299306,0.8027432044692294,2.755048800365497,1.0892889005665796,0.4145408647991475
151,IAH_classical_4mM,1,0.9045786693846527,0.08260070846949853,0.005515746321851076,0.038785656341067586,-0.0023348944872781173,0.025727837958444435,0.9159457681040961,2.2436435540704975,1.0406336522951316,0.47048833484110464
152,IAH_classical_4mM,1,0.9193499284177784,0.07861429124648915,0.000503518443743599,0.013533233316188154,-0.00044214052758082657,0.0471597764846142,0.9127197496141976,2.4785820752009884,1.0369251227361311,0.4493671887038068
153,IAH_classical_4mM,1,0.6010925560674475,0.16134154641966542,0.025072407770118797,0.3400219571751644,-0.009348338683661028,0.08013399427538327,0.833216198070391,2.4748579203005074,1.075495622826218,0.43748869218408154
154,IAH_classical_4mM,1,0.7275508539002543,0.25126324249990767,0.0008782641886083317,0.09841446630413106,-0.017807500169635677,0.13029755100987808,0.7343423323519052,3.388033110610308,1.1074536479364214,0.35827409584815256
155,IAH_classical_4mM,1,0.20481760080442088,0.42059252225974,0.16405758749908073,0.27730271851434096,-0.002155906112644734,0.287942549631544,0.6353724415062509,2.2217692438569077,1.1310705405380013,0.43612881395217484
156,IAH_classical_4mM,1,0.7919567231476125,0.2044841132019172,0.0011689580497263995,0.021755684635883437,-0.004599338574100662,0.046545073396770706,0.825647738614458,2.0826555139180485,1.1112066745988274,0.48680399642603495
157,IAH_classical_4mM,1,0.1826559947951053,0.7848208738041567,0.0028300496922657233,0.07423196553267483,-0.0011393492245455803,0.5758072596077995,0.5528103381287595,2.264525274730609,1.581302701758056,0.4071906510414874
158,IAH_classical_4mM,1,0.9489511942389812,0.031529298566135344,0.0007733500201437902,0.056659821115966666,-0.004743012624494487,0.01675683518543224,0.9651376733165048,2.3016456020741463,1.0149908059520119,0.4675254860095884
159,IAH_classical_4mM,1,0.5784703093307951,0.41540778216411595,0.0019355208742732966,0.020244962477989143,-0.0009564759904407382,0.10880686118356644,0.690267313824784,2.289422152192476,1.2396274060987882,0.4437582445554287
160,IAH_classical_4mM,1,0.32966093774474126,0.6594978076773873,0.0010416511072081757,0.03771387449678344,-0.0007840202706007278,0.3802890412739784,0.5818141679732678,2.6427176755653856,1.4004481105751816,0.34417362463246154
161,IAH_classical_4mM,1,0.6020914459446972,0.3927437618593501,0.0018969146911797313,0.02228255206336205,-0.0018118775491090446,0.1477531790244661,0.6944566769917896,2.429362124783032,1.2152528317201359,0.42412073422802576
162,IAH_classical_4mM,1,0.580860785977184,0.41692432663619866,0.0006276523535948438,0.00971252592519865,-0.0005127906915088557,0.19773794169454692,0.6753544462380543,2.5893554212323657,1.222018957737703,0.3990812265812907
163,IAH_classical_4mM,1,0.67644896350504,0.314087280421595,0.0009068615866289829,0.0224640376014162,-0.0016021917935790837,0.11599697309870226,0.7132525737725923,2.9347983308923666,1.1477651699172569,0.3787874308317923
164,IAH_classical_4mM,1,0.9160979783076568,0.07312058863003423,0.0035414710671903275,0.043577459258535844,-0.0024061474170645122,0.031783039181510875,0.922226839506952,2.3345844808718668,1.0351712081601983,0.46211275403137003
165,IAH_classical_4mM,1,0.11838082275831185,0.03687211389515067,0.1641637231443908,0.7460926435038544,-0.011151735400562777,0.06003096090280668,0.9498196217742587,2.153844532887011,1.0158103511404974,0.47529506180441206
166,IAH_classical_4mM,1,0.8432517662542162,0.1328293091853051,0.00896884059630659,0.0387417496972275,-0.003564344506091584,0.058415358423597574,0.8577715862460149,2.589372071543372,1.062371394341747,0.43479976194388853
167,IAH_classical_4mM,1,0.10025180685156661,0.12611053096640654,0.14627400770181473,0.6953361765635796,-0.0018875555829246506,0.3011797252957028,0.7803688700388383,2.3491161726940035,1.0408903280834898,0.4193214708537531
168,IAH_classical_4mM,1,0.7021262830672395,0.2929281687074242,0.0005152652707803855,0.027873421338454624,-0.0019730988569628288,0.07949350544550542,0.7513300563958312,2.3883268200763226,1.154092977334438,0.43969804555566566
169,IAH_classical_4mM,1,0.8201692114797696,0.17596941145606193,0.0005172784814846995,0.023048596687210578,-0.000586955205741931,0.059197758825331244,0.8378568551468888,2.24724139477739,1.0904143429120603,0.46549318654694877
170,IAH_classical_4mM,1,0.8541339314075832,0.12917194933304033,0.0007617401077631637,0.07207374184511571,-0.0033918438649221255,0.035381727953962924,0.8692120960479814,2.3876017903377433,1.062976442274675,0.45314772835066486
171,IAH_classical_4mM,1,0.6798120753310214,0.28823964802404395,0.002660040905043721,0.092485268192736,-0.017070972223819907,0.08243867893969471,0.7451022250770661,2.5638922164184184,1.144767663649633,0.41843480980330827
172,IAH_classical_4mM,1,0.4957439113941701,0.49459354389067767,0.00277137669226942,0.046732948187571864,-0.002753523694034314,0.13733522690288036,0.662211084099719,2.1257981593433892,1.315016546776171,0.47043527865619533
173,IAH_classical_4mM,1,0.10192193190722103,0.06321529110246336,0.1855505742983386,0.7416234155268674,-0.009760503009831932,0.14515124011908637,0.9120175024462488,2.465013509398015,1.025775532075024,0.4204530663352449
174,IAH_classical_4mM,1,0.8030399685130468,0.19085275544600092,0.0024769739757214086,0.028534711446409847,-0.0030256561729132482,0.05478827878819609,0.8201119949664598,2.3822870702254586,1.095762691689762,0.44901602512719546
175,IAH_classical_4mM,1,0.16386721933468867,0.8341601067006553,0.00041443855988024,0.01939612154478621,-0.0003751328263247093,0.9703284601269145,0.5375873797105108,2.449416395098209,1.6351485078156536,0.3452894617839191
176,IAH_classical_4mM,1,0.5370373332510048,0.10309317896616597,0.050765642317005706,0.440610968898376,-0.028756330825992136,0.03642826667113609,0.8912978143951625,2.242108554211094,1.0488693811539065,0.4669070777035277
177,IAH_classical_4mM,1,0.48760495058268494,0.4943791685360587,0.0005286073801911861,0.07271138846834391,-0.0020949739156837055,0.21206175359922338,0.6509198554623509,2.3643343149377314,1.2922681644500067,0.42256886975383867
178,IAH_classical_4mM,1,0.6953655083787712,0.2828936901049999,0.0013758413531986212,0.05911622544667393,-0.004681075978677785,0.12885606747617973,0.7178087679218467,3.286790231621659,1.1235849292590343,0.3572852476437595
179,IAH_classical_4mM,1,0.14326313163610896,0.8496749097165632,0.0006792682710270694,0.04946322378191641,-0.005971197462714172,0.9746264278927026,0.5372667645509814,2.197618206435687,1.7056919971104356,0.4238858543112157
180,IAH_classical_4mM,1,0.4567222334227107,0.5131751963303449,0.005462236978523315,0.08824647416191181,-0.015642640588233645,0.18971681380231228,0.6595284724782191,2.007616826426133,1.3416655693877593,0.49802775544175687
181,IAH_classical_4mM,1,0.4278394902173255,0.48211681594001016,0.010656000605281652,0.16997726661628065,-0.0026337984871150494,0.23318012255244475,0.6614513124838742,2.1727610754297224,1.2885506459149354,0.4585519744961602
182,IAH_classical_4mM,1,0.3588992813721621,0.36687243472153375,0.10148986806032403,0.2702980578591445,-0.004483455890199303,0.13298605616625575,0.6953602081290233,2.2299423300441976,1.1695359310582745,0.4480408210056812
183,IAH_classical_4mM,1,0.6600527303068905,0.33854458952202343,0.0005368630756754346,0.00784212661872793,-0.0004235410764730021,0.13308933374729934,0.7286119922203231,2.3193455171247677,1.1856242662580365,0.44535061625013206
184,IAH_classical_4mM,1,0.4935908327537274,0.49102836085356566,0.0008497245594691982,0.0637970509618964,-0.007082135038815078,0.2585919255864611,0.6356980723068887,2.7893216982444975,1.257525104303462,0.35877931790259965
185,IAH_classical_4mM,1,0.6568483547342077,0.3337477810646869,0.004157012939096642,0.030163419173203445,-0.0019834382397524355,0.15566916384136315,0.6987825622474443,3.027131397332027,1.1553016563895144,0.3668523069235667
186,IAH_classical_4mM,1,0.787394301328738,0.20014310316864117,0.0066657826592483385,0.025198492013769426,-0.004513283465880417,0.09777652401704705,0.7960778504261129,2.7508634164021357,1.0936916368404836,0.41327053955044785
187,IAH_classical_4mM,1,0.6714058869939089,0.22768272021280278,0.0047028681251619344,0.1925229077157661,-0.002338952907524095,0.07309637679680801,0.7960070855670897,2.2973272631629853,1.1168427588393803,0.4546501743632706
188,IAH_classical_4mM,1,0.5497077390883454,0.40846140061812714,0.002633388961393888,0.07939003225213379,-0.0008230329536701425,0.1770695052143454,0.6813136265027467,2.515995773629359,1.2175228312900663,0.40789382717157774
189,IAH_classical_4mM,1,0.8295866393797304,0.12911274473712075,0.0016131044871873638,0.12098046805443398,-0.004339067353018541,0.07901550265653189,0.8611497746782071,2.5903117930281194,1.0605367755960118,0.43487812797532166
190,IAH_classical_4mM,1,0.6069523792426348,0.38568848881897727,0.000819968211565777,0.039345011709490126,-0.0016484082125753287,0.2061950974348421,0.6825007729141455,2.773359461862053,1.1934075871948668,0.38169033651826584
191,IAH_classical_4mM,1,0.5813976928422614,0.39310106841716036,0.00700248001736476,0.052084907376761386,-0.0006653759938884295,0.1774750399432406,0.6807836612423761,2.7165878292754146,1.1993525270054348,0.3855715617733343
192,IAH_classical_4mM,1,0.5140788617749114,0.4846212706680155,0.0005351064144449783,0.014817835617732488,-0.0004954462260977315,0.1446535277169965,0.6563416514624247,2.337838330383726,1.2875832632014879,0.4292565742134275
193,IAH_classical_4mM,1,0.827709535877631,0.15803975425157923,0.004828679524267739,0.042137257441738185,-0.004282458389497632,0.08945638532272365,0.8244802977123822,2.8813459509131616,1.0714354984729109,0.40987875572270566
194,IAH_classical_4mM,1,0.3171950619643936,0.670755607373358,0.004181071929204049,0.06849703552851724,-0.015957240478976977,0.4491923285796217,0.5872473974139077,2.3236534566346596,1.4551456413196564,0.4096034361391073
195,IAH_classical_4mM,1,0.3594803691150126,0.5635395750772855,0.011853442920229981,0.13514020864079312,-0.0016642497021884723,0.303192243918707,0.6282459243685339,2.146508614379448,1.3528840503071091,0.46017767070340443
196,IAH_classical_4mM,1,0.46430842558785484,0.34533024430018017,0.048232772524289536,0.2581801485691146,-0.009219147014729945,0.21509659379171572,0.7026433380602236,2.6096202576543504,1.164614750813112,0.39510416324930353
197,IAH_classical_4mM,1,0.5669825193115409,0.4238673578366375,0.000368795574826361,0.031122242222963656,-0.0015073145734275787,0.1581300272319706,0.6726002253021565,2.5779349619314784,1.2269731337356355,0.3991334282376239
198,IAH_classical_4mM,1,0.7618678280910921,0.21743974609285957,0.007337398172067903,0.05889556253734223,-0.006347261646497114,0.06824510018692072,0.8032194135098656,2.332787627392142,1.1115885582730511,0.4523941930940793
199,IAH_classical_4mM,1,0.7831072858425051,0.192080744606312,0.010381710197842316,0.03644536864748487,-0.0029929793158162935,0.05529652945044126,0.8216236375861307,2.3229842425618994,1.0974065282626473,0.4553041378517998
200,IAH_classical_4mM,1,0.7189159255600664,0.26515061486492986,0.00479764653821723,0.06874621409161882,-0.002618913244819786,0.1129738780212566,0.7411429476006213,2.978465596295021,1.121774148440206,0.38404550315839653
201,IAH_classical_4mM,1,0.42578603239546586,0.5457033905791953,0.0031565052941334884,0.05605937608235908,-0.0008060533720382622,0.23113987368887523,0.6365098594541087,2.1870155871295336,1.346979475779179,0.4533742369902256
202,IAH_classical_4mM,1,0.7190157040928831,0.0906585605732914,0.03522615781547626,0.26880175475522416,-0.015541116235843876,0.03379435780049083,0.9039044912798355,2.3329441752613747,1.0433329654394965,0.45986061349970964
203,IAH_classical_4mM,1,0.7125306345018585,0.28286677335292987,0.002070946756547982,0.01846293926264803,-0.002007530725277331,0.11380630941177196,0.7297753341556004,2.9823904019736043,1.1306575588319934,0.3809688205213937
204,IAH_classical_4mM,1,0.7473429289372775,0.23817380308885033,0.004414444029551107,0.04194253974528485,-0.0006223519932124459,0.07531245345857382,0.7747377783862868,2.6210700499539317,1.115918193958331,0.41953415677280625
205,IAH_classical_4mM,1,0.47975592310082266,0.516298933854801,0.002438643582426838,0.014504851753540403,-0.0006747059458092232,0.23253943506662006,0.6439352536120055,2.3170513932800945,1.3144299714836816,0.4297633411571199
206,IAH_classical_4mM,1,0.8692848223629619,0.12934808651700797,0.000423053596579174,0.011532988848188767,-0.0003650160378482714,0.02246943802081101,0.8796634169963098,2.1334196918084762,1.0667565652589315,0.4814909289324949
207,IAH_classical_4mM,1,0.5699943622244154,0.4271308730001492,0.001017063105331745,0.018044908423492132,-0.0020280909770306606,0.1717626227776694,0.6869196639142082,2.24630840943612,1.2514096488252866,0.45045620205751485
208,IAH_classical_4mM,1,0.8462237807825091,0.14762709608626132,0.0003754248583480731,0.022247143501092106,-0.0019825299843067986,0.05522862290152624,0.8491725985884343,2.493702587659098,1.0710651558857536,0.4417389749058583
209,IAH_classical_4mM,1,0.8357132378686501,0.10263829138142776,0.001651524203778673,0.15366583900283912,-0.00479696649020397,0.05786894467282869,0.8870909726926599,2.5439563552544926,1.0479945261963695,0.44126685199452
210,IAH_classical_4mM,1,0.6689199248812846,0.3240775436438568,0.00413283050555272,0.033312733148195786,-0.0009282731615547127,0.14426325583650168,0.6993246586404764,3.1495035149357733,1.1469343742487534,0.3590285643106177
211,IAH_classical_4mM,1,0.3345687988340099,0.6593504949297527,0.001001157016969357,0.02956429990120963,-0.0019121635743599766,0.3687311093163951,0.5843475342065032,2.54895865242129,1.4128907175427246,0.36279027228809707
212,IAH_classical_4mM,1,0.727034106107641,0.2714412279475963,0.0005110827971415673,0.012581993016104276,-0.0015676701977912857,0.0800840352804289,0.777905709553022,2.144937666248335,1.1504759809201288,0.4754339930497332
213,IAH_classical_4mM,1,0.43907804144922813,0.4911558467305581,0.01065440947625059,0.11452264589951591,-0.01679465111189789,0.23690782884038614,0.6439668036832819,2.4860878144224987,1.2687402771867466,0.39817480694078444
214,IAH_classical_4mM,1,0.9283607539905743,0.06556667638796711,0.0015360284835426673,0.0312508450384585,-0.0007441539206788891,0.014154311674691144,0.9364386210940929,2.075384766600214,1.0332465270736482,0.4901350594620838
215,IAH_classical_4mM,1,0.5982288861231485,0.3977172552578667,0.0011073135054885113,0.013594456857889212,-0.0002774504401761861,0.16668523262031143,0.6698680969878047,2.943997443207311,1.1928530249001974,0.3617410746328997
216,IAH_classical_4mM,1,0.9199994935072445,0.04534653834736891,0.0060604673004556785,0.10594505714883161,-0.002919108042361497,0.012760683564049705,0.9533642164854881,2.1643054407571745,1.02229886999107,0.4802908645595404
217,IAH_classical_4mM,1,0.33220349938277277,0.631297964604407,0.003396771409539524,0.10565533711052218,-0.006545935935572954,0.2946378319787022,0.6047604074981239,2.1793452470553585,1.4302772443135117,0.4487599600731596
218,IAH_classical_4mM,1,0.8937415626885528,0.07378151248563874,0.0013222059281012295,0.10964906385830077,-0.003997007407872201,0.030997406546843857,0.9254824232948033,2.1969925281083755,1.0365012216006793,0.47575460246537676
219,IAH_classical_4mM,1,0.3002738084732613,0.6797916613920699,0.0009656003559932974,0.06897023781445685,-0.010025237013346648,0.35343197880273264,0.5819847261272343,2.398745775677145,1.4521665494934402,0.389388789824468
220,IAH_classical_4mM,1,0.221968735076165,0.7614886382216416,0.0007866360117962048,0.04484421814939485,-0.002980612649362048,0.36645074300646174,0.5631186553245879,2.145117746136746,1.5834361350899702,0.44998223745639165
221,IAH_classical_4mM,1,0.8742768227335926,0.09937516160650853,0.0021434485155133907,0.06318560393353274,-0.0009728576470070712,0.030906886380803016,0.9041965621688441,2.1447409016974572,1.05034202450589,0.48086439648962115
222,IAH_classical_4mM,1,0.45953135324256783,0.5253918582433987,0.006090408777764701,0.03429808826498164,-0.005945733611181568,0.18484339565086375,0.6441727715601767,2.221017653201543,1.3303341374371407,0.4478407647321114
223,IAH_classical_4mM,1,0.1675864169306389,0.8302190534668554,7.319293873713695e-05,0.014439535590185293,-0.0006729685546023596,1.0529408808710696,0.5409064851874607,2.296257676151869,1.6582168549516136,0.3934890989586547
224,IAH_classical_4mM,1,0.7842840126527192,0.08348619048159345,0.050825214753782565,0.17167927920213596,-0.00871255532468747,0.05963887341049354,0.9060452891423536,2.5088473849549286,1.038765760609653,0.4453637818898571
225,IAH_classical_4mM,1,0.903820956400514,0.07804574731877403,0.0008875809544146572,0.05025924942909389,-0.00623855040586481,0.04565870653834446,0.9087447475707746,2.636158286039044,1.035710076392197,0.43754727825172945
226,IAH_classical_4mM,1,0.6918211116267513,0.13279140535160033,0.04949999715743791,0.20484094785725665,-0.007446588324228654,0.06959428908787053,0.8452133468592304,2.814042777590932,1.0584987616831443,0.4144738857056108
227,IAH_classical_4mM,1,0.811243935483857,0.17396886927441924,0.0006284812692544294,0.061606773042317445,-0.005430838590663672,0.05637978610833363,0.8355551833736372,2.326093815771929,1.0876641054568563,0.4563313590160955
228,IAH_classical_4mM,1,0.10317005238537348,0.8216009627240335,0.001384481434411219,0.14648923361166513,-0.0017233993111114372,1.4353961632477923,0.5407005044264919,2.194357169066821,1.5800195530881784,0.42086986200706417
229,IAH_classical_4mM,1,0.6736083337636892,0.17418501044283324,0.007172036122956707,0.2343431656373996,-0.0019258352734608107,0.03973189719464051,0.8415814710462658,2.1227576161877657,1.0897820680885566,0.48084625028261
230,IAH_classical_4mM,1,0.6445339627643759,0.35361225885923475,0.00042842845001511324,0.025018737583839067,-0.004756894509171924,0.13599502330185623,0.7194843474311736,2.3364738647749004,1.1945841082985114,0.4415941082725757
231,IAH_classical_4mM,1,0.3324315942491194,0.6522386836094055,0.0005847142319718577,0.06097785461190158,-0.004734179366316353,0.3688530356687371,0.5992047136952082,2.1474091949580276,1.460316513968118,0.4568912399090284
232,IAH_classical_4mM,1,0.3334433504012336,0.6336566962305514,0.0017169582779977422,0.07605996847964366,-0.0040845300075090536,0.3433018508218797,0.6035172845061956,2.1796527629376032,1.4295009000070868,0.4486784677288567
233,IAH_classical_4mM,1,0.5239142673162663,0.41474311580423123,0.0013125083985569429,0.13273081571095277,-0.02167502353843512,0.27198130336911913,0.6656515575329514,2.829351218248109,1.2048328399385857,0.365419140729213
234,IAH_classical_4mM,1,0.6909208741710452,0.2908001833276908,0.0004897405052720168,0.055709332185487556,-0.0038244060383107177,0.15736130483918903,0.7286070391747759,2.895600509238317,1.136674631000164,0.3860518873249741
235,IAH_classical_4mM,1,0.18354950032204279,0.813507143708346,0.0007037357802167571,0.011192708101015613,-0.00025302893417241225,0.7374481240517776,0.5407406913043441,2.58686391266961,1.5787297242599942,0.3142923490970491
236,IAH_classical_4mM,1,0.8194613354557863,0.17814036090382135,0.0005820892052071649,0.015056830121302461,-0.003330769264364133,0.04912901491066135,0.8392545515602902,2.185888748249959,1.093004365256598,0.4730925139336617
237,IAH_classical_4mM,1,0.8360480229053255,0.15415751746098502,0.0009681194942731122,0.03720875565176224,-0.0010486645935490547,0.07659771854090816,0.8253918404672064,2.944726974821949,1.0689671279148754,0.4064204018995108
238,IAH_classical_4mM,1,0.8881971713945301,0.09183074532051723,0.0017900325943292202,0.07440608535914553,-0.013784708286698998,0.028116679198626145,0.9083101308023329,2.219787885438309,1.0455953878833948,0.4725750636028222
239,IAH_classical_4mM,1,0.4685846605855156,0.5078092038167789,0.004004878321611679,0.07053804598938737,-0.0037168571383477044,0.19093831414606818,0.6544380932939661,2.157978607861926,1.3216169424275903,0.46235837948193
240,IAH_classical_4mM,1,0.7309507972302398,0.2674520709615289,0.0005292038674073736,0.010411131892663244,-0.0012586093384336899,0.07614702134559824,0.7726388379785177,2.2840841030064443,1.1425704697823915,0.4554340258002144
241,IAH_classical_4mM,1,0.7149882680078061,0.28037823730776373,0.0001590212404594625,0.025275472154461857,-0.004243142681257684,0.09262872613346027,0.7581088589278011,2.4054013264751037,1.1459779855207128,0.43870424629946436
242,IAH_classical_4mM,1,0.6132016555563056,0.37598715853101655,0.0032845633301441042,0.035837725019336054,-0.0011772293308493394,0.11450924359006696,0.7086675401288371,2.3151179932691868,1.2104379198568027,0.4426691096640995
243,IAH_classical_4mM,1,0.9659847863974503,0.03294766564997316,8.442410620867744e-05,0.01051569155348947,-0.0014339653312168649,0.015973445142906106,0.9650757185301576,2.204089393548037,1.015980117520852,0.476652563101901
244,IAH_classical_4mM,1,0.9550699455301827,0.040484083608077134,0.0009122068284283246,0.03452914681608164,-0.005599378350476024,0.015564682793537198,0.9566703050821244,2.2487836559046444,1.0195243772032527,0.47196543849505945
245,IAH_classical_4mM,1,0.06239504124861538,0.059674420590456044,0.2192375183182096,0.7059057384719415,-0.001030209898933066,0.27359835166977187,0.8628900616095637,2.590837694003736,1.0198835249967526,0.3878163523389223
246,IAH_classical_4mM,1,0.5711763853162204,0.38705340567290397,0.014245896930787252,0.06484426545616634,-0.007445756930552103,0.10251778511857786,0.7130374293083163,2.100443136761396,1.2285244623593912,0.4790453591442435
247,IAH_classical_4mM,1,0.10655161473319893,0.033814516578385356,0.06768729302004667,0.8475121956769675,-0.0011801136273554382,0.12898289130017832,0.9298020616468844,3.070589664288068,1.0121244815430015,0.38257259833847546
248,IAH_classical_4mM,1,0.7517476713589925,0.23850266326356787,0.0006561937117947395,0.03712475285218037,-0.0012929343953352209,0.0856063077309567,0.7908700528849234,2.2945616993139564,1.1248985764938808,0.4558299523869389
249,IAH_classical_4mM,1,0.44095860934783043,0.5489773928925792,0.0022609343815780626,0.029796458864037617,-0.00043327163802784046,0.26187438609591,0.6093410869243839,2.9394114481331495,1.284991394379365,0.3269777482978822
250,IAH_classical_4mM,1,0.8974148296727338,0.10175317989926042,0.00042225470900070374,0.0066732969704703755,-0.000536510874524685,0.02179597134911585,0.9042582531876205,2.0906705752485704,1.052344176102637,0.48760530380393113
251,IAH_classical_4mM,1,0.6685978688945102,0.28834207065236545,0.00342361362492425,0.10494746352303341,-0.01176182701881668,0.08918986628736998,0.7668467774093176,2.142103525448511,1.1605668047939155,0.47484968916189585
252,IAH_classical_4mM,1,0.7044546963050314,0.2901940797554999,0.00041487540174163815,0.020866164014910704,-0.0004257496451752566,0.10769733526743677,0.7307346632542014,2.855072143254581,1.1376582562115938,0.39040558093263755
253,IAH_classical_4mM,1,0.47991166031410526,0.4716095400313387,0.004625231877630631,0.08983099508656221,-0.006214511423301905,0.18062435659470263,0.6724960326934878,2.080766692358712,1.2926309047757614,0.48070738776551103
254,IAH_classical_4mM,1,0.21865467280002027,0.7746199764252681,0.00026351801794146897,0.02786900955820749,-0.0006805819246635932,0.4848438674061994,0.5577096270857672,2.2270064745909157,1.5920580447317292,0.4232758522646589
255,IAH_classical_4mM,1,0.3683968894764064,0.5481527349024569,0.005666216351867925,0.17604171672282595,-0.01953378964744448,0.21034669831829905,0.6359825240464532,2.129075173443394,1.347962177370267,0.46526483950841485
256,IAH_classical_4mM,1,0.2571777267184405,0.7229081998686051,0.00261071402514073,0.03957704011879367,-0.0006894277628856474,0.5200666825278727,0.5708456726735666,2.288077380756386,1.5068763622876995,0.410806533377371
257,IAH_classical_4mM,1,0.19969877210037562,0.535691137387313,0.08252497741155997,0.33840295466898257,-0.034296576659089896,0.4768603001461413,0.6205074198666449,2.297570174158428,1.2764788048328952,0.40948129588752485
258,IAH_classical_4mM,1,0.2082430562891731,0.08311464302585087,0.18307886732824732,0.6345273989185899,-0.010218580445445016,0.12927096353052983,0.885398596396724,2.5237412277638227,1.0336834894889313,0.4244081930380894
259,IAH_classical_4mM,1,0.14703959383235068,0.8512898063885533,0.0001157528355903507,0.009927788539343079,-0.00019314601452637977,0.7377825910263142,0.5351902984090688,2.3082180663664404,1.688371928482295,0.3856020067732288
260,IAH_classical_4mM,1,0.4207362550091599,0.574836075565694,0.00035874349612143264,0.03770235395488402,-0.0030723892613887765,0.2110229158317469,0.6331968868526995,2.036049620917884,1.3984708777762016,0.49017149991753406
261,IAH_classical_4mM,1,0.9106361399482494,0.06068628850690848,0.00675190932575956,0.07104878676434358,-0.005076337577269848,0.033264482373972254,0.9350209207184029,2.310058726489425,1.0291590192774536,0.46506696799935676
262,IAH_classical_4mM,1,0.5042324553704502,0.4871674055507218,0.002200953351944625,0.027039438400851146,-0.0031628787257897474,0.23390090896453683,0.6389344097381324,2.736717452450973,1.25862929976242,0.367086744376776
263,IAH_classical_4mM,1,0.8671031529123376,0.10741216143113212,0.001157145966910602,0.08946327157781413,-0.005792634768540774,0.03157716205776069,0.8885046870252897,2.383510252900725,1.051909482457129,0.45510681203868675
264,IAH_classical_4mM,1,0.31298601151213595,0.6718507450254717,0.0010442252516914545,0.06213214612364775,-0.006635495627802621,0.5570733649385825,0.5768009945206952,2.7034034009193895,1.4040553907616466,0.32926164011351783
265,IAH_classical_4mM,1,0.38376842971268965,0.5669944928313888,0.0038860084140162295,0.09383900221278996,-0.0037875813086076632,0.25176199573119507,0.6119111748900758,2.6038773424964785,1.3186555699690066,0.36639255342081123
266,IAH_classical_4mM,1,0.4705587493544118,0.472886091555635,0.00717909930119827,0.11661148222514427,-0.0038560069243987706,0.19424898243840624,0.6541833815969937,2.465379776998849,1.2635542846216303,0.4054479206486916
267,IAH_classical_4mM,1,0.6410819741393459,0.3504741278011043,0.0021284696764523473,0.038748610678444054,-0.0016678797139353578,0.1806842673720909,0.6974927522976254,2.84084359366407,1.1705537522971778,0.3808896337006098
268,IAH_classical_4mM,1,0.12613154602597734,0.8550416608000831,0.005981515840535244,0.04489017047367754,-0.00635767375997282,0.954654049408147,0.535328922931987,2.1853006087359406,1.7033759073335584,0.4265122273200434
269,IAH_classical_4mM,1,0.3407127429428057,0.5819589627300328,0.02407569947783176,0.10615820609649487,-0.0029633251027904664,0.40466126677035164,0.6030991292022071,2.650260996096918,1.3115407027694372,0.3511700999739679
270,IAH_classical_4mM,1,0.34198320732328813,0.5620303215540595,0.010903324214034149,0.16857533095607194,-0.015784675596827526,0.28726872648888113,0.6215409170300247,2.3090845791526875,1.3315804521458947,0.42023280467633345
271,IAH_classical_4mM,1,0.3457883409846671,0.35190827281947085,0.02585646768099736,0.39947018234313125,-0.02407921085318418,0.20211835683207738,0.6862135127731264,2.681525396497949,1.1519283149800466,0.37210363507583494
272,IAH_classical_4mM,1,0.47653822622230313,0.5013348729560213,0.012187656186853702,0.0271909821465706,-0.0016226123003856402,0.2932839664932965,0.6399569287941497,2.5368996454325305,1.2800642950644328,0.3922075445131227
273,IAH_classical_4mM,1,0.9316689045549044,0.05650587338542686,0.006126616038764242,0.044453919176790736,-0.01148173883949334,0.02534895660434463,0.9400737744699772,2.2734266365419455,1.0273085022400266,0.46880777115079175
274,IAH_classical_4mM,1,0.8622274192619495,0.12587250496068428,0.0044691059277681255,0.042995859220871964,-0.0066395154313960494,0.024384176249972005,0.8863204449747033,2.0425161560086837,1.066364073240146,0.4937770760063838
275,IAH_classical_4mM,1,0.8510096928666215,0.060258026472274885,0.03953706695945726,0.14815367709566846,-0.011823671275012692,0.03136978565520903,0.935505177297983,2.3009191950711116,1.0289462606043789,0.46571536001222513
276,IAH_classical_4mM,1,0.09198844621391881,0.8487262731204188,0.005680384276974616,0.11385108277388457,-0.005705528729106844,1.5893952468122827,0.5346176770830374,2.1489059989345622,1.6241438902488496,0.43732486445991686
277,IAH_classical_4mM,1,0.51713512348261,0.08222815661275087,0.06975038864824412,0.47990519723785385,-0.006457477154782479,0.03755865678426972,0.9134481370560736,2.1857376808177196,1.0393779287847087,0.4747270590646862
278,IAH_classical_4mM,1,0.1541694372871347,0.471357230245112,0.05895671443049121,0.48985941448116116,-0.03670355259868415,0.5338130163267132,0.6326641549155362,2.53839957218857,1.212646916850764,0.3441841117242482
279,IAH_classical_4mM,1,0.5909663877557857,0.40564945954187154,0.0012603266286153037,0.022979543660727596,-0.0034868015229809093,0.12932093415320572,0.6836450719661983,2.5246194448412425,1.2183763337318463,0.40927312302791374
280,IAH_classical_4mM,1,0.09632460537311066,0.9006289057313728,0.0006245657939499823,0.028835449013599718,-0.006063087431360509,1.2976333321824436,0.523933641609954,2.1962697314206583,1.7914511089116,0.4180515618767499
281,IAH_classical_4mM,1,0.8851613431281761,0.10861162226764585,0.0013906081642685664,0.029457836226405434,-0.0032321693176053275,0.04567337433868452,0.8867025000931649,2.4044194934098226,1.0523334430407887,0.45323805494492597
282,IAH_classical_4mM,1,0.8038447726531173,0.19403002917040382,0.00023367265982409766,0.012816833740184027,-0.0002733696397288713,0.04478414058050265,0.8269053844896573,2.1993499667059417,1.1017761060568128,0.4706762182600289
283,IAH_classical_4mM,1,0.1270067136712636,0.7733907808676552,0.01626201686121301,0.22347727458322733,-0.02379716563043084,0.7244259347623291,0.5543938055624756,2.263256805726533,1.5508888312993414,0.3999179562566938
284,IAH_classical_4mM,1,0.7454909374011961,0.2537642881438131,0.00022884382443678168,0.007238139956755696,-0.0009768697750761777,0.09073957872549748,0.7755645814762495,2.3950931221629133,1.1307775100774142,0.4424281832158012
285,IAH_classical_4mM,1,0.31073740972661035,0.2931185415520709,0.07842989589856822,0.4478014546478933,-0.00236950514840242,0.23523586019805084,0.7215208931349878,2.438095639770871,1.1256876747274869,0.41203369669152484
286,IAH_classical_4mM,1,0.761549136447888,0.19888220300699613,0.020296799827831016,0.0997674107776869,-0.022039250933284467,0.06577535608954618,0.818556942176282,2.289108581452363,1.1020999622331091,0.4586708071426787
287,IAH_classical_4mM,1,0.8828849569497995,0.1100802567945891,0.0013602797182981883,0.03583433113129765,-0.008376420196645983,0.03157980188401604,0.8879659269710506,2.3343647441124937,1.0538123399329142,0.45979153575159715
288,IAH_classical_4mM,1,0.45934299888284924,0.20338151059486181,0.09433125003774408,0.3306869955629358,-0.0035386828091626935,0.11859389582251202,0.7710031753915657,2.7610473990106184,1.08152962081789,0.396654287086916
289,IAH_classical_4mM,1,0.7230215276225357,0.13164560990353913,0.021295682306112874,0.28279742689326703,-0.0297095589902861,0.04189310576464944,0.8667850173599008,2.3676557426551206,1.0639407794200733,0.45345802497314713
290,IAH_classical_4mM,1,0.9402811599950984,0.049538742443825064,0.003989851318982458,0.04278671606074072,-0.005904238537314026,0.01572124644644565,0.9481541006574901,2.2193724374881403,1.0241306497375593,0.47444865211834536
291,IAH_classical_4mM,1,0.6061414482528029,0.3898364130326669,0.0017809592770363619,0.024946533598246945,-0.004619918128629152,0.10714391532144019,0.7193156651796464,2.002428809414121,1.2418560991229664,0.4994754726096352
292,IAH_classical_4mM,1,0.24364477462986642,0.6100451134618438,0.002488003886248978,0.251341545675396,-0.018886238886454833,0.5385986093419389,0.6021528923556361,2.241313016129102,1.355135313871251,0.426581500876067
293,IAH_classical_4mM,1,0.4909696732323811,0.49489569429479924,0.0022832325543920176,0.03469966170779313,-0.003816755303595023,0.16981852009574958,0.6484682145236738,2.4101868127915678,1.2882651392675741,0.4146604479552495
294,IAH_classical_4mM,1,0.6629737003218736,0.2846765321986441,0.010061034040413997,0.12584168004823382,-0.021382375402116224,0.08029191705224896,0.7721864752428651,2.0864090052171127,1.1606423360374314,0.4842609908395154
295,IAH_classical_4mM,1,0.08707140789939864,0.881431206994466,0.0026113302351293086,0.09916582758000712,-0.009637260729786561,1.3338483048602623,0.5267361821859775,2.3608384347313107,1.721087712874467,0.3531204843199287
296,IAH_classical_4mM,1,0.8833722532342279,0.11496717221275876,0.001057966368907054,0.014080975470649935,-0.0027100839238559825,0.03431249988139308,0.8817890629145717,2.3835343285886292,1.0557770112886857,0.45474281217108264
297,IAH_classical_4mM,1,0.756475996010993,0.18163962115491744,0.01153987080500847,0.08915201431757253,-0.001491663766664777,0.03618742337317253,0.8395520817299296,2.0973189231138103,1.09602041586425,0.4848499730057276
298,IAH_classical_4mM,1,0.2584369821975774,0.6669323471752544,0.0019809973843822157,0.13163853359347297,-0.007631380079146804,0.45158905661383025,0.5769407639654044,2.6314618825274585,1.3796570833291146,0.3326754065481402
299,IAH_classical_4mM,1,0.33539613715108735,0.2818747954090666,0.11905882246917186,0.3628713414467132,-0.01895517850069605,0.16649193791413736,0.7249524541934137,2.3791325548318105,1.1146066108588952,0.42514071878643706
0,combined,1,0.8546387232632778,0.10240528314467634,2.3235542405417897e-05,0.052407174405316045,-2.4937208423614236e-05,0.04246489966660008,0.8994687922841231,1.8935206693701057,1.051251294734305,0.6101586509791096
1,combined,1,0.8299504737192338,0.11775033583141988,5.562175497977148e-05,0.05175273100660965,-7.084213941060795e-05,0.0601976335558704,0.8843222130599652,1.9193208832240993,1.058684870496149,0.6103101456380314
2,combined,1,0.7091816504934133,0.16119547491039551,4.906189129366972e-05,0.14242143995065928,-4.9389340585447456e-05,0.07189072026698172,0.8486691002099057,1.8482289936890204,1.081733792402059,0.6375697283611369
3,combined,1,0.5091995528425343,0.3832574027539744,2.0565184361561584e-05,0.039721628619397986,-1.4386976255279205e-05,0.16322295861284078,0.7138551815672383,1.9557667123802718,1.225044207669404,0.5615552649277062
4,combined,1,0.29926264332119884,0.6274997432590528,4.336147272481974e-05,0.026812749496493416,-1.3291884714265036e-05,0.3499678437084214,0.6110294709793005,2.0315010957102952,1.4425781529941215,0.5026947263480477
5,combined,1,0.36618597063884956,0.5302316454475147,6.938660542505716e-05,0.08703889022047478,-0.0002606154979076516,0.29644789488767015,0.6479247681316803,1.9865465264370492,1.3452217980985244,0.5279676232315105
6,combined,1,0.5363077168417819,0.3436665898263264,1.4871549031086382e-05,0.04426352637689106,-2.01906828344836e-05,0.2134670570060973,0.7309742172961933,1.9837977111145735,1.1920654260276882,0.5675952214843175
7,combined,1,0.22922369193873401,0.6573616952292913,1.6285014348788665e-05,0.053622996561892636,-4.632753035706801e-05,0.6082654311411543,0.5964070283104148,2.2350462594244465,1.4481719728736642,0.43475616584187377
8,combined,1,0.2677563163611286,0.5400951344155296,6.130481599457342e-05,0.16798056812916282,-0.0002622521581689787,0.46717053223034566,0.6340823109094517,2.1921084590283133,1.3176751331970202,0.4728798828871088
9,combined,1,0.39685550031194605,0.49015510151126956,2.6504840702416888e-05,0.04877643425611277,-3.024207886350164e-05,0.31337357129225474,0.653284028133568,2.2837026715919078,1.2837994985160288,0.4637880472611488
10,combined,1,0.8694113915514239,0.08315418786894768,0.00015842033966413413,0.05832378751653415,-9.438064981009262e-05,0.05445850539442579,0.9157481185433122,1.8882217462364614,1.0409840262482355,0.619633242567761
11,combined,1,0.28216925571563933,0.5733232682994649,6.314800098432269e-05,0.11977549873275654,-3.0527142851929797e-05,0.5187327222439745,0.6241812456690077,2.2544834796294304,1.355331311962795,0.445409836347557
12,combined,1,0.2714208103482408,0.6550794031748746,9.442694254207488e-06,0.011067293567095907,-4.0527468638838504e-05,0.5308503803143183,0.5984944814469848,2.135828720696009,1.4589839097258994,0.4672677710181734
13,combined,1,0.7843940586034709,0.13719473571853544,7.133819266581904e-05,0.03702261194385665,-5.1435258893253625e-06,0.04903584945871024,0.8773005389515467,1.652708298287182,1.072722611137777,0.6836013591978853
14,combined,1,0.45492276192320613,0.3737128140886281,0.00025713657880431365,0.1267047146422262,-0.0002829734900178341,0.3043191464962417,0.7164355558698455,1.9475394458225288,1.2144883294741433,0.5754480921518488
15,combined,1,0.7641367663014887,0.1898625635189874,6.831261055696929e-06,0.012173851647003228,-2.430208312758084e-05,0.11556678020618848,0.8155437019402055,2.25519897078339,1.0926941606234075,0.5292008756416737
16,combined,1,0.894251040527619,0.07758111698945268,5.407406274393362e-06,0.007940751710697594,-5.751027846513144e-06,0.05029492362395577,0.9191134697409802,1.9544900641362644,1.0376687356126306,0.6062776568389843
17,combined,1,0.5147300778543936,0.3836553693788671,7.224117893922606e-06,0.014664579558571006,-1.7467630070729813e-05,0.16805858082568476,0.7213227195492535,1.8115052474983395,1.2352137484845773,0.599959822337793
18,combined,1,0.8035059086085601,0.11502368490287809,0.0001370195957375553,0.06055649593762616,-9.354478226931098e-05,0.052740411923564885,0.8890844613488625,1.7364655809625351,1.0580505345030813,0.6760439401773943
19,combined,1,0.8257887475756606,0.14109164569723254,9.980330010766655e-06,0.02029679758196161,-1.0123367655888748e-06,0.0649670642375557,0.8670136680439382,1.997162962074775,1.0719433319464944,0.5636368682545475
20,combined,1,0.6208324131420476,0.30114094481238446,9.135802155963757e-05,0.11957066618416609,-0.0010113555996565796,0.08357852337064683,0.7613276868952219,1.9509706962808842,1.1707582864542005,0.5565648578458694
21,combined,1,0.3208444886229252,0.6109448687208726,2.5752182684259867e-05,0.036486709376533644,-0.0002388307503913613,0.41757557759064684,0.61645937165803,2.0287766211096057,1.425094410617953,0.5066722845555158
22,combined,1,0.5483922801283109,0.3718402269634055,0.00011453591487656205,0.051813543075259004,-3.45773843096558e-05,0.18100746118613298,0.6944862156682768,2.548681226947703,1.1865266165832413,0.44428983353270723
23,combined,1,0.33762997207547196,0.5149819331635382,3.3369701425508877e-06,0.017946486480507885,-1.2011913123657266e-05,0.35500265728172936,0.6553258672111678,1.9400741574076927,1.3338647218022075,0.5525634920172505
24,combined,1,0.4473609515998071,0.45039772353965235,1.4345344571067533e-05,0.039946044196876244,-2.2206317932008384e-05,0.3916072458391796,0.6662588628227378,2.374117349204237,1.2470285803852004,0.45525908451161073
25,combined,1,0.5643019780962201,0.35094388478170785,1.101751955456671e-05,0.05818219736827377,-7.245006844190244e-06,0.11964500811260566,0.7355666697692033,1.8853855101773187,1.2073774562100843,0.5766230200247446
26,combined,1,0.49525337542485776,0.4196202044510602,0.0001173370273951573,0.1250045746825781,-0.00035378619298497927,0.18218839478697887,0.6926014810422451,2.090232647193355,1.247749475595815,0.510478536327994
27,combined,1,0.6604202189490352,0.3070699755008709,2.0120050469201078e-05,0.023956145815300627,-1.9049072409132425e-05,0.13897008728432164,0.7466515627118241,2.22292054821177,1.165382183596422,0.4885050419527079
28,combined,1,0.42810733723342714,0.486422080799834,3.418275233642776e-05,0.04556378229461662,-2.6921340398204817e-05,0.3896455992268524,0.6517855976946538,2.3546114537790004,1.277975414733293,0.4478463515820797
29,combined,1,0.32894442181096367,0.22872517484387922,0.00019436294467706098,0.5262451094373426,-1.775161381251509e-05,0.19937501636003957,0.784016801590262,1.9364935464820914,1.1074136463836664,0.5818258302021796
30,combined,1,0.77248892493769,0.13990680367977504,1.195215172554131e-05,0.014580342369892538,-9.765563322423876e-06,0.06377394015165783,0.8678291719426743,1.7684198996533078,1.0711689332751835,0.664770943022028
31,combined,1,0.4582616012672604,0.402708722854295,5.3253466648832145e-05,0.03798878263987933,-8.764707613554695e-05,0.28515182629888197,0.6999742754920892,2.0343467700054427,1.2313658006274242,0.5463970054802989
32,combined,1,0.45203344396053197,0.38699647228750195,2.873456591859877e-05,0.03125813681165566,-3.378298902511266e-05,0.22867246683463355,0.7225994388614184,1.6866130692853798,1.2416071819999044,0.6518948906080327
33,combined,1,0.15662687819321058,0.7367463803321522,1.5303718076353843e-05,0.028508342191982183,-1.6872582480258515e-05,1.0909805225566689,0.5741896099069873,2.1154527755241213,1.5632542997715266,0.4577180333498971
34,combined,1,0.1125618920787614,0.7629656850487461,5.3045708018951686e-05,0.03752867939386707,-3.347519478214429e-06,1.2801886363957904,0.567010265146461,2.1152585530632253,1.6029861402489456,0.4503569351430419
35,combined,1,0.4634908314776348,0.28652177176765914,0.00010674832645593115,0.26182205429128147,-2.13518420603361e-05,0.11983397054754354,0.7628083470903092,1.8345870548347931,1.1521212030495882,0.6157080901790181
36,combined,1,0.37688488085001837,0.551756119908413,2.860314364493312e-06,0.01315622233941039,-2.0606627085877453e-05,0.2817813066612023,0.6460366708074206,1.865449759189027,1.384550951563595,0.5612006862531426
37,combined,1,0.5461732711329093,0.2845910721626613,9.592973371002795e-05,0.11235588872866134,-2.4107675813299482e-05,0.13217200873094903,0.7747480179238143,1.705241437416697,1.1624617932797519,0.659519798431253
38,combined,1,0.10701509293784231,0.778955141615551,1.4556914151232001e-05,0.01095882260662366,-9.451971607775711e-07,1.0698900127856175,0.5633415821164391,1.904972593617423,1.6439051498644823,0.542682184139014
39,combined,1,0.48043611547555726,0.4447353029091443,1.9809784537536884e-05,0.03875545754179178,-4.07468914899722e-05,0.18153830685114397,0.6910290368947174,1.883668650848389,1.2837894750324705,0.5628946121191102
40,combined,1,0.22680888108292657,0.6752639617822758,1.9947913999325475e-05,0.024798913160064193,-1.9957030703675583e-05,0.7392669450594636,0.5869938860498976,2.332128565219661,1.4543036973243646,0.40849672364692063
41,combined,1,0.23191791886405455,0.6573732762799908,2.9273142144768608e-05,0.024174025010634995,-2.134949727008969e-06,0.4624109367832226,0.6007239125115396,2.00433280608193,1.4762303997085662,0.5125137284465869
42,combined,1,0.6295312111965571,0.277266633001579,2.5063365743896344e-05,0.051407552225702986,-1.8631460825355965e-05,0.15599808787467587,0.7588030171592461,2.152847945438514,1.1414449902929813,0.5497329912844892
43,combined,1,0.5131447003383423,0.4285629850941983,4.956580625754221e-05,0.02785372536106505,-5.78281773995902e-05,0.1601308137634966,0.6857957649901502,2.1544064202142614,1.2508186285070344,0.49471163882414043
44,combined,1,0.6498118842778298,0.23484899593918807,6.850694481859998e-05,0.07199471661334238,-0.00014016966034030164,0.12245181342968238,0.7877997968401131,2.06905179447601,1.1186208545152507,0.5782888871986305
45,combined,1,0.20340174723458593,0.6033261434840116,4.1462638601666966e-05,0.06193636863451657,-5.555184736783785e-05,0.5887868905072438,0.6237950168053794,1.8841899668277629,1.4265923312104898,0.5596544731173121
46,combined,1,0.6366588069408509,0.2892389896031522,7.1939005198446356e-06,0.02553008113320235,-6.0780687983985375e-06,0.11567118856426296,0.7711984641048494,1.8581426677719195,1.1651526799239302,0.5896635845636701
47,combined,1,0.25896444323191053,0.6326162043366819,1.46934941862839e-05,0.014545000922136373,-1.9294431837832676e-05,0.4250539568834757,0.6115450440218673,1.9278659875293611,1.457668815364148,0.5413426437274533
48,combined,1,0.3793608453530156,0.5236232893378467,1.2874163440490306e-05,0.01945076912956868,-1.4316805076487385e-05,0.35824868990564473,0.6409467622684237,2.2773811385802234,1.3127133074179675,0.45659301824808585
49,combined,1,0.23649770077427987,0.6019415262526053,8.756155979229073e-05,0.1599720552451757,-4.752421926137824e-05,0.40784043423902033,0.6154074013237937,2.0245685107616196,1.384823620238209,0.5122446634105612
50,combined,1,0.202613292610358,0.7085764543355634,4.703873166210371e-06,0.015421643338569175,-2.0376016299009314e-06,0.7724896629458182,0.5812144654322009,2.1930503135225603,1.5146915236189222,0.4371908727573917
51,combined,1,0.6750111030605573,0.22337482236969253,8.830372098831576e-05,0.1281266507117582,-1.9307075608534028e-05,0.12487166736026387,0.7833938942407319,2.435640403859123,1.1063583737631961,0.4947152988522149
52,combined,1,0.5210818924629348,0.4296136343455234,2.525714839140112e-05,0.03496078022521457,-0.00011692354162080969,0.18269481570228982,0.693273433060343,2.013765877796816,1.2640388439715646,0.5212453682589887
53,combined,1,0.4082179419394613,0.5221355722941471,1.0818453968071385e-05,0.01590053568514435,-7.297094827407006e-06,0.24956690367605486,0.6575374218058055,1.879507213483787,1.354336618656779,0.5581053356229152
54,combined,1,0.835549688918827,0.09626042060213567,1.881152006613897e-05,0.06782824963118453,-6.461364121567558e-05,0.06649423432385695,0.9036146368215019,1.8543429585958864,1.047636638880864,0.6351251166135576
55,combined,1,0.5574221798457851,0.3254727854009779,3.201393204769603e-05,0.029510939883050948,-9.02612774522021e-05,0.1350304115219133,0.7518467439735761,1.7704612231557577,1.191544848231455,0.6247235224245508
56,combined,1,0.3537931043874573,0.26289649042846563,0.00013165859732523348,0.35376746586059765,-0.00040945500963694356,0.18079424265753735,0.7785998655427745,1.6050357899537442,1.1371496282002411,0.7116946142158737
57,combined,1,0.9170467854664196,0.04677150648659581,4.3242300869968935e-06,0.03168444277674657,-2.3363645002324175e-05,0.03019194636717801,0.9523499742870792,1.6860368665235794,1.0231085268024296,0.6902542860456987
58,combined,1,0.3762770249864889,0.47276553120981407,2.157108339006578e-05,0.09902794433340686,-9.850380081078788e-05,0.21840535818025483,0.6721111534411625,1.9445582966246289,1.2927591857600416,0.5544731100534428
59,combined,1,0.43746309636176034,0.4445427599453594,7.120537872805591e-05,0.13159439121444683,-5.0221668736406365e-05,0.1694509713292834,0.6845379851411341,1.980870847974179,1.272113716308861,0.5402222092502648
60,combined,1,0.2643129898450168,0.635135162952273,2.9822571130453474e-05,0.030776516853520463,-7.379949744915742e-06,0.46345208851223246,0.6101397397622301,1.938663447946239,1.4592093815759013,0.5376428277153308
61,combined,1,0.9639871762084782,0.020048817650653982,7.161433279557218e-06,0.01565805195483085,-5.603689642916383e-06,0.022039053171141635,0.9785372211513945,1.662435362412569,1.0096897242872325,0.7101589001208543
62,combined,1,0.5066223642664042,0.41468211920547443,2.5012215288200218e-05,0.06189751383232508,-8.699523310678132e-06,0.2196808699563578,0.6872800322308057,2.247590855983959,1.2327268139571494,0.48060830882409455
63,combined,1,0.42764623361951565,0.4419663970438159,1.8312751095292583e-05,0.04892848232430332,-0.0002158629159746352,0.26909579342952206,0.6749093150166539,2.2317960712981857,1.24914430528041,0.4896460364375038
64,combined,1,0.20915943962590292,0.6984565676491371,4.685126335043556e-05,0.037805996439348025,-2.3678854200357755e-05,0.5008149786569779,0.5894474997156542,1.9251343417261406,1.5371057831551098,0.535168902212802
65,combined,1,0.8107603300686964,0.10170672526017777,1.537394432218933e-05,0.0605275712133264,-6.948475254940968e-06,0.07316469289431564,0.8939297196194922,1.8645988105299924,1.0489786662855456,0.6595523251743322
66,combined,1,0.6786234032436914,0.27044143927993763,2.382624236397397e-05,0.04516395561467897,-1.0189996225212162e-05,0.11737721835906728,0.7483188175313383,2.585812292634755,1.1292366718139322,0.46001305167747014
67,combined,1,0.409359524912781,0.44340955598339593,1.5555369525415363e-05,0.040469747934433566,-1.3258016928098902e-06,0.30262471805852864,0.6856035756870774,1.94613116392728,1.2694268072902504,0.5609912977016611
68,combined,1,0.7463677023796597,0.19949210841881745,2.413844696643754e-05,0.028398503251792346,-2.4927752213176364e-05,0.12509315630302517,0.813033893402294,2.16057535419006,1.099898597998143,0.5414139257860678
69,combined,1,0.6506608011928393,0.2637157910944575,2.3638574323250265e-06,0.007619412594358225,-9.049092900669671e-06,0.11720067224892354,0.7845872519074754,1.8547176547190953,1.1467271506884553,0.6016660953775712
70,combined,1,0.7474646284074021,0.06508685763719207,0.00011578548024421831,0.23248802979677266,-0.00012853195586698607,0.06071920619872903,0.9258107581998634,1.9528276342130744,1.0301498709771701,0.642043587864431
71,combined,1,0.2138742035866352,0.648337753403454,4.9705818767975185e-05,0.0314172132089758,-4.687600188673559e-06,0.6777395172623568,0.5995897945812315,2.3377515818440266,1.4264030958872451,0.4009577876693119
72,combined,1,0.3082259263750443,0.5476840034301895,0.0002078827854137826,0.1487081060140421,-4.556209056753367e-05,0.27540835698891625,0.6414363555982383,1.979407153466216,1.3582708969799835,0.5274428767004138
73,combined,1,0.219049507539651,0.11593909174926728,0.0013917546359148328,0.7333700382435879,-0.0003325170385315979,0.2597564505286338,0.8485290387902087,2.1028316798516196,1.0460840809146437,0.5487864886345681
74,combined,1,0.6386467868228173,0.30197792339383267,4.011570404267223e-06,0.02290378468024518,-7.117166592897235e-06,0.17169772904382466,0.7271276365014658,2.6244104404102977,1.1437454911076108,0.455856256227954
75,combined,1,0.3730201072705867,0.5267616224367938,0.00015461043038039518,0.04627118375159486,-8.130204464092459e-06,0.4493643472613306,0.6328923207676804,2.522605168907108,1.2916700337998868,0.40401290304303245
76,combined,1,0.13170368452205736,0.7756881864229254,2.7634175950988022e-05,0.03904467135298764,-8.96106456763526e-06,0.9018742599812386,0.5636715144952936,2.001319318304135,1.631182500127855,0.49901328602147027
77,combined,1,0.7956954979112519,0.15586515484370328,1.50379570851313e-05,0.018923093585008623,-3.3299802917401015e-06,0.09314989505715694,0.849712363358054,2.0309994865137098,1.0777568747729653,0.5793599355237146
78,combined,1,0.49121424164520355,0.392982575753675,1.1007807215762435e-05,0.031341850883958425,-6.0537037409995e-06,0.22235661414207342,0.7015392279700603,2.1085605208644087,1.2214976322148214,0.5274679817502493
79,combined,1,0.5987956795240573,0.3036510152828319,2.227954322230061e-05,0.03826694662692796,-2.2092413528542092e-05,0.11281600228818793,0.7661224711374898,1.7712918657975332,1.178071673140767,0.6178759199142833
80,combined,1,0.19748839468177004,0.6380063109397065,4.985990168522061e-05,0.03289924783869839,-4.076543964679499e-06,0.5854751831245206,0.6096295455312579,1.9865185539606705,1.4577071393257348,0.5160595506040382
81,combined,1,0.24725644268985755,0.6275281222105521,2.1752097422331705e-05,0.01941924362698825,-1.8003006413164704e-06,0.7083360645780774,0.6084360818936085,2.1925359688039494,1.4207680584751265,0.4507285482597732
82,combined,1,0.39780177289123025,0.5278593640844469,4.48893599207676e-05,0.033382575878606456,-6.142102222266939e-06,0.2258198096886782,0.6445674710032175,2.1236573689159606,1.3336186325779726,0.48957050739676905
83,combined,1,0.7452034222034613,0.21240887439981312,7.700386204273744e-06,0.008583462336009658,-5.884366031413754e-06,0.08165917071293617,0.8005915514160906,2.2561207039772224,1.1055014452917291,0.5187121173741421
84,combined,1,0.7869264019314909,0.11008657021859987,7.515908144098905e-05,0.176496546201508,-7.021219041667913e-06,0.0681547011799643,0.8846720731486075,2.054856394575763,1.0527281376044,0.5927174037891833
85,combined,1,0.6416574794577581,0.234198355255023,0.00010886437342100147,0.1848660276189176,-1.467380394341638e-05,0.10581677785907725,0.789259583540732,2.128838541428132,1.1191500035992092,0.5459797017930849
86,combined,1,0.6941870822287884,0.2445801891724142,2.4839289005928166e-06,0.013832119824245119,-1.1780088752405438e-05,0.09465035027965753,0.7884755001927068,2.0472708423243877,1.129213544421688,0.5532786148475076
87,combined,1,0.589454742020818,0.3411669414944432,2.7630906012203573e-05,0.05444341009464534,-1.651603580701672e-05,0.12358977672547723,0.7416277092929935,1.9079403103370676,1.2013181691528922,0.5625672875548409
88,combined,1,0.8086620336591744,0.13918072091852535,9.70522471954982e-06,0.00739727728020854,-8.946489786670848e-06,0.08142111810187802,0.8632835930785329,1.9760384405260683,1.0689033443040903,0.6027066584913519
89,combined,1,0.3992580088087261,0.3181333273702025,0.00011334033042174857,0.341159454008865,-0.0003801013588082021,0.20096255748682784,0.7408959487850223,1.9132692019778095,1.167961160769687,0.5804358230578701
90,combined,1,0.5920518702894156,0.2658584879726914,5.2864254227492296e-05,0.15176304998925721,-7.638455098024e-06,0.14630048732753384,0.7644050076411613,2.1697095305575833,1.1337437222983464,0.5512733293700558
91,combined,1,0.5115277867875833,0.3602427283080189,2.5826110856514686e-05,0.03640738754977734,-9.135655584368903e-05,0.25149942912550965,0.7120545303231371,2.2223258264186723,1.1911781014791645,0.5143861520886027
92,combined,1,0.638637287170144,0.3115194108122876,7.860973249918587e-05,0.03834967510473127,-4.725430248471518e-06,0.16719212214076745,0.7388872993355448,2.2883387365776975,1.1636494590916902,0.4871540165830256
93,combined,1,0.5242759654898492,0.27491602178462626,0.00018316101791672926,0.1896128975075223,-0.0002820489572647923,0.126007473427162,0.7660691324542948,1.9196651846003712,1.1414690393137217,0.5967998606096888
94,combined,1,0.33232053879655565,0.5329220983524425,0.00011901115656085283,0.16735297169270913,-5.3283144121633205e-05,0.31780071506021007,0.6445607920403553,2.0332403777878763,1.3414627184660894,0.51400502968049
95,combined,1,0.29780430291493293,0.5827768293214217,7.4023200652713475e-06,0.027126654963283404,-9.211699752185484e-05,0.43835499991370686,0.614417611453252,2.488124719207833,1.34343701287004,0.393774533792116
96,combined,1,0.609642964087089,0.19704523282151148,0.00010680175025904587,0.2549728081734781,-5.7142208790958063e-05,0.10450144256558884,0.8138998982987187,2.0392152802832433,1.0973092997574425,0.582251457393912
97,combined,1,0.7243515482422571,0.21955254727337156,2.9997212928771336e-05,0.08495880751464413,-3.509798192322464e-05,0.11925150901868367,0.7986821003502261,2.226579687280758,1.111008999133024,0.5130140151245206
98,combined,1,0.4822775587394573,0.44249972573677276,5.0297014774013315e-05,0.036601580478953885,-2.452777684933424e-05,0.21294500870919333,0.6850963532609501,2.020942168184416,1.270159331300231,0.5266038311580205
99,combined,1,0.38015961442276697,0.5320494097399749,2.980808949716978e-05,0.04382747379376119,-0.00020758787952356638,0.3170539141513346,0.631702621114202,2.469518057619028,1.3030928428554038,0.412998008184678
100,combined,1,0.05059568583248398,0.7631543371549706,6.745073893708372e-05,0.19632984997420275,-9.544891470803807e-06,2.5590933719757945,0.5672129722373419,1.913008476531683,1.6114358746773971,0.5392375524488471
101,combined,1,0.5595271036662718,0.33999737654128065,1.4309454736380666e-05,0.026604210928980892,-7.925085832662256e-06,0.13646619802672533,0.7377068222190085,1.9072371821934835,1.1950765608024048,0.5834168207993468
102,combined,1,0.3879094616658052,0.4818081725854329,1.4305628576046288e-05,0.04978596493649578,-2.8839073064450147e-05,0.26314255315128904,0.6746782108460734,1.815692769101486,1.3162864580518339,0.593100346833382
103,combined,1,0.08651635285441664,0.8171791915045165,1.6737013747022647e-05,0.03152780418001902,-9.378507619612759e-06,2.116600359416059,0.5502556675433916,2.043376650513374,1.6845260553045915,0.4801034185667256
104,combined,1,0.45024648396046785,0.387937185339802,5.717043309332658e-05,0.1721420573000403,-0.0006535806860928532,0.1659244664711198,0.712046385456248,1.9100804034250873,1.2280749385299734,0.5723641026758503
105,combined,1,0.7025337170232261,0.19314371705348984,0.00011592790804403626,0.1018355722702557,-1.029458053153803e-05,0.1154512417054944,0.8080250424040731,2.278813117888015,1.0918451289537319,0.543726906434096
106,combined,1,0.45608949383617803,0.25869538492803174,0.0002986290047908245,0.3077585291509327,-2.1799373256474583e-05,0.1736008324396549,0.7908703893310153,1.6030024716626003,1.145315640224618,0.7025932364932447
107,combined,1,0.36662026703325973,0.2635734036842066,0.00029658394957011,0.3933528334328956,-2.69265558911691e-05,0.299846818462325,0.767065189888226,1.9535530805858468,1.1308779165418863,0.5978422497785411
108,combined,1,0.7209601135516707,0.21276940844582337,0.00016069127023902834,0.11784222765225066,-0.0005026433512592763,0.10625769307442226,0.7914256252373175,2.469625555600992,1.1014502133801094,0.4850240958029389
109,combined,1,0.34312696643237567,0.5436724699752424,2.057752271001067e-05,0.0814800186015658,-1.8152133185457944e-05,0.5347264704306083,0.6307722629786777,2.3601780651905524,1.3204189027145978,0.4309028101126738
110,combined,1,0.847179705295437,0.11052542585691594,1.119517949317097e-05,0.028235071675041336,-0.00010336464103065568,0.0715575986907614,0.878591873201381,2.23558552208607,1.0515009606451073,0.5619941440858892
111,combined,1,0.5466621531079431,0.3431538183348416,0.00011312628515608672,0.06506620776288148,-1.3725959845296962e-05,0.2093180923597201,0.7124717261889021,2.400019411458705,1.1708715297400951,0.4876042081839346
112,combined,1,0.36186295975718263,0.5419800755212473,6.131392914621103e-05,0.03831061637251273,-7.896027431115599e-05,0.3422408598920154,0.6434231087946861,2.002663323846093,1.3570583119892525,0.5236239839386122
113,combined,1,0.6521030277156977,0.2674818865341488,3.103485644261484e-05,0.03493216855161796,-8.759724434680876e-05,0.20738217812623372,0.7539977516284733,2.4142466888366374,1.1289263630082624,0.5046808389109361
114,combined,1,0.7192555412627754,0.21847143016597248,2.522190970230115e-05,0.06565319691018388,-3.949119913655227e-05,0.12616469706088143,0.7778126288515781,2.643696898060586,1.099883697961419,0.4770334632839151
115,combined,1,0.6150623030363498,0.29425984457986165,9.487311138399396e-05,0.10479602228378308,-5.890477363037994e-06,0.14444092345996457,0.7477590617519404,2.2489639334587173,1.1515570463208553,0.5111103960554768
116,combined,1,0.6101834767500681,0.26003493464275396,2.452163376534208e-05,0.0599353139255798,-8.59335693706953e-06,0.14224751048699547,0.7741341789611983,2.0233194376147696,1.134782223661457,0.5826496115663516
117,combined,1,0.15142283838275417,0.7546552218178748,1.1233351168479735e-05,0.020857598298187865,-3.7858848537525626e-05,0.8360329691423992,0.5675767338631352,2.132751538486966,1.5832176118686192,0.4522071234934469
118,combined,1,0.33685453889032707,0.5078375705648772,0.0004377118025604275,0.13745815960047597,-2.6077319659803836e-05,0.43924933852459563,0.6453467632921371,2.212021469894478,1.2899170424033295,0.47458474851270394
119,combined,1,0.2209447377069834,0.6970124358579712,2.2667858139646516e-05,0.029247430222088467,-1.2980750810529515e-05,0.686941564917334,0.5850641291101244,2.1162253007746865,1.5097704773178635,0.4683031959707266
120,combined,1,0.8478636243502261,0.1089968206596603,0.00011151824365923732,0.04867446976960735,-6.7317150507996775e-06,0.07271706429834199,0.888657417317126,2.0682579638737493,1.0531277736668954,0.56951848974365
121,combined,1,0.7684838589924464,0.18223649288772847,9.0762260762133e-06,0.015927761283948415,-4.586985328017865e-05,0.06146422686169606,0.8371391100175836,1.9280909316898351,1.0957162317927458,0.5832477471022162
122,combined,1,0.5923901334289587,0.29544590258267034,2.4001293057295505e-05,0.036221237012004026,-2.2062766919930827e-05,0.14052981159125869,0.7666238815930316,1.8104688182638686,1.1685229921449838,0.6157990160939002
123,combined,1,0.7352517961357858,0.1796055072687246,5.727733632171101e-05,0.037730998805375233,-2.127834143482555e-05,0.07015816251601954,0.8459286249452892,1.6870305703005033,1.0976660086917662,0.6643165318527245
124,combined,1,0.47600550026045463,0.45124781310558043,5.621203238758523e-05,0.05331332452318736,-9.487921505508189e-06,0.22595601661415976,0.673307022919584,2.1987338548559565,1.2635003883933371,0.48406295530234683
125,combined,1,0.43044325908755415,0.4720223526130759,9.017963256636456e-06,0.021237567434584933,-5.1970332922059684e-05,0.22285703087149025,0.6752305521883543,1.9265442393954386,1.3004036011500961,0.5547996969156026
126,combined,1,0.310916741419503,0.41919237574465534,0.00035656266366766774,0.29156830086985147,-4.658926235027718e-05,0.2839629747957721,0.6811523311756416,2.057540924566044,1.2161755064786506,0.5262058719233206
127,combined,1,0.19670658459646675,0.6863634515249122,3.694906914476221e-05,0.07259149965379622,-2.9092581971523864e-06,0.9755973620250927,0.5874899570455887,2.180040228167663,1.4878511173522804,0.44751373778852677
128,combined,1,0.3386914158836666,0.5116115345413769,0.00023721182082991644,0.10743444766333489,-4.200338908788348e-05,0.3156738372295973,0.6538204073556468,2.0220510128788933,1.3205661847145533,0.5241770985619659
129,combined,1,0.47959062707520944,0.456949559654047,2.4947877996391266e-05,0.04260798749730433,-9.771455052007047e-06,0.18045462807373275,0.6839297925693135,1.9345614616325282,1.2917391787554477,0.5424941876002228
130,combined,1,0.4520874491759266,0.48799840977165676,4.6023247970400516e-05,0.0362105516914958,-2.5530726793401153e-06,0.22087474607384588,0.6595507823253286,2.1627857187984545,1.2974235398264635,0.48324527994607713
131,combined,1,0.10892801889976769,0.7806515054454943,4.496224559394979e-06,0.013329783514164785,-1.2502517073013026e-05,1.0047743405458822,0.560871708602056,2.114019618402069,1.6258506535418042,0.45226856212816524
132,combined,1,0.5321699156040616,0.38698249117167877,1.4476946811825487e-05,0.015827804538413353,-5.686522244949762e-06,0.14980694146682147,0.7111871274632261,2.0028661741285703,1.2270086692347753,0.5431043447198908
133,combined,1,0.33001669066907013,0.5606463890750131,8.998269127989645e-06,0.010345980974625994,-9.221716758290622e-06,0.46416837797627275,0.6329783687623273,2.0918027897379847,1.3642855383774586,0.4971773634877582
134,combined,1,0.16982397012658484,0.5895819716455433,0.00044521937950490884,0.24840539935071126,-4.837287712225162e-05,0.6460890691917911,0.621141479576231,2.02852136448805,1.3736320524083907,0.5027978695799448
135,combined,1,0.34034791425552996,0.5595555479698064,2.5608197020013052e-05,0.06628600710665532,-1.784614172203604e-05,0.25789532728739706,0.6366574789808171,1.9927124237071436,1.374847619996012,0.5252175993183867
136,combined,1,0.41509499043805403,0.514198236386506,2.9272974168080974e-05,0.024154635324357934,-1.736883446532477e-05,0.4386031080853886,0.6377437853150273,2.471658856131596,1.2899680966703695,0.4171677787666819
137,combined,1,0.6939293843510529,0.2502438490476601,1.7364566658418412e-05,0.022525446241991737,-2.8431979952147433e-05,0.11403783722191442,0.7861158012231518,2.0519856116444584,1.1335261516359407,0.5444485067710614
138,combined,1,0.2421645157421049,0.6732193715199224,3.332601527427496e-06,0.017740311101962624,-1.5017464484351336e-06,0.45578550429232617,0.5957438420240518,1.9925094213012524,1.497550346439236,0.5139834572966671
139,combined,1,0.21775064733644822,0.6020003500198389,7.895048336858777e-05,0.16604107846652666,-3.337552110164177e-05,0.5452558014386995,0.618556483384192,2.095060103777349,1.3960307707716757,0.48025171385416554
140,combined,1,0.36708561625684094,0.27282797970295913,0.0006325161700996038,0.4372892072053624,-6.398335726757189e-05,0.18987038888328503,0.7649180211055757,1.8882556797315517,1.1388726895480317,0.5955425247650068
141,combined,1,0.8284762557029267,0.09715387161580853,4.9257310464878435e-05,0.0954033279595364,-0.00024951325659618254,0.08487325603867513,0.8921165040024607,2.1071055714934537,1.0451849501411623,0.6037460651257082
142,combined,1,0.6192957776986695,0.33147730833451317,4.834955933788261e-06,0.012975672367224467,-6.192037483756527e-06,0.16480947524291076,0.7330879172099087,2.182681431787899,1.1810205634657063,0.502091939013074
143,combined,1,0.5371907280333751,0.32796324326165416,0.00011862644908997835,0.0892316451647017,-6.551068946321474e-06,0.190246788695741,0.7369992210943042,2.0269810821686938,1.1794529331891541,0.5595334773644242
144,combined,1,0.6482244918981747,0.2772679432996786,5.217657365552684e-05,0.0965732421978499,-4.821798241020119e-06,0.0983105229102598,0.7716560592313594,2.002515205889009,1.1519955820038317,0.5525078449923744
145,combined,1,0.7375034832897984,0.1594394940476966,2.6634349840404217e-05,0.10753873629582954,-0.0006519076037560987,0.05774507586124194,0.8608474834283504,1.6960398621080326,1.0857932788283742,0.6586800316297114
146,combined,1,0.13953861667349676,0.7543180220193922,2.9959660424637015e-05,0.03691134301013138,-2.824913505170189e-05,0.9725099564308602,0.5694505417762145,2.1363425071869595,1.5864719111683812,0.44397315711894325
147,combined,1,0.25524247085747903,0.6248084576156357,6.698225661820895e-05,0.03838938218322131,-3.7369418426582523e-06,0.4177865854853838,0.6120732885462654,2.0735130219118876,1.4327708128573502,0.4881318224679793
148,combined,1,0.42968990071152574,0.33488801552604325,0.00021234140384528903,0.19531696733855794,-1.3735848653992178e-05,0.24875705620569208,0.7371921287451245,1.889810575227347,1.1862191220752376,0.6041418240552057
149,combined,1,0.5765167249253769,0.3649310613645477,2.5761547856440064e-05,0.020907354970593508,-1.6901358896353147e-05,0.13482593091933323,0.7306632106923877,1.8936671372800786,1.2208320141717697,0.5613951928661681
150,combined,1,0.6862731121882603,0.22866006221697724,3.585866629606274e-06,0.007818899352366269,-5.181751521455139e-06,0.11343542163542836,0.7864144661064956,2.2133585373704445,1.1123498337280555,0.5487626987344629
151,combined,1,0.8622342339684752,0.09012094502600419,2.9731184929000373e-05,0.03349638263499268,-5.758274824890724e-06,0.04337993337268152,0.909992138407073,1.8292246572900892,1.0447341629513818,0.6409801488199888
152,combined,1,0.8879588167505786,0.08761371952508983,3.543040678885101e-06,0.013858101567223571,-1.0194038656919646e-05,0.06743694473780641,0.9045342542598145,2.172261781823059,1.0414101837912708,0.5583301282943238
153,combined,1,0.5307079112969463,0.20896137359762143,0.0002683711965147977,0.2807670236497406,-6.41867943557695e-05,0.18242474156445654,0.8125199435586447,1.800951725551427,1.1075030919713498,0.6537711305115017
154,combined,1,0.6497202652883322,0.2896108899839107,1.7688616004338854e-05,0.08904149534002756,-0.00046629299799165827,0.1773492286418787,0.7225456875558373,2.9551433950767856,1.129780198612153,0.41428354342197543
155,combined,1,0.2758930841612396,0.6124334070699886,9.860862625747432e-05,0.04045706141527503,-1.8165152211416535e-06,0.37505268734170666,0.6181818784033816,1.984050899301366,1.4289135077089687,0.5199693354213956
156,combined,1,0.743009361928715,0.19783568204822388,1.3092377259153199e-05,0.019663271479172552,-1.7564431605225016e-05,0.06322433243138978,0.8313145044851986,1.8181274954652247,1.1077357391054754,0.6078451243786894
157,combined,1,0.15426562489448115,0.7181935617016507,4.952177416092914e-05,0.08222684904013688,-2.5873935695760238e-05,0.7190349171906075,0.5805240040881631,2.04238130145221,1.5421800145293896,0.4876188308236058
158,combined,1,0.9262729103841882,0.03744924434416197,1.9592711916740604e-05,0.052152469640228655,-0.0001334341171307668,0.03149577320443926,0.9588375289561683,1.840052739200324,1.0178322939821096,0.6570248153975023
159,combined,1,0.43717571795977683,0.3878037567499147,2.922847833146509e-05,0.029559946499578296,-2.0863769307610456e-06,0.2066805505301105,0.7172899288718414,1.7813107833546755,1.2342339823647392,0.6237169331105632
160,combined,1,0.27840742210030855,0.6422213222819795,1.9598632845179588e-05,0.044159097297233815,-3.01050628440133e-06,0.4723364273990788,0.5967961865214207,2.3726148003282144,1.4137401344597789,0.4042833095706179
161,combined,1,0.557759111806827,0.3926037470025726,1.8003065254965396e-05,0.022212454181025795,-6.255972031195315e-05,0.17577160864203986,0.6991670472656397,2.240879263708653,1.2197317048037304,0.480367802894478
162,combined,1,0.5093371929009683,0.4247785376640353,1.5360298797586776e-05,0.0111399538419866,-1.779999664966682e-06,0.2590983770442344,0.6808302578205943,2.2930079417993516,1.2367448820736933,0.47195935662464855
163,combined,1,0.514026177361877,0.3747686510090724,8.484750960199816e-06,0.02434128862590525,-1.8598709479091247e-05,0.21847978402236676,0.7033361145896218,2.272423749588313,1.1976426971573844,0.5016526938425122
164,combined,1,0.8844062779429119,0.0808454749540677,1.9828064575588594e-05,0.04021972478221509,-3.0574930165649625e-05,0.04873608619209237,0.9154447612453136,1.9808528247908281,1.0391538521237464,0.5998274548336333
165,combined,1,0.3374321356329088,0.11652420846848173,0.000524312962135976,0.6026522226484727,-0.00010702588556125907,0.10424616199207322,0.87306740948599,1.6897042454626747,1.0526314553260172,0.67458888516826
166,combined,1,0.7780680212230713,0.1630743097297848,1.3268634597966831e-05,0.025062736887250484,-3.3136935307890324e-05,0.10314517080287343,0.8371852916570189,2.123623767439226,1.0788969229265133,0.5772805231167255
167,combined,1,0.2580695884228483,0.376858144829429,0.0005865560459476509,0.37751582755419544,-1.556711340514407e-05,0.4365204511752414,0.6921347678773347,1.9592833330067603,1.172943382178506,0.5704711104186161
168,combined,1,0.6522869062130066,0.29611870234768006,1.3042363282877403e-05,0.030227944321568927,-9.931521847315967e-06,0.09897314524962088,0.7534101890606594,2.1661409840924684,1.1585848020024454,0.5121799207441525
169,combined,1,0.7480042582287649,0.18016522286243214,4.766300430964434e-06,0.02885847346293253,-7.65759300512088e-06,0.09150452488582915,0.8375565701973076,1.876568706793756,1.0939569088476613,0.611782477098689
170,combined,1,0.7824750443872314,0.1435661038114963,3.828967532360374e-05,0.0805884553884013,-2.8147963236749315e-05,0.059339551279074504,0.8602038192398007,1.9572887169583026,1.0713851173896798,0.6072495976367768
171,combined,1,0.6077157803489602,0.3046849813081441,4.022564872601881e-05,0.07935741411593428,-9.541172513568953e-05,0.11459504181012696,0.7434176795021217,2.2195809440027197,1.1593787791280283,0.5128075135131043
172,combined,1,0.438604153330016,0.45650345340736936,3.1976584712708265e-05,0.05705945188079665,-1.673169866708625e-05,0.17657631245251051,0.6829919961281257,1.8971663737328155,1.2891728945514322,0.5662277558774055
173,combined,1,0.2364530102215968,0.21145934551316928,0.0010625387565169073,0.6342097394624884,-7.929819433483333e-05,0.31853368773504215,0.7988296127580177,1.7850872916886957,1.1000509612208422,0.6251507283170599
174,combined,1,0.7528252582554457,0.19994509322148077,1.9602987249453e-05,0.027064563406878468,-5.1307382004613016e-05,0.07439078184144383,0.8165414817433854,2.0987625445486673,1.1020100874275907,0.5472630309614064
175,combined,1,0.13660152052124558,0.7704353521476115,6.999308575535822e-06,0.02706798305752255,-5.4865802486909346e-06,1.1686273434685936,0.5615354623656201,2.224583398638588,1.5922605304915372,0.4165788882992266
176,combined,1,0.6041948970576082,0.14414392693597128,0.0002484343673115221,0.2987148334299435,-0.00042946735973789426,0.07894929245039721,0.8646024467838012,1.6764299971605026,1.0732369501770238,0.6937594308870263
177,combined,1,0.4194791228646006,0.4732284722706406,2.336884084434747e-05,0.09051626904542172,-6.484977258469347e-05,0.2751214766877984,0.6672611996223591,2.0904148401937865,1.287249136951924,0.5109205891419564
178,combined,1,0.6114149570171182,0.3214151064304608,3.920944283447882e-05,0.05772818276892829,-2.1820862726176066e-05,0.17645964346559428,0.7088228983839439,2.847429842190829,1.148503897397912,0.41678077843154615
179,combined,1,0.12322872974900655,0.7680775938535573,3.566689598263046e-05,0.06082420431178729,-0.00012278162213167655,1.1550892421190413,0.5648430000841378,2.0229922151722013,1.6149796634768951,0.4940103977792822
180,combined,1,0.43449488695902366,0.4889387578892183,4.6328350145476125e-05,0.07229496630007008,-4.395995967405257e-05,0.21634455083128093,0.6713642234610512,1.8882043286438421,1.322776306878192,0.555749177319039
181,combined,1,0.3909602398286039,0.4647553184041906,9.863054338494234e-05,0.16344703924680412,-1.567974127460216e-05,0.2954364976790954,0.675672057490794,1.948661846642771,1.2883245321758021,0.5489895165657382
182,combined,1,0.4094368995771999,0.4609243631620521,0.00020992727497605462,0.10800326321068618,-7.030866321424632e-06,0.18691828523860468,0.6787279572499035,1.9378847805677974,1.286414731326453,0.5538912448245781
183,combined,1,0.555282916000375,0.33067273088792,1.500942402984255e-05,0.010893364268044386,-4.143969229779818e-06,0.20460768484742545,0.7408466974983575,1.9277473276394133,1.1868915665925253,0.5823685166364809
184,combined,1,0.35770959388840395,0.4899941846440092,2.6096485155933682e-05,0.08131189342820253,-5.655045467599149e-05,0.41197052000219214,0.6556953771587614,2.221199340946717,1.2873319825181884,0.480185986234849
185,combined,1,0.566997653544026,0.36380436588483284,2.8491045795770312e-05,0.029277674251058063,-5.275442989228148e-06,0.2128383883825152,0.696123677857262,2.611092054117467,1.180263159270039,0.4361556903974584
186,combined,1,0.6273879164140187,0.24776443411886892,3.3235465181503e-05,0.020516445297147672,-1.2859247599126416e-05,0.20097480668073842,0.7780716855419562,2.0863579792541547,1.1249867949334402,0.5767965512175754
187,combined,1,0.6256663554463271,0.23503480428557808,0.000205480896083181,0.18890921339928834,-1.7723939070360572e-05,0.10144491890849071,0.7956296794168065,1.991817725379393,1.123720764636846,0.5671969149994738
188,combined,1,0.4976629745248214,0.41319581953396606,3.5389612101498606e-05,0.07822459335864426,-1.0080950378126716e-05,0.22020856121679172,0.6864489964360425,2.2704856689706143,1.2291928625054578,0.47524241642133036
189,combined,1,0.7968872174680642,0.139935479120009,4.920604970856158e-05,0.11951407297870145,-8.957082709675806e-05,0.1024054539609621,0.8537243314904774,2.336593123606362,1.0663851503220074,0.5128323461142535
190,combined,1,0.5338933443352962,0.3989988004966058,1.0706446602054924e-05,0.046001959613314054,-5.6250170423147564e-05,0.2646669971073022,0.6856668771587223,2.461073062413677,1.2099751288530025,0.4466366353073853
191,combined,1,0.5040041166377024,0.4143363232806044,0.0001296381524101024,0.04892104617286719,-1.930033378146427e-06,0.24254547489968348,0.682576609144756,2.3577302254320225,1.2243929286771729,0.46369816846806605
192,combined,1,0.4420787355699323,0.46203673494509445,1.44026094115002e-05,0.020686343830267274,-6.570992891057776e-06,0.18924807944569869,0.6732350795829184,2.061862864016166,1.2804776818486618,0.5207782383078674
193,combined,1,0.7856445118992287,0.17790731234522641,8.908541499262405e-05,0.03420580973661386,-4.5903278642616946e-05,0.11846423285729248,0.8121508215121133,2.589198280231716,1.081922474562451,0.4795306596161095
194,combined,1,0.27478841567540535,0.6279151493021482,7.604412918083289e-05,0.06477152094807222,-4.788804111265304e-05,0.5436507906015214,0.6073982239156839,2.112461513067666,1.4303162138184264,0.481922560650353
195,combined,1,0.33539753130152844,0.544940439343194,5.5863620759822394e-05,0.12149654845934707,-6.767911862050528e-06,0.36136091243957,0.6415837670313532,1.9772683116544785,1.3573332636675666,0.5305816096236529
196,combined,1,0.4574276915684919,0.40201580794999703,0.00025550661673830606,0.1747949163938897,-5.27158989489217e-05,0.28823142829526116,0.6903703410866361,2.2733388261834335,1.2183081789811216,0.47932475615512604
197,combined,1,0.5054393536725706,0.42857617509255835,1.5596162936011716e-05,0.03509765407258737,-1.22440852166445e-05,0.1987907080014152,0.6782504069472731,2.3187368109512634,1.2386106895709468,0.46374543708296634
198,combined,1,0.687981727482182,0.22811084155036265,2.5004735385109713e-05,0.054388784149878765,-1.5922858830696075e-05,0.10580368541925439,0.801006561387825,1.95021186956923,1.1202539369940991,0.5891930559446501
199,combined,1,0.7211513115766328,0.20916445275758475,5.210841003685011e-05,0.0225279349102108,-5.657733838450464e-06,0.09124488815949987,0.8143176542907139,1.918310218879945,1.109295245823042,0.6030048988608774
200,combined,1,0.6529768949753963,0.29168452991724186,3.7708726228578046e-05,0.06932350657818166,-3.183150259256782e-05,0.14880761928579989,0.7337489139840372,2.6389093010195097,1.1394126074881086,0.4470207162276291
201,combined,1,0.38304001684288896,0.5178930811135255,3.0023638115328156e-05,0.056271643318446064,-9.483751065128634e-06,0.287370777106442,0.6533797353354949,1.9843651278647771,1.3352091312821643,0.5309426930083757
202,combined,1,0.7266458996530533,0.12068989404640339,8.798468529688101e-05,0.192101580835714,-0.0004607261927208827,0.07319935977171566,0.8813305460183146,1.7725390226288578,1.059933771745454,0.6719480041809626
203,combined,1,0.6224456200954586,0.319955429401939,4.275896010824151e-05,0.017894291032290077,-3.514084018142506e-05,0.1637797416259786,0.7202780406090559,2.5596781883202553,1.1562484706514695,0.45722717698409787
204,combined,1,0.6557477527058542,0.2670481810591882,0.0001271980350048812,0.04455354768122323,-2.977839315058359e-06,0.11910358194267785,0.7652401585913554,2.187864902537823,1.1362297500967096,0.5354586950774542
205,combined,1,0.4146622797069378,0.48965376976595215,3.1234943322930084e-05,0.016240245118733877,-1.4779676996199651e-06,0.2986350094013509,0.6616797505132264,2.0591268709572623,1.3040099215388032,0.5170492637861237
206,combined,1,0.8147240145883475,0.13064067021099224,1.1258643150773056e-05,0.013740094193606844,-2.646315950227482e-06,0.0362036207180215,0.8797420606215419,1.7544675609695206,1.0678827595779408,0.6491479461307151
207,combined,1,0.515828632213063,0.41094228214504985,2.2181799219793956e-05,0.019983129814952184,-5.898019283165982e-05,0.21202913288753206,0.6987341919806587,2.0358705907984627,1.2442809486166373,0.528286664257148
208,combined,1,0.7692558380832886,0.17195190302287375,7.63452613107181e-06,0.023396970679591164,-4.659952980040873e-06,0.09593986678497739,0.8340734773468915,2.046148160711571,1.0850600322496635,0.5876226027531589
209,combined,1,0.7503311913235982,0.12634888077544937,4.163160205519587e-05,0.16363712540498296,-3.102805288716549e-05,0.11133894390988819,0.8696080533688582,2.008485385821916,1.0606568620908934,0.6135539469198035
210,combined,1,0.5577334691733647,0.3641520864047664,5.23687849493975e-05,0.036902558969011706,-3.7470054559104277e-06,0.21044405629075735,0.6947393446208229,2.638004741984409,1.1783932602338358,0.43558187871443177
211,combined,1,0.26752222433190526,0.6257124607891565,3.789311189602358e-05,0.03766060063545547,-3.073977968913208e-05,0.49425131304083997,0.6071341349851143,2.2140282039835815,1.4162062997234897,0.44832393362225886
212,combined,1,0.688092355894596,0.26582082948692454,4.887425056442331e-06,0.012844684059499449,-6.180000560758153e-06,0.09796137515391093,0.7829761161232217,1.9587288553051039,1.1479306986127968,0.5542504176032508
213,combined,1,0.3801854525572238,0.5019428837884812,0.00017285389220226158,0.07703343206907817,-4.860101622042393e-05,0.32794034173877673,0.6531293114948884,2.1490286045854976,1.3032155289866416,0.4908757200716563
214,combined,1,0.8859360348173149,0.06648678267851127,7.277338459678182e-05,0.03371945688309306,-4.1927817230988595e-06,0.026447762999955233,0.9358856190829804,1.6116672142806967,1.0338121076782156,0.7079606704218392
215,combined,1,0.4581030441292914,0.43504591829908984,2.6848212252394867e-05,0.017215610038294096,-2.1533874166776248e-06,0.27054988566843075,0.6733308640359337,2.3635616517272506,1.2357160557269598,0.4637470919846883
216,combined,1,0.8895656088704652,0.05061838922030209,0.00012202788464403252,0.10169412984122733,-9.531438481014007e-05,0.02616167178562899,0.9485232417645519,1.6512540040162018,1.0250200901847564,0.7069166803739098
217,combined,1,0.27938009149663007,0.5690559881154852,5.75136724157864e-05,0.1211808594799256,-8.027847852829626e-05,0.3917144805945463,0.6348774991174913,1.9164955416506257,1.3883095280424085,0.5517646625021586
218,combined,1,0.8569880017872747,0.07838037176929197,2.184867269344991e-05,0.11266154136323131,-6.499764802503278e-05,0.05005922286569471,0.921815012302366,1.8099741713611015,1.0390150065385568,0.6410084164984277
219,combined,1,0.22869788133519786,0.6145582927041292,2.9773780508520727e-05,0.08005871273127195,-4.950545455404083e-05,0.5116036563366523,0.6166616765655968,2.0241357737079633,1.4262910736710441,0.5063410857254186
220,combined,1,0.1983744415183082,0.7069450639542328,1.1852890603777217e-05,0.0490684268794509,-3.243352282539875e-05,0.43685342825566753,0.5855370034208599,1.987755603802239,1.5386320340360433,0.5090560120908264
221,combined,1,0.8222728316668233,0.1021654957993564,6.02141757802704e-05,0.06573840012579853,-1.029217856482491e-05,0.05229520054144362,0.9027133771994155,1.7281184137102839,1.0521299521211906,0.6647599251519304
222,combined,1,0.3624210149028872,0.47144546253481884,2.181348529663658e-05,0.03272144081657561,-5.279563680530552e-05,0.29625064266669593,0.6781213745087867,1.8272986725933205,1.3032174157241956,0.594312379493747
223,combined,1,0.14615852874094482,0.7704923299798339,2.944523309551537e-06,0.01919361310410435,-1.665148385905004e-05,1.2271569341563828,0.5625773318555428,2.1290869641225303,1.604762421832937,0.4525953103623053
224,combined,1,0.8076900418874722,0.11195372021067035,0.0001370970071223665,0.09912102279806943,-7.740925973402439e-05,0.10705832293955798,0.8822233597292962,2.039822696670565,1.0534591257616703,0.603795401368398
225,combined,1,0.8597894320935601,0.09589904759583741,6.670899940362288e-06,0.044185216143828324,-3.989303168085093e-05,0.07595538523477037,0.8918688540307116,2.2300323207458326,1.0443037181078516,0.5692079942397281
226,combined,1,0.6817979254839717,0.1947513615188418,0.0001933584930458315,0.10977198884381689,-3.273016132908966e-05,0.13172746569937868,0.8078221198569155,2.2245226649215373,1.0929403459564924,0.5587188641893798
227,combined,1,0.7442797907932303,0.18359290443497805,1.7984819300749178e-05,0.06610036796863394,-2.5685453195697152e-05,0.08630961279784786,0.8317146025297494,1.958432734723169,1.094301396658112,0.5914919543510541
228,combined,1,0.08148553018513889,0.7013629951578835,4.220819530265869e-05,0.16706120551993153,-3.754258229650265e-05,1.8918901086092068,0.584999186701265,1.9184871423925036,1.5136801363578214,0.5470443314799911
229,combined,1,0.6214221203301802,0.17890318146628312,7.454075892074321e-05,0.20591169455724917,-4.2903447260061383e-05,0.07895660074512206,0.8433601009380883,1.6226060590294096,1.0953932724607605,0.7024341303249617
230,combined,1,0.6038095517035336,0.35106134346863377,1.3039243335173585e-05,0.02409228702618858,-5.415419306402582e-05,0.1600486114948769,0.7241206565405608,2.166312326680388,1.1956983534441827,0.49894234517966185
231,combined,1,0.29424601491306346,0.5993198731032852,2.2728991550918964e-05,0.0727526736784884,-1.219869354136866e-05,0.4409051386069202,0.6216518565593541,1.9708459274836598,1.4157144124717058,0.5304365539897957
232,combined,1,0.2953819787341142,0.5902385175377276,4.648128653578619e-05,0.08151725350497147,-1.8601571966161476e-05,0.42058533690802313,0.6246752226470805,1.9854191449250111,1.4028572157779604,0.5245554355914769
233,combined,1,0.4382850552958044,0.4354913086391168,2.546083539071828e-05,0.11478589952936749,-0.0007078280388280005,0.3770000613518251,0.6704195719609671,2.4061576845683956,1.2339790865181783,0.45044383547116346
234,combined,1,0.5580104775000093,0.3370709663204932,1.177015980916126e-05,0.06425747306130154,-8.511921239384559e-05,0.26625450642350806,0.7197428337751026,2.3265415040383637,1.1724373494080673,0.497895316502252
235,combined,1,0.14997894993496366,0.7652136897645218,1.047374448877241e-05,0.013919679860700905,-4.25817261620698e-06,0.9148178788125411,0.5626547828450399,2.3204054335368296,1.5708559000875404,0.38245847509882186
236,combined,1,0.7715061408133542,0.17953484354775673,9.961446344657666e-06,0.01342069841733027,-1.3515627108680795e-05,0.0685068176037475,0.8399172211184851,1.899300342367196,1.0945366454894032,0.5924470306142373
237,combined,1,0.7569945811335038,0.18403663249946456,1.4789567969829044e-05,0.041205446359296356,-5.369225051169768e-06,0.11737682079147656,0.8077077213223285,2.5083826239914226,1.0847996124310968,0.5044373431422363
238,combined,1,0.8112600995293445,0.10095001440264201,5.0574260796552655e-05,0.07008345439156316,-0.00021914163773050378,0.05805083393734671,0.9018614649599132,1.6887083773583473,1.0508290237223588,0.6937080553795397
239,combined,1,0.4150815182971455,0.4720137333415437,9.968572553014884e-05,0.07824130554759069,-0.00010131334880111241,0.24061829623781714,0.6739908754964804,1.9358763168289872,1.2986584291172458,0.5538506830109603
240,combined,1,0.6750984440920498,0.26863682421213325,5.353544044352362e-06,0.010929235099716208,-1.3489070693806206e-05,0.10060734293905282,0.7754643316892003,2.0260706744258195,1.145432685200511,0.5500538689811212
241,combined,1,0.6653869374090906,0.2844355483849101,4.359023465790125e-06,0.02453759541157757,-1.4413383678273554e-05,0.11525990847625074,0.7595272352352083,2.18172385257029,1.1507476510059218,0.5109235618747584
242,combined,1,0.55474098509912,0.3711299273642234,2.4136709134916374e-05,0.037784889421700094,-3.551649678415284e-06,0.14732761747257714,0.7164648145301801,2.06788220613554,1.212205886780466,0.5273410382266718
243,combined,1,0.9448457354077799,0.036238988925021545,3.2548388681683886e-06,0.009711569348477708,-5.77771771015081e-06,0.02719677281844461,0.9617712881182666,1.7930067459516612,1.0176089746884758,0.6547654256069753
244,combined,1,0.9087043455450313,0.04919208079563967,8.092720238651392e-06,0.03253200948847958,-1.3795166851224437e-05,0.035933871931994266,0.948107405503538,1.6836950657222596,1.023855103943417,0.7089498890776673
245,combined,1,0.29198294648514656,0.35204106132120033,0.0003128679434577457,0.37435537243480166,-1.359094239312021e-05,0.41030545036789245,0.6973955432986275,2.128934113837854,1.1517025572703758,0.5224212925282333
246,combined,1,0.5140510697326264,0.3682364530381823,0.00010855770200171479,0.04447493149094744,-0.00010829042089363363,0.1560015270277357,0.729414571533115,1.7783405126824334,1.2231096906440355,0.61660647828633
247,combined,1,0.19097135266514884,0.09870437143565283,0.0003332177517852606,0.7636965566730377,-4.2023682070630154e-05,0.24791545552922595,0.8508566700828175,2.271873421683262,1.0363219691789185,0.5205702984658769
248,combined,1,0.6823531390696369,0.242995744549259,1.4029089876360163e-05,0.04370455669093693,-1.3721768810287164e-05,0.12420482671243854,0.7921765314792594,1.9653692147558899,1.1298395010569189,0.5768373772465345
249,combined,1,0.36715554145248097,0.5572225774429885,3.6800368697968315e-05,0.03283061275253611,-3.1935065049962436e-06,0.33675547590905675,0.6189375717206063,2.58077296133802,1.3144674727992527,0.3850546944000887
250,combined,1,0.846330122099064,0.1015362704629867,1.099506874306865e-05,0.007212054671081812,-7.665187261144803e-06,0.036249654864008725,0.9050183625886724,1.691618349765681,1.052424696569384,0.6717301549760698
251,combined,1,0.6182549006078318,0.28037749039992177,0.00011124995924294325,0.09839656271304958,-0.0003508117045439369,0.11953047737244431,0.7745004085562645,1.8799752673004289,1.157585631930465,0.5865197552590813
252,combined,1,0.4873819728918701,0.35087527508989036,1.0433182504088397e-05,0.032753333939412085,-3.4900809488399854e-06,0.2455527172549346,0.7230259162632013,2.060011953276912,1.1900882399125536,0.5578697617615139
253,combined,1,0.39882043877937823,0.41228656119733814,4.311097107785041e-05,0.08830401146475066,-0.00015519966667691464,0.28532165748938443,0.7076680927244705,1.7221484592119598,1.257884185303115,0.6394559408561291
254,combined,1,0.191360934089194,0.7177719292341452,7.350762990527991e-06,0.03610041357971826,-2.364258133885507e-05,0.5800832976319842,0.580660572784034,2.0518301989748147,1.5455063945278262,0.48523556325857264
255,combined,1,0.3173279262246639,0.5022684326588505,7.556993487742272e-05,0.16429143454701725,-0.00034002111871880646,0.29818508866065335,0.6638390078692277,1.8361800434065951,1.3285453435133774,0.585537917318026
256,combined,1,0.227585821347752,0.6846842856197602,3.892546841856384e-05,0.040376036074645946,-8.98967289601999e-06,0.6217460451520751,0.5894337036612212,2.107405420217903,1.4936155343109732,0.47116094333873915
257,combined,1,0.21481197162846,0.6242910749356471,0.0005532481643840818,0.20294932980132924,-0.00013260619301103395,0.5866743407302866,0.6080330565789202,2.0803618036592484,1.4178529164472238,0.48630355301046985
258,combined,1,0.43321925939443895,0.2230481609768425,0.0008377735347306735,0.4126635254969138,-0.00016110454162938137,0.21721412771542908,0.7906760576185476,2.0144292400848443,1.1074518008068852,0.5755644438160032
259,combined,1,0.12492010092754538,0.7850591874992109,3.063850595573982e-06,0.013782585379557124,-5.131736657001218e-07,0.8983148700631662,0.5605345042698351,2.1098490318317156,1.6340204542902934,0.45060501034078865
260,combined,1,0.39103853945137973,0.5383092930375096,1.1891266671076685e-05,0.044407302145884495,-4.8975620110030665e-05,0.24244395668186466,0.6494089966370504,1.9098344881581053,1.3664767006278054,0.5478891129455956
261,combined,1,0.881773646714475,0.06961252445617323,8.952016075365046e-05,0.06039184472178119,-1.6592739424885653e-05,0.05737565728196887,0.9268258471540054,1.8849508155193864,1.0336972488543985,0.634390416064958
262,combined,1,0.4184989387322859,0.5030243472431045,1.6091585862310687e-05,0.02639948296064446,-5.193825475930155e-05,0.3253751768212581,0.6461429842741714,2.3595608126550704,1.2891472633020884,0.4428452911751544
263,combined,1,0.8199618872392687,0.11950921670715883,2.2593865463455468e-05,0.08984139110203147,-6.895748283075378e-05,0.04958287105333691,0.8795317025013538,2.0075606899627725,1.0585245842974595,0.5928039501671752
264,combined,1,0.2468476509885187,0.6368579419525664,2.4782452267351094e-05,0.07310801281428521,-5.151425079103585e-05,0.7258019535312411,0.5990298267441398,2.344639698291317,1.4112779494969765,0.41339290681732516
265,combined,1,0.329493671486697,0.5642120731697089,4.0856547848495386e-05,0.08840382756927824,-1.6313988828604865e-05,0.3204380065232014,0.62368758287117,2.3144364199230822,1.3421222112606925,0.43620366177033437
266,combined,1,0.40544654390238416,0.4734641330773374,0.0001790608410864914,0.11275459634235487,-8.178759119302206e-05,0.26397245954264326,0.6649293482713908,2.1447470074332595,1.2812314103582974,0.49627083388310994
267,combined,1,0.5493405928584072,0.3740340820706705,5.1048588992814966e-05,0.04491791873333296,-8.663838423093297e-06,0.25039220937491685,0.6976901098292554,2.4442085974312944,1.1934219827939305,0.4595811107455817
268,combined,1,0.10541988944015167,0.759775563440317,5.5570230545574166e-05,0.04331280006948413,-0.00011858829462312072,1.1942211572781605,0.569404546835204,1.9699219683737283,1.6132849685312527,0.5115575646428897
269,combined,1,0.2508385728035026,0.5813905236176613,0.00010737598728096894,0.08220199647297903,-5.2194092746971114e-06,0.6570581294840578,0.6266432968625021,2.117176556708583,1.3798336988468085,0.48070668833799884
270,combined,1,0.2522423513956813,0.5083826529223437,0.0001490555326361676,0.15207864084509104,-0.00013229062643232788,0.5051298074603753,0.6622786106220683,1.8209447278888256,1.333901596201605,0.5924274814471938
271,combined,1,0.31168040720990375,0.44141873841628937,0.00027723777014332645,0.27341422704394813,-0.00014041353728869125,0.3429093400295481,0.6752747338886321,2.1237215484542644,1.2424326138312,0.5038243774898501
272,combined,1,0.4232132963762846,0.5074308427255424,3.6500583268163077e-05,0.013083419207507803,-5.950766449981657e-06,0.37273987668559927,0.647206719126949,2.271619436194093,1.301892068682458,0.4588723383643989
273,combined,1,0.9102173513293962,0.06254797605430465,3.229296242008576e-05,0.02878119346886467,-3.5989044627366314e-05,0.04006074232785139,0.934432094704681,1.9052809490335818,1.0303711368908361,0.6197006934405819
274,combined,1,0.8222089930828119,0.12258975495220586,5.7282756983821856e-05,0.03663217595545509,-2.035392420045094e-05,0.036291705929575716,0.8893253671140637,1.7160074602924618,1.064675156658199,0.6504429675375628
275,combined,1,0.8584381364503043,0.07439436041515238,0.00022933827119981162,0.09272408593620284,-0.0001321902535335975,0.05957990010867678,0.9227679545045067,1.8169132005211681,1.036215464859266,0.6586172387429927
276,combined,1,0.08110407113871017,0.7776130138260463,5.058572151399332e-05,0.1082315785492664,-0.0001065938637315156,1.8739722254226454,0.5605225004581719,1.9834867924547486,1.606389679914577,0.5137256269107272
277,combined,1,0.6177598576068307,0.1150933976340985,0.0007875314362320895,0.35447905369175997,-0.00017716083157061425,0.07645006611649832,0.8896084362443785,1.6591450970042976,1.058130335639802,0.697565660045383
278,combined,1,0.132507008185325,0.5496905937540238,0.00048546376856729195,0.3412226717295006,-0.0003760412562418361,0.9181718614207396,0.6388790933726276,1.9613310638681019,1.3490840466313079,0.5256909721084562
279,combined,1,0.5332928594251554,0.40872002582521105,6.974554163051835e-06,0.022737549200652976,-1.1454078975321592e-05,0.16054635476121162,0.688894746189592,2.2845525479850934,1.227201955664906,0.47333741078927777
280,combined,1,0.08025885427728537,0.79641896128045,8.285042332742976e-06,0.034984268200721313,-5.179810519188187e-05,1.5905173733691138,0.5580832282135737,1.995453414137822,1.6656231314911605,0.49754825492215066
281,combined,1,0.8551709854533711,0.1159539732486689,1.344072027515599e-05,0.02633742334451263,-7.911715532255767e-06,0.06049522938733869,0.8811960803294155,2.1493969557474193,1.0563112414889857,0.5454608387091731
282,combined,1,0.7594403626022759,0.19462529876665927,1.1012876048314051e-05,0.014893969573473989,-1.4173515410822709e-06,0.05907980275059578,0.8281697525817562,1.9510561814563647,1.102899155571334,0.5723037165692905
283,combined,1,0.10190878353532717,0.6924367965298635,0.00012057311704518017,0.21580411762872487,-0.000320494875499327,0.9855680059928792,0.5905849729862883,1.957294949687778,1.520314423276876,0.5194798145869074
284,combined,1,0.6991751230960149,0.25852274510851764,5.776228013392934e-06,0.007286642352896917,-5.854906162252984e-06,0.11278064404375367,0.7758346986701015,2.1768818649030885,1.1353169897073745,0.5145162515911996
285,combined,1,0.33938247805705835,0.394332100562931,0.0003463226395883966,0.2980455506566806,-1.0940802836070456e-05,0.3691622803873378,0.700916512808212,1.9798345373483481,1.2196136841402383,0.5575366441248044
286,combined,1,0.7144905072554655,0.20925349943635385,9.096538421243069e-05,0.06923903218910078,-0.00012776335038857455,0.09622539918689091,0.8149035859522521,1.9495607110615474,1.1098220498110365,0.5861250938679196
287,combined,1,0.8431807308219328,0.11853433103152772,6.1528897006898816e-06,0.028596543092585927,-2.7804156146423957e-05,0.04601158794103215,0.8818787039868998,2.0113272975952277,1.058529411274508,0.5824631086724449
288,combined,1,0.5759473337053748,0.30941573881536144,0.00016871815949231136,0.11785437145116594,-4.3803566161418495e-05,0.16218761635251971,0.7316145050700203,2.3996468957606676,1.154272070994077,0.47861243690152533
289,combined,1,0.7021016470796525,0.15410229329783207,0.00024015709720349456,0.22737555454381758,-0.0004992420544830539,0.07008214396164511,0.852435133356013,1.9375510817073949,1.0771523347174994,0.6079610795666571
290,combined,1,0.8945823161811254,0.05760995203971872,6.709607742190936e-05,0.03738296794001809,-3.470067742202257e-05,0.0341378256402656,0.9406779539162285,1.6780917905015638,1.0282587055763464,0.7044778894131086
291,combined,1,0.5515448351490982,0.35503711262687654,1.503497935694953e-05,0.026039745228105954,-5.7701320028413264e-05,0.13850059952763935,0.738418381589161,1.7827656512649728,1.216283161746985,0.6070391653266107
292,combined,1,0.21556612292406502,0.5803677253571143,6.219415418986577e-05,0.22637490759166845,-0.0004084527878879158,0.6740693858172309,0.6221719477827975,2.0058835553800423,1.3661653900360429,0.5235149490144715
293,combined,1,0.4032045580138151,0.4857039221849466,1.1206758449324342e-05,0.03475062378918039,-2.1235661145316655e-05,0.25356266265195027,0.6647649293961204,2.0405271396642415,1.299917846806017,0.5232641068466803
294,combined,1,0.6356514584055379,0.27979246157103965,5.6433301650015716e-05,0.09801582751269582,-0.0005360605031569516,0.10092184431061195,0.7770733508056269,1.8798051262488382,1.1590481677008537,0.5775524943324132
295,combined,1,0.06444557921053967,0.7512641361850657,1.967188489183779e-05,0.12079074183810028,-0.00014178406341296162,1.8087255287243496,0.5716596250495574,2.027218879344707,1.597176612934506,0.48457118655072656
296,combined,1,0.8479527596971496,0.12277378131007805,2.0498463643757843e-05,0.011726618223571903,-2.2745136186716912e-05,0.04668089809027471,0.8762045660511903,2.108119064247496,1.0600996761604753,0.5553528018332584
297,combined,1,0.7128882568710515,0.18239347506406176,0.00013575568107515576,0.06548469277108825,-1.0736297047545566e-05,0.060836322341836654,0.8420908360466856,1.6977544041022539,1.0982835192423592,0.6655828166443967
298,combined,1,0.14605954668019525,0.5763306341900799,3.305629356373231e-05,0.12943376533157974,-5.6760246234574694e-05,0.9139553329803333,0.6360540221174606,1.9039773518902836,1.397598123176706,0.5455575501966458
299,combined,1,0.41439857913575134,0.4160388080776834,0.000474638172203817,0.13064484680211633,-4.975001972945402e-05,0.2562412224679909,0.6949511323382388,1.973557278570797,1.2429480021893164,0.5570657477690727
